EXPLAIN
TAG	PWR800_CV
TITLE	LABEL	Test_Gamry_CV	Test &Identifier
DATE	LABEL	4/9/2026	Date
TIME	LABEL	11:39:40	Time
NOTES	NOTES	1	&Notes...
	
PSTAT	PSTAT	REF600	Potentiostat
WORKING	SELECTOR	0	&Working Connection
VINIT	POTEN	0.00000E+000	T	Initial &E (V)
VLIMIT1	POTEN	3.00000E+000	F	Scan Limit &1 (V)
VLIMIT2	POTEN	0.00000E+000	F	Scan Limit &2 (V)
VFINAL	POTEN	0.00000E+000	T	Final &E (V)
SCANRATE	QUANT	9.99998E+000	&Scan Rate (mV/s)
STEPSIZE	QUANT	1.00000E+000	St&ep Size (mV)
CYCLES	IQUANT	1	C&ycles (#)
IMODE	SELECTOR	1	I/E Range &Mode
IRANGE	QUANT	3.00000E+002	&Max Current (mA)
IRCOMP	TOGGLE	F	IR Measure
SEQUENCER	TOGGLE	TRUE	Run as Sequence
DELAY	TWOPARAM	T	1.00000E+001	0.00000E+000	Init. De&lay	Time(s)	Stab.(mV/s)
OCVCURVE	TABLE	39
	Pt	T	Vf	Vm	Ach	Over
	#	s	V vs. Ref.	V	V	bits
	0	0.258333	4.81000E-003	4.81000E-003	3.94815E-004	...........
	1	0.516667	4.81026E-003	4.82334E-003	3.95915E-004	...........
	2	0.775	4.81178E-003	4.83382E-003	3.98348E-004	...........
	3	1.03333	4.81597E-003	4.84470E-003	3.98581E-004	...........
	4	1.29167	4.82320E-003	4.85170E-003	3.99081E-004	...........
	5	1.55	4.83241E-003	4.86357E-003	3.95115E-004	...........
	6	1.80833	4.84236E-003	4.87605E-003	3.93515E-004	...........
	7	2.06667	4.85269E-003	4.88824E-003	3.90648E-004	...........
	8	2.325	4.86366E-003	4.90336E-003	3.93748E-004	...........
	9	2.58333	4.87558E-003	4.91819E-003	3.92881E-004	...........
	10	2.84167	4.88831E-003	4.92005E-003	3.94781E-004	...........
	11	3.1	4.90089E-003	4.93302E-003	3.94948E-004	...........
	12	3.35833	4.91225E-003	4.94198E-003	3.92248E-004	...........
	13	3.61667	4.92243E-003	4.95588E-003	3.95848E-004	...........
	14	3.875	4.93247E-003	4.96900E-003	3.90748E-004	...........
	15	4.13333	4.94319E-003	4.97629E-003	3.91148E-004	...........
	16	4.39167	4.95441E-003	4.98429E-003	3.90715E-004	...........
	17	4.65	4.96530E-003	4.99624E-003	3.95215E-004	...........
	18	4.90833	4.97547E-003	5.00736E-003	3.89615E-004	...........
	19	5.16667	4.98549E-003	5.02220E-003	3.96981E-004	...........
	20	5.425	4.99613E-003	5.03134E-003	3.90648E-004	...........
	21	5.68333	5.00754E-003	5.04304E-003	3.93281E-004	...........
	22	5.94167	5.01916E-003	5.04995E-003	3.91648E-004	...........
	23	6.2	5.03024E-003	5.05867E-003	3.97315E-004	...........
	24	6.45833	5.04047E-003	5.07361E-003	4.01081E-004	...........
	25	6.71667	5.05035E-003	5.08538E-003	3.95548E-004	...........
	26	6.975	5.06078E-003	5.09626E-003	3.92781E-004	...........
	27	7.23333	5.07202E-003	5.10703E-003	3.97748E-004	...........
	28	7.49167	5.08357E-003	5.11658E-003	3.98248E-004	...........
	29	7.75	5.09491E-003	5.12941E-003	3.97515E-004	...........
	30	8.00833	5.10591E-003	5.13868E-003	3.98281E-004	...........
	31	8.26667	5.11677E-003	5.15004E-003	3.94348E-004	...........
	32	8.525	5.12760E-003	5.16231E-003	3.98781E-004	...........
	33	8.78333	5.13846E-003	5.16919E-003	3.94181E-004	...........
	34	9.04167	5.14907E-003	5.17359E-003	3.96915E-004	...........
	35	9.3	5.15882E-003	5.18591E-003	3.94715E-004	...........
	36	9.5583	5.16760E-003	5.19584E-003	3.96681E-004	...........
	37	9.8167	5.17619E-003	5.20691E-003	3.95381E-004	...........
	38	10.075	5.18551E-003	5.22318E-003	3.96915E-004	...........
EOC	QUANT	0.0051855	Open Circuit (V)
PSTATMODEL	IQUANT	4	Pstat Model
PSTATSECTION	LABEL	REF600	Pstat Section
PSTATSERIALNO	LABEL	00000	Pstat Serial Number
CTRLMODE	IQUANT	1	Control Mode
IESTAB	IQUANT	2	I/E Stability
CASPEED	IQUANT	2	Control Amp Speed
CONVENTION	IQUANT	1	Current Convention
ICHRANGE	IQUANT	2	Ich Range
ICHRANGEMODE	TOGGLE	F	Ich Auto Range
ICHOFFSETENABLE	TOGGLE	F	Ich Offset Enable
ICHOFFSET	QUANT	0	Ich Offset (V)
ICHFILTER	IQUANT	2	Ich Filter
VCHRANGE	IQUANT	2	Vch Range
VCHRANGEMODE	TOGGLE	F	Vch Auto Range
VCHOFFSETENABLE	TOGGLE	F	Vch Offset Enable
VCHOFFSET	QUANT	0	Vch Offset (V)
VCHFILTER	IQUANT	2	Vch Filter
ACHRANGE	IQUANT	2	Ach Range
ACHOFFSETENABLE	TOGGLE	F	Ach Offset Enable
ACHOFFSET	QUANT	0	Ach Offset (V)
ACHFILTER	IQUANT	1	Ach Filter
IERANGELOWERLIMIT	IQUANT	1	I/E Range Lower Limit
IERANGEMODE	TOGGLE	F	I/E AutoRange
IERANGE	IQUANT	11	I/E Range
POSFEEDENABLE	TOGGLE	F	Positive Feedback IR Comp
POSFEEDRESISTANCE	QUANT	0	Positive Feedback Resistance (ohm)
ACHSELECT	IQUANT	0	Ach Select
CABLEID	IQUANT	12	Cable ID
DCCALDATE	LABEL	12/4/2020	DC Calibration Date
ACCALDATE	LABEL	12/4/2020	AC Calibration Date
THERMOSELECT	IQUANT	1	Thermo Select
FRAMEWORKVERSION	QUANT	6.32	Framework Version
INSTRUMENTVERSION	LABEL	3.50	Instrument Version
CURVE1	TABLE
	Pt	T	Vf	Im	Vu	Sig	Ach	IERange	Over
	#	s	V vs. Ref.	A	V	V	V	#	bits
	0	0.1	6.58348E-003	3.50183E-002	0.00000E+000	5.20015E-003	-2.14835E-004	11	...........
	1	0.2	7.52824E-003	5.65917E-002	0.00000E+000	6.20019E-003	-2.12768E-004	11	...........
	2	0.3	8.48863E-003	7.43629E-002	0.00000E+000	7.20012E-003	-2.16085E-004	11	...........
	3	0.4	9.45558E-003	8.96302E-002	0.00000E+000	8.20017E-003	-2.26570E-004	11	...........
	4	0.5	1.04434E-002	1.02726E-001	0.00000E+000	9.20022E-003	-2.04384E-004	11	...........
	5	0.6	1.14164E-002	1.14114E-001	0.00000E+000	1.02001E-002	-2.18919E-004	11	...........
	6	0.7	1.23926E-002	1.23838E-001	0.00000E+000	1.12002E-002	-2.07134E-004	11	...........
	7	0.8	1.33414E-002	1.32279E-001	0.00000E+000	1.22001E-002	-2.11668E-004	11	...........
	8	0.9	1.43271E-002	1.39618E-001	0.00000E+000	1.32002E-002	-2.10851E-004	11	...........
	9	1	1.53097E-002	1.46072E-001	0.00000E+000	1.42002E-002	-2.09784E-004	11	...........
	10	1.1	1.63055E-002	1.51588E-001	0.00000E+000	1.52001E-002	-2.11268E-004	11	...........
	11	1.2	1.72896E-002	1.56563E-001	0.00000E+000	1.62002E-002	-2.08768E-004	11	...........
	12	1.3	1.83179E-002	1.60815E-001	0.00000E+000	1.72001E-002	-2.11901E-004	11	...........
	13	1.4	1.92796E-002	1.64529E-001	0.00000E+000	1.82002E-002	-2.02600E-004	11	...........
	14	1.5	2.02771E-002	1.67774E-001	0.00000E+000	1.92002E-002	-2.14335E-004	11	...........
	15	1.6	2.12637E-002	1.70648E-001	0.00000E+000	2.02001E-002	-2.08701E-004	11	...........
	16	1.7	2.22587E-002	1.73097E-001	0.00000E+000	2.12002E-002	-2.07451E-004	11	...........
	17	1.8	2.32596E-002	1.75399E-001	0.00000E+000	2.22001E-002	-2.07651E-004	11	...........
	18	1.9	2.42514E-002	1.77245E-001	0.00000E+000	2.32002E-002	-2.10768E-004	11	...........
	19	2	2.52416E-002	1.79030E-001	0.00000E+000	2.42002E-002	-2.05534E-004	11	...........
	20	2.1	2.62819E-002	1.80453E-001	0.00000E+000	2.52001E-002	-2.13902E-004	11	...........
	21	2.2	2.72761E-002	1.81791E-001	0.00000E+000	2.62002E-002	-2.04067E-004	11	...........
	22	2.3	2.82687E-002	1.82957E-001	0.00000E+000	2.72001E-002	-2.14552E-004	11	...........
	23	2.4	2.92622E-002	1.83976E-001	0.00000E+000	2.82001E-002	-2.10735E-004	11	...........
	24	2.5	3.02610E-002	1.84929E-001	0.00000E+000	2.92002E-002	-2.12435E-004	11	...........
	25	2.6	3.12633E-002	1.85804E-001	0.00000E+000	3.02001E-002	-2.05900E-004	11	...........
	26	2.7	3.22594E-002	1.86456E-001	0.00000E+000	3.12002E-002	-2.11751E-004	11	...........
	27	2.8	3.32551E-002	1.87210E-001	0.00000E+000	3.22001E-002	-2.11818E-004	11	...........
	28	2.9	3.42602E-002	1.87671E-001	0.00000E+000	3.32001E-002	-2.20769E-004	11	...........
	29	3	3.52525E-002	1.88331E-001	0.00000E+000	3.42002E-002	-2.07151E-004	11	...........
	30	3.1	3.62495E-002	1.88840E-001	0.00000E+000	3.52001E-002	-2.20119E-004	11	...........
	31	3.2	3.72482E-002	1.89314E-001	0.00000E+000	3.62002E-002	-2.14385E-004	11	...........
	32	3.3	3.82419E-002	1.89708E-001	0.00000E+000	3.72002E-002	-2.25954E-004	11	...........
	33	3.4	3.92271E-002	1.90031E-001	0.00000E+000	3.82001E-002	-2.03750E-004	11	...........
	34	3.5	4.01940E-002	1.90242E-001	0.00000E+000	3.92002E-002	-2.15952E-004	11	...........
	35	3.6	4.11943E-002	1.90734E-001	0.00000E+000	4.02001E-002	-2.10318E-004	11	...........
	36	3.7	4.22112E-002	1.91030E-001	0.00000E+000	4.12002E-002	-2.16902E-004	11	...........
	37	3.8	4.31930E-002	1.91249E-001	0.00000E+000	4.22002E-002	-2.05234E-004	11	...........
	38	3.9	4.41913E-002	1.91448E-001	0.00000E+000	4.32001E-002	-2.17019E-004	11	...........
	39	4	4.51913E-002	1.91544E-001	0.00000E+000	4.42002E-002	-2.04717E-004	11	...........
	40	4.1	4.61814E-002	1.91773E-001	0.00000E+000	4.52001E-002	-2.13968E-004	11	...........
	41	4.2	4.72048E-002	1.92020E-001	0.00000E+000	4.62002E-002	-2.07201E-004	11	...........
	42	4.3	4.81874E-002	1.92203E-001	0.00000E+000	4.72002E-002	-2.12601E-004	11	...........
	43	4.4	4.91888E-002	1.92431E-001	0.00000E+000	4.82001E-002	-2.08801E-004	11	...........
	44	4.5	5.01849E-002	1.92477E-001	0.00000E+000	4.92002E-002	-2.18836E-004	11	...........
	45	4.6	5.12010E-002	1.92697E-001	0.00000E+000	5.02001E-002	-2.07117E-004	11	...........
	46	4.7	5.22227E-002	1.92704E-001	0.00000E+000	5.12002E-002	-2.20669E-004	11	...........
	47	4.8	5.32212E-002	1.92865E-001	0.00000E+000	5.22002E-002	-2.09284E-004	11	...........
	48	4.9	5.42152E-002	1.92933E-001	0.00000E+000	5.32001E-002	-2.15752E-004	11	...........
	49	5	5.52252E-002	1.92965E-001	0.00000E+000	5.42002E-002	-2.08317E-004	11	...........
	50	5.1	5.62157E-002	1.93134E-001	0.00000E+000	5.52001E-002	-2.15119E-004	11	...........
	51	5.2	5.72121E-002	1.93261E-001	0.00000E+000	5.62001E-002	-2.10568E-004	11	...........
	52	5.3	5.82130E-002	1.93171E-001	0.00000E+000	5.72002E-002	-2.20819E-004	11	...........
	53	5.4	5.92139E-002	1.93312E-001	0.00000E+000	5.82001E-002	-2.09718E-004	11	...........
	54	5.5	6.02085E-002	1.93442E-001	0.00000E+000	5.92002E-002	-2.20253E-004	11	...........
	55	5.6	6.12087E-002	1.93574E-001	0.00000E+000	6.02002E-002	-2.15985E-004	11	...........
	56	5.7	6.21993E-002	1.93622E-001	0.00000E+000	6.12001E-002	-2.24770E-004	11	...........
	57	5.8	6.32099E-002	1.93758E-001	0.00000E+000	6.22002E-002	-2.09551E-004	11	...........
	58	5.9	6.41559E-002	1.93800E-001	0.00000E+000	6.32001E-002	-2.11101E-004	11	...........
	59	6	6.51633E-002	1.93922E-001	0.00000E+000	6.42002E-002	-2.12568E-004	11	...........
	60	6.1	6.61590E-002	1.93977E-001	0.00000E+000	6.52002E-002	-2.16385E-004	11	...........
	61	6.2	6.71521E-002	1.94022E-001	0.00000E+000	6.62001E-002	-2.09018E-004	11	...........
	62	6.3	6.81489E-002	1.94143E-001	0.00000E+000	6.72002E-002	-2.13535E-004	11	...........
	63	6.4	6.91584E-002	1.94290E-001	0.00000E+000	6.82001E-002	-2.11801E-004	11	...........
	64	6.5	7.01410E-002	1.94373E-001	0.00000E+000	6.92002E-002	-2.11951E-004	11	...........
	65	6.6	7.11714E-002	1.94406E-001	0.00000E+000	7.02002E-002	-2.09884E-004	11	...........
	66	6.7	7.21436E-002	1.94430E-001	0.00000E+000	7.12001E-002	-2.12068E-004	11	...........
	67	6.8	7.31487E-002	1.94556E-001	0.00000E+000	7.22002E-002	-2.10018E-004	11	...........
	68	6.9	7.41445E-002	1.94647E-001	0.00000E+000	7.32001E-002	-2.15385E-004	11	...........
	69	7	7.51415E-002	1.94724E-001	0.00000E+000	7.42002E-002	-2.09484E-004	11	...........
	70	7.1	7.61367E-002	1.94721E-001	0.00000E+000	7.52002E-002	-2.15285E-004	11	...........
	71	7.2	7.71628E-002	1.94763E-001	0.00000E+000	7.62001E-002	-2.08668E-004	11	...........
	72	7.3	7.81657E-002	1.94831E-001	0.00000E+000	7.72002E-002	-2.16135E-004	11	...........
	73	7.4	7.91881E-002	1.94958E-001	0.00000E+000	7.82001E-002	-2.07184E-004	11	...........
	74	7.5	8.01662E-002	1.94840E-001	0.00000E+000	7.92001E-002	-2.16102E-004	11	...........
	75	7.6	8.11720E-002	1.95063E-001	0.00000E+000	8.02002E-002	-2.12751E-004	11	...........
	76	7.7	8.21701E-002	1.95118E-001	0.00000E+000	8.12001E-002	-2.22270E-004	11	...........
	77	7.8	8.31740E-002	1.95230E-001	0.00000E+000	8.22002E-002	-2.09251E-004	11	...........
	78	7.9	8.41731E-002	1.95189E-001	0.00000E+000	8.32001E-002	-2.15802E-004	11	...........
	79	8	8.51742E-002	1.95255E-001	0.00000E+000	8.42001E-002	-2.13318E-004	11	...........
	80	8.1	8.61634E-002	1.95359E-001	0.00000E+000	8.52002E-002	-2.20086E-004	11	...........
	81	8.2	8.71767E-002	1.95445E-001	0.00000E+000	8.62001E-002	-2.13902E-004	11	...........
	82	8.3	8.81622E-002	1.95402E-001	0.00000E+000	8.72002E-002	-2.19703E-004	11	...........
	83	8.4	8.91633E-002	1.95650E-001	0.00000E+000	8.82002E-002	-2.18352E-004	11	...........
	84	8.5	9.01291E-002	1.95536E-001	0.00000E+000	8.92001E-002	-2.14518E-004	11	...........
	85	8.6	9.11192E-002	1.95561E-001	0.00000E+000	9.02002E-002	-2.18419E-004	11	...........
	86	8.7	9.21184E-002	1.95573E-001	0.00000E+000	9.12001E-002	-2.11368E-004	11	...........
	87	8.8	9.31210E-002	1.95700E-001	0.00000E+000	9.22002E-002	-2.16269E-004	11	...........
	88	8.9	9.41060E-002	1.95801E-001	0.00000E+000	9.32002E-002	-2.15919E-004	11	...........
	89	9	9.51426E-002	1.95915E-001	0.00000E+000	9.42001E-002	-2.14802E-004	11	...........
	90	9.1	9.61056E-002	1.95749E-001	0.00000E+000	9.52002E-002	-2.11035E-004	11	...........
	91	9.2	9.71192E-002	1.95906E-001	0.00000E+000	9.62001E-002	-2.14952E-004	11	...........
	92	9.3	9.81105E-002	1.95996E-001	0.00000E+000	9.72002E-002	-2.17085E-004	11	...........
	93	9.4	9.91054E-002	1.96084E-001	0.00000E+000	9.82002E-002	-2.11068E-004	11	...........
	94	9.5	1.00111E-001	1.96127E-001	0.00000E+000	9.92001E-002	-2.12101E-004	11	...........
	95	9.6	1.01115E-001	1.96231E-001	0.00000E+000	1.00200E-001	-2.16552E-004	11	...........
	96	9.7	1.02096E-001	1.96209E-001	0.00000E+000	1.01200E-001	-2.14218E-004	11	...........
	97	9.8	1.03144E-001	1.96174E-001	0.00000E+000	1.02200E-001	-2.12368E-004	11	...........
	98	9.9	1.04132E-001	1.96199E-001	0.00000E+000	1.03200E-001	-2.13268E-004	11	...........
	99	10	1.05135E-001	1.96329E-001	0.00000E+000	1.04200E-001	-2.18802E-004	11	...........
	100	10.1	1.06129E-001	1.96295E-001	0.00000E+000	1.05200E-001	-2.21353E-004	11	...........
	101	10.2	1.07131E-001	1.96436E-001	0.00000E+000	1.06200E-001	-2.14902E-004	11	...........
	102	10.3	1.08129E-001	1.96418E-001	0.00000E+000	1.07200E-001	-2.15335E-004	11	...........
	103	10.4	1.09130E-001	1.96410E-001	0.00000E+000	1.08200E-001	-2.14885E-004	11	...........
	104	10.5	1.10120E-001	1.96514E-001	0.00000E+000	1.09200E-001	-2.16602E-004	11	...........
	105	10.6	1.11136E-001	1.96527E-001	0.00000E+000	1.10200E-001	-2.15685E-004	11	...........
	106	10.7	1.12121E-001	1.96600E-001	0.00000E+000	1.11200E-001	-2.14118E-004	11	...........
	107	10.8	1.13126E-001	1.96734E-001	0.00000E+000	1.12200E-001	-2.19469E-004	11	...........
	108	10.9	1.14120E-001	1.96775E-001	0.00000E+000	1.13200E-001	-2.21820E-004	11	...........
	109	11	1.15112E-001	1.96769E-001	0.00000E+000	1.14200E-001	-2.22603E-004	11	...........
	110	11.1	1.16089E-001	1.96777E-001	0.00000E+000	1.15200E-001	-2.12335E-004	11	...........
	111	11.2	1.17080E-001	1.96823E-001	0.00000E+000	1.16200E-001	-2.19686E-004	11	...........
	112	11.3	1.18064E-001	1.96924E-001	0.00000E+000	1.17200E-001	-2.09451E-004	11	...........
	113	11.4	1.19097E-001	1.96984E-001	0.00000E+000	1.18200E-001	-2.18952E-004	11	...........
	114	11.5	1.20063E-001	1.96974E-001	0.00000E+000	1.19200E-001	-2.07434E-004	11	...........
	115	11.6	1.21071E-001	1.97157E-001	0.00000E+000	1.20200E-001	-2.17502E-004	11	...........
	116	11.7	1.22068E-001	1.97128E-001	0.00000E+000	1.21200E-001	-2.08818E-004	11	...........
	117	11.8	1.23067E-001	1.97263E-001	0.00000E+000	1.22200E-001	-2.14052E-004	11	...........
	118	11.9	1.24075E-001	1.97237E-001	0.00000E+000	1.23200E-001	-2.11635E-004	11	...........
	119	12	1.25071E-001	1.97333E-001	0.00000E+000	1.24200E-001	-2.11318E-004	11	...........
	120	12.1	1.26061E-001	1.97381E-001	0.00000E+000	1.25200E-001	-2.10501E-004	11	...........
	121	12.2	1.27078E-001	1.97497E-001	0.00000E+000	1.26200E-001	-2.21803E-004	11	...........
	122	12.3	1.28079E-001	1.97381E-001	0.00000E+000	1.27200E-001	-2.08351E-004	11	...........
	123	12.4	1.29099E-001	1.97488E-001	0.00000E+000	1.28200E-001	-2.16219E-004	11	...........
	124	12.5	1.30088E-001	1.97528E-001	0.00000E+000	1.29200E-001	-2.13385E-004	11	...........
	125	12.6	1.31089E-001	1.97587E-001	0.00000E+000	1.30200E-001	-2.13102E-004	11	...........
	126	12.7	1.32089E-001	1.97573E-001	0.00000E+000	1.31200E-001	-2.13068E-004	11	...........
	127	12.8	1.33089E-001	1.97664E-001	0.00000E+000	1.32200E-001	-2.17869E-004	11	...........
	128	12.9	1.34079E-001	1.97744E-001	0.00000E+000	1.33200E-001	-2.11335E-004	11	...........
	129	13	1.35093E-001	1.97759E-001	0.00000E+000	1.34200E-001	-2.20519E-004	11	...........
	130	13.1	1.36082E-001	1.97711E-001	0.00000E+000	1.35200E-001	-2.08934E-004	11	...........
	131	13.2	1.37083E-001	1.97887E-001	0.00000E+000	1.36200E-001	-2.23353E-004	11	...........
	132	13.3	1.38080E-001	1.97911E-001	0.00000E+000	1.37200E-001	-2.15835E-004	11	...........
	133	13.4	1.39077E-001	1.98015E-001	0.00000E+000	1.38200E-001	-2.25887E-004	11	...........
	134	13.5	1.40083E-001	1.98067E-001	0.00000E+000	1.39200E-001	-2.12335E-004	11	...........
	135	13.6	1.41047E-001	1.98036E-001	0.00000E+000	1.40200E-001	-2.23253E-004	11	...........
	136	13.7	1.42049E-001	1.98191E-001	0.00000E+000	1.41200E-001	-2.14852E-004	11	...........
	137	13.8	1.43054E-001	1.98168E-001	0.00000E+000	1.42200E-001	-2.26370E-004	11	...........
	138	13.9	1.44035E-001	1.98237E-001	0.00000E+000	1.43200E-001	-2.13235E-004	11	...........
	139	14	1.45040E-001	1.98356E-001	0.00000E+000	1.44200E-001	-2.22870E-004	11	...........
	140	14.1	1.46037E-001	1.98379E-001	0.00000E+000	1.45200E-001	-2.15252E-004	11	...........
	141	14.2	1.47027E-001	1.98448E-001	0.00000E+000	1.46200E-001	-2.22553E-004	11	...........
	142	14.3	1.48048E-001	1.98389E-001	0.00000E+000	1.47200E-001	-2.11635E-004	11	...........
	143	14.4	1.49032E-001	1.98463E-001	0.00000E+000	1.48200E-001	-2.22603E-004	11	...........
	144	14.5	1.50026E-001	1.98497E-001	0.00000E+000	1.49200E-001	-2.15319E-004	11	...........
	145	14.6	1.51040E-001	1.98609E-001	0.00000E+000	1.50200E-001	-2.25537E-004	11	...........
	146	14.7	1.52022E-001	1.98535E-001	0.00000E+000	1.51200E-001	-2.14235E-004	11	...........
	147	14.8	1.53029E-001	1.98750E-001	0.00000E+000	1.52200E-001	-2.25587E-004	11	...........
	148	14.9	1.54056E-001	1.98730E-001	0.00000E+000	1.53200E-001	-2.14535E-004	11	...........
	149	15	1.55067E-001	1.98818E-001	0.00000E+000	1.54200E-001	-2.24503E-004	11	...........
	150	15.1	1.56069E-001	1.98745E-001	0.00000E+000	1.55200E-001	-2.15385E-004	11	...........
	151	15.2	1.57059E-001	1.98724E-001	0.00000E+000	1.56200E-001	-2.19569E-004	11	...........
	152	15.3	1.58053E-001	1.98837E-001	0.00000E+000	1.57200E-001	-2.20053E-004	11	...........
	153	15.4	1.59060E-001	1.98871E-001	0.00000E+000	1.58200E-001	-2.27820E-004	11	...........
	154	15.5	1.60052E-001	1.98845E-001	0.00000E+000	1.59200E-001	-2.11601E-004	11	...........
	155	15.6	1.61056E-001	1.98977E-001	0.00000E+000	1.60200E-001	-2.26754E-004	11	...........
	156	15.7	1.62051E-001	1.98951E-001	0.00000E+000	1.61200E-001	-2.20169E-004	11	...........
	157	15.8	1.63043E-001	1.99045E-001	0.00000E+000	1.62200E-001	-2.27620E-004	11	...........
	158	15.9	1.64052E-001	1.99165E-001	0.00000E+000	1.63200E-001	-2.12468E-004	11	...........
	159	16	1.65048E-001	1.99223E-001	0.00000E+000	1.64200E-001	-2.26754E-004	11	...........
	160	16.1	1.66041E-001	1.99289E-001	0.00000E+000	1.65200E-001	-2.19853E-004	11	...........
	161	16.2	1.67024E-001	1.99255E-001	0.00000E+000	1.66200E-001	-2.24637E-004	11	...........
	162	16.3	1.68011E-001	1.99310E-001	0.00000E+000	1.67200E-001	-2.19503E-004	11	...........
	163	16.4	1.69011E-001	1.99424E-001	0.00000E+000	1.68200E-001	-2.25337E-004	11	...........
	164	16.5	1.70004E-001	1.99388E-001	0.00000E+000	1.69200E-001	-2.15069E-004	11	...........
	165	16.6	1.70992E-001	1.99550E-001	0.00000E+000	1.70200E-001	-2.23353E-004	11	...........
	166	16.7	1.72019E-001	1.99599E-001	0.00000E+000	1.71200E-001	-2.17419E-004	11	...........
	167	16.8	1.72996E-001	1.99610E-001	0.00000E+000	1.72200E-001	-2.20886E-004	11	...........
	168	16.9	1.74000E-001	1.99689E-001	0.00000E+000	1.73200E-001	-2.16785E-004	11	...........
	169	17	1.75004E-001	1.99739E-001	0.00000E+000	1.74200E-001	-2.26504E-004	11	...........
	170	17.1	1.75988E-001	1.99693E-001	0.00000E+000	1.75200E-001	-2.16002E-004	11	...........
	171	17.2	1.76998E-001	1.99895E-001	0.00000E+000	1.76200E-001	-2.25453E-004	11	...........
	172	17.3	1.77994E-001	1.99923E-001	0.00000E+000	1.77200E-001	-2.17669E-004	11	...........
	173	17.4	1.78979E-001	1.99978E-001	0.00000E+000	1.78200E-001	-2.23220E-004	11	...........
	174	17.5	1.80022E-001	1.99946E-001	0.00000E+000	1.79200E-001	-2.17235E-004	11	...........
	175	17.6	1.81020E-001	2.00046E-001	0.00000E+000	1.80200E-001	-2.24803E-004	11	...........
	176	17.7	1.82016E-001	2.00049E-001	0.00000E+000	1.81200E-001	-2.17969E-004	11	...........
	177	17.8	1.83016E-001	2.00029E-001	0.00000E+000	1.82200E-001	-2.27920E-004	11	...........
	178	17.9	1.84011E-001	2.00033E-001	0.00000E+000	1.83200E-001	-2.17436E-004	11	...........
	179	18	1.85012E-001	2.00182E-001	0.00000E+000	1.84200E-001	-2.25503E-004	11	...........
	180	18.1	1.86010E-001	2.00181E-001	0.00000E+000	1.85200E-001	-2.18069E-004	11	...........
	181	18.2	1.87009E-001	2.00305E-001	0.00000E+000	1.86200E-001	-2.28320E-004	11	...........
	182	18.3	1.88017E-001	2.00312E-001	0.00000E+000	1.87200E-001	-2.19669E-004	11	...........
	183	18.4	1.89009E-001	2.00407E-001	0.00000E+000	1.88200E-001	-2.28337E-004	11	...........
	184	18.5	1.90004E-001	2.00411E-001	0.00000E+000	1.89200E-001	-2.21469E-004	11	...........
	185	18.6	1.91002E-001	2.00487E-001	0.00000E+000	1.90200E-001	-2.30704E-004	11	...........
	186	18.7	1.91992E-001	2.00502E-001	0.00000E+000	1.91200E-001	-2.19986E-004	11	...........
	187	18.8	1.92986E-001	2.00626E-001	0.00000E+000	1.92200E-001	-2.22920E-004	11	...........
	188	18.9	1.93968E-001	2.00599E-001	0.00000E+000	1.93200E-001	-2.25603E-004	11	...........
	189	19	1.94949E-001	2.00710E-001	0.00000E+000	1.94200E-001	-2.24670E-004	11	...........
	190	19.1	1.95980E-001	2.00851E-001	0.00000E+000	1.95200E-001	-2.22686E-004	11	...........
	191	19.2	1.96952E-001	2.00880E-001	0.00000E+000	1.96200E-001	-2.23436E-004	11	...........
	192	19.3	1.97958E-001	2.01017E-001	0.00000E+000	1.97200E-001	-2.26070E-004	11	...........
	193	19.4	1.98953E-001	2.00935E-001	0.00000E+000	1.98200E-001	-2.27570E-004	11	...........
	194	19.5	1.99956E-001	2.01092E-001	0.00000E+000	1.99200E-001	-2.22286E-004	11	...........
	195	19.6	2.00961E-001	2.01192E-001	0.00000E+000	2.00200E-001	-2.26570E-004	11	...........
	196	19.7	2.01959E-001	2.01216E-001	0.00000E+000	2.01200E-001	-2.21720E-004	11	...........
	197	19.8	2.02949E-001	2.01367E-001	0.00000E+000	2.02200E-001	-2.24153E-004	11	...........
	198	19.9	2.03964E-001	2.01304E-001	0.00000E+000	2.03200E-001	-2.27804E-004	11	...........
	199	20	2.04962E-001	2.01338E-001	0.00000E+000	2.04200E-001	-2.24587E-004	11	...........
	200	20.1	2.05975E-001	2.01373E-001	0.00000E+000	2.05200E-001	-2.24437E-004	11	...........
	201	20.2	2.06972E-001	2.01478E-001	0.00000E+000	2.06200E-001	-2.29487E-004	11	...........
	202	20.3	2.07963E-001	2.01324E-001	0.00000E+000	2.07200E-001	-2.18136E-004	11	...........
	203	20.4	2.08965E-001	2.01546E-001	0.00000E+000	2.08200E-001	-2.27504E-004	11	...........
	204	20.5	2.09960E-001	2.01463E-001	0.00000E+000	2.09200E-001	-2.24737E-004	11	...........
	205	20.6	2.10949E-001	2.01576E-001	0.00000E+000	2.10200E-001	-2.25070E-004	11	...........
	206	20.7	2.11959E-001	2.01582E-001	0.00000E+000	2.11200E-001	-2.25954E-004	11	...........
	207	20.8	2.12955E-001	2.01638E-001	0.00000E+000	2.12200E-001	-2.23636E-004	11	...........
	208	20.9	2.13953E-001	2.01745E-001	0.00000E+000	2.13200E-001	-2.25470E-004	11	...........
	209	21	2.14952E-001	2.01818E-001	0.00000E+000	2.14200E-001	-2.31121E-004	11	...........
	210	21.1	2.15949E-001	2.01802E-001	0.00000E+000	2.15200E-001	-2.27654E-004	11	...........
	211	21.2	2.16951E-001	2.01952E-001	0.00000E+000	2.16200E-001	-2.26504E-004	11	...........
	212	21.3	2.17919E-001	2.01909E-001	0.00000E+000	2.17200E-001	-2.30371E-004	11	...........
	213	21.4	2.18903E-001	2.02031E-001	0.00000E+000	2.18200E-001	-2.22270E-004	11	...........
	214	21.5	2.19932E-001	2.02017E-001	0.00000E+000	2.19200E-001	-2.26837E-004	11	...........
	215	21.6	2.20902E-001	2.02153E-001	0.00000E+000	2.20200E-001	-2.17802E-004	11	...........
	216	21.7	2.21912E-001	2.02285E-001	0.00000E+000	2.21200E-001	-2.26037E-004	11	...........
	217	21.8	2.22900E-001	2.02291E-001	0.00000E+000	2.22200E-001	-2.23586E-004	11	...........
	218	21.9	2.23891E-001	2.02240E-001	0.00000E+000	2.23200E-001	-2.16719E-004	11	...........
	219	22	2.24909E-001	2.02416E-001	0.00000E+000	2.24200E-001	-2.23920E-004	11	...........
	220	22.1	2.25903E-001	2.02373E-001	0.00000E+000	2.25200E-001	-2.22920E-004	11	...........
	221	22.2	2.26890E-001	2.02508E-001	0.00000E+000	2.26200E-001	-2.18336E-004	11	...........
	222	22.3	2.27911E-001	2.02606E-001	0.00000E+000	2.27200E-001	-2.26837E-004	11	...........
	223	22.4	2.28897E-001	2.02719E-001	0.00000E+000	2.28200E-001	-2.21870E-004	11	...........
	224	22.5	2.29896E-001	2.02709E-001	0.00000E+000	2.29200E-001	-2.28687E-004	11	...........
	225	22.6	2.30912E-001	2.02676E-001	0.00000E+000	2.30200E-001	-2.21936E-004	11	...........
	226	22.7	2.31927E-001	2.02742E-001	0.00000E+000	2.31200E-001	-2.22470E-004	11	...........
	227	22.8	2.32925E-001	2.02843E-001	0.00000E+000	2.32200E-001	-2.27870E-004	11	...........
	228	22.9	2.33922E-001	2.02757E-001	0.00000E+000	2.33200E-001	-2.21069E-004	11	...........
	229	23	2.34912E-001	2.02942E-001	0.00000E+000	2.34200E-001	-2.23837E-004	11	...........
	230	23.1	2.35927E-001	2.02952E-001	0.00000E+000	2.35200E-001	-2.33621E-004	11	...........
	231	23.2	2.36916E-001	2.02979E-001	0.00000E+000	2.36200E-001	-2.21770E-004	11	...........
	232	23.3	2.37919E-001	2.03097E-001	0.00000E+000	2.37200E-001	-2.32171E-004	11	...........
	233	23.4	2.38911E-001	2.03100E-001	0.00000E+000	2.38200E-001	-2.29637E-004	11	...........
	234	23.5	2.39909E-001	2.03155E-001	0.00000E+000	2.39200E-001	-2.28787E-004	11	...........
	235	23.6	2.40912E-001	2.03302E-001	0.00000E+000	2.40200E-001	-2.27704E-004	11	...........
	236	23.7	2.41908E-001	2.03347E-001	0.00000E+000	2.41200E-001	-2.31138E-004	11	...........
	237	23.8	2.42902E-001	2.03359E-001	0.00000E+000	2.42200E-001	-2.32221E-004	11	...........
	238	23.9	2.43887E-001	2.03407E-001	0.00000E+000	2.43200E-001	-2.37972E-004	11	...........
	239	24	2.44879E-001	2.03476E-001	0.00000E+000	2.44200E-001	-2.27454E-004	11	...........
	240	24.1	2.45876E-001	2.03546E-001	0.00000E+000	2.45200E-001	-2.37505E-004	11	...........
	241	24.2	2.46873E-001	2.03652E-001	0.00000E+000	2.46200E-001	-2.28937E-004	11	...........
	242	24.3	2.47864E-001	2.03719E-001	0.00000E+000	2.47200E-001	-2.35155E-004	11	...........
	243	24.4	2.48878E-001	2.03870E-001	0.00000E+000	2.48200E-001	-2.29337E-004	11	...........
	244	24.5	2.49868E-001	2.03841E-001	0.00000E+000	2.49200E-001	-2.32771E-004	11	...........
	245	24.6	2.50865E-001	2.03958E-001	0.00000E+000	2.50200E-001	-2.25520E-004	11	...........
	246	24.7	2.51872E-001	2.03935E-001	0.00000E+000	2.51200E-001	-2.36205E-004	11	...........
	247	24.8	2.52860E-001	2.04054E-001	0.00000E+000	2.52200E-001	-2.23837E-004	11	...........
	248	24.9	2.53867E-001	2.04157E-001	0.00000E+000	2.53200E-001	-2.36605E-004	11	...........
	249	25	2.54860E-001	2.04220E-001	0.00000E+000	2.54200E-001	-2.27820E-004	11	...........
	250	25.1	2.55843E-001	2.04068E-001	0.00000E+000	2.55200E-001	-2.30838E-004	11	...........
	251	25.2	2.56891E-001	2.04232E-001	0.00000E+000	2.56200E-001	-2.27287E-004	11	...........
	252	25.3	2.57896E-001	2.04294E-001	0.00000E+000	2.57200E-001	-2.31604E-004	11	...........
	253	25.4	2.58886E-001	2.04354E-001	0.00000E+000	2.58200E-001	-2.25637E-004	11	...........
	254	25.5	2.59891E-001	2.04282E-001	0.00000E+000	2.59200E-001	-2.36488E-004	11	...........
	255	25.6	2.60885E-001	2.04456E-001	0.00000E+000	2.60200E-001	-2.28771E-004	11	...........
	256	25.7	2.61883E-001	2.04475E-001	0.00000E+000	2.61200E-001	-2.37589E-004	11	...........
	257	25.8	2.62881E-001	2.04427E-001	0.00000E+000	2.62200E-001	-2.31254E-004	11	...........
	258	25.9	2.63878E-001	2.04464E-001	0.00000E+000	2.63200E-001	-2.32371E-004	11	...........
	259	26	2.64883E-001	2.04573E-001	0.00000E+000	2.64200E-001	-2.27637E-004	11	...........
	260	26.1	2.65873E-001	2.04538E-001	0.00000E+000	2.65200E-001	-2.34588E-004	11	...........
	261	26.2	2.66873E-001	2.04725E-001	0.00000E+000	2.66200E-001	-2.30087E-004	11	...........
	262	26.3	2.67870E-001	2.04786E-001	0.00000E+000	2.67200E-001	-2.40789E-004	11	...........
	263	26.4	2.68856E-001	2.04762E-001	0.00000E+000	2.68200E-001	-2.27454E-004	11	...........
	264	26.5	2.69857E-001	2.04952E-001	0.00000E+000	2.69200E-001	-2.39322E-004	11	...........
	265	26.6	2.70847E-001	2.04994E-001	0.00000E+000	2.70200E-001	-2.32688E-004	11	...........
	266	26.7	2.71832E-001	2.05024E-001	0.00000E+000	2.71200E-001	-2.37139E-004	11	...........
	267	26.8	2.72850E-001	2.05184E-001	0.00000E+000	2.72200E-001	-2.31771E-004	11	...........
	268	26.9	2.73837E-001	2.05208E-001	0.00000E+000	2.73200E-001	-2.38055E-004	11	...........
	269	27	2.74832E-001	2.05285E-001	0.00000E+000	2.74200E-001	-2.31888E-004	11	...........
	270	27.1	2.75836E-001	2.05338E-001	0.00000E+000	2.75200E-001	-2.38472E-004	11	...........
	271	27.2	2.76832E-001	2.05406E-001	0.00000E+000	2.76200E-001	-2.27020E-004	11	...........
	272	27.3	2.77834E-001	2.05489E-001	0.00000E+000	2.77200E-001	-2.39122E-004	11	...........
	273	27.4	2.78832E-001	2.05634E-001	0.00000E+000	2.78200E-001	-2.28587E-004	11	...........
	274	27.5	2.79818E-001	2.05629E-001	0.00000E+000	2.79200E-001	-2.36022E-004	11	...........
	275	27.6	2.80834E-001	2.05792E-001	0.00000E+000	2.80200E-001	-2.32988E-004	11	...........
	276	27.7	2.81847E-001	2.05718E-001	0.00000E+000	2.81200E-001	-2.34621E-004	11	...........
	277	27.8	2.82853E-001	2.05776E-001	0.00000E+000	2.82200E-001	-2.32988E-004	11	...........
	278	27.9	2.83857E-001	2.05836E-001	0.00000E+000	2.83200E-001	-2.43206E-004	11	...........
	279	28	2.84845E-001	2.05762E-001	0.00000E+000	2.84200E-001	-2.25737E-004	11	...........
	280	28.1	2.85845E-001	2.05873E-001	0.00000E+000	2.85200E-001	-2.40422E-004	11	...........
	281	28.2	2.86842E-001	2.05962E-001	0.00000E+000	2.86200E-001	-2.30704E-004	11	...........
	282	28.3	2.87834E-001	2.05892E-001	0.00000E+000	2.87200E-001	-2.37055E-004	11	...........
	283	28.4	2.88845E-001	2.06109E-001	0.00000E+000	2.88200E-001	-2.31888E-004	11	...........
	284	28.5	2.89841E-001	2.06145E-001	0.00000E+000	2.89200E-001	-2.40856E-004	11	...........
	285	28.6	2.90834E-001	2.06212E-001	0.00000E+000	2.90200E-001	-2.33655E-004	11	...........
	286	28.7	2.91835E-001	2.06326E-001	0.00000E+000	2.91200E-001	-2.45290E-004	11	...........
	287	28.8	2.92838E-001	2.06397E-001	0.00000E+000	2.92200E-001	-2.31854E-004	11	...........
	288	28.9	2.93830E-001	2.06426E-001	0.00000E+000	2.93200E-001	-2.41706E-004	11	...........
	289	29	2.94812E-001	2.06438E-001	0.00000E+000	2.94200E-001	-2.35372E-004	11	...........
	290	29.1	2.95806E-001	2.06459E-001	0.00000E+000	2.95200E-001	-2.42639E-004	11	...........
	291	29.2	2.96808E-001	2.06592E-001	0.00000E+000	2.96200E-001	-2.36788E-004	11	...........
	292	29.3	2.97804E-001	2.06719E-001	0.00000E+000	2.97200E-001	-2.39756E-004	11	...........
	293	29.4	2.98799E-001	2.06787E-001	0.00000E+000	2.98200E-001	-2.38789E-004	11	...........
	294	29.5	2.99800E-001	2.06885E-001	0.00000E+000	2.99200E-001	-2.43256E-004	11	...........
	295	29.6	3.00794E-001	2.06887E-001	0.00000E+000	3.00200E-001	-2.33021E-004	11	...........
	296	29.7	3.01800E-001	2.06933E-001	0.00000E+000	3.01200E-001	-2.39322E-004	11	...........
	297	29.8	3.02795E-001	2.07028E-001	0.00000E+000	3.02200E-001	-2.32988E-004	11	...........
	298	29.9	3.03778E-001	2.06959E-001	0.00000E+000	3.03200E-001	-2.38005E-004	11	...........
	299	30	3.04796E-001	2.07178E-001	0.00000E+000	3.04200E-001	-2.34621E-004	11	...........
	300	30.1	3.05787E-001	2.07236E-001	0.00000E+000	3.05200E-001	-2.38222E-004	11	...........
	301	30.2	3.06780E-001	2.07328E-001	0.00000E+000	3.06200E-001	-2.37239E-004	11	...........
	302	30.3	3.07800E-001	2.07261E-001	0.00000E+000	3.07200E-001	-2.41723E-004	11	...........
	303	30.4	3.08813E-001	2.07298E-001	0.00000E+000	3.08200E-001	-2.30671E-004	11	...........
	304	30.5	3.09809E-001	2.07457E-001	0.00000E+000	3.09200E-001	-2.42189E-004	11	...........
	305	30.6	3.10804E-001	2.07367E-001	0.00000E+000	3.10200E-001	-2.33355E-004	11	...........
	306	30.7	3.11793E-001	2.07413E-001	0.00000E+000	3.11200E-001	-2.39356E-004	11	...........
	307	30.8	3.12803E-001	2.07629E-001	0.00000E+000	3.12200E-001	-2.35355E-004	11	...........
	308	30.9	3.13799E-001	2.07599E-001	0.00000E+000	3.13200E-001	-2.39556E-004	11	...........
	309	31	3.14797E-001	2.07728E-001	0.00000E+000	3.14200E-001	-2.38639E-004	11	...........
	310	31.1	3.15799E-001	2.07729E-001	0.00000E+000	3.15200E-001	-2.45356E-004	11	...........
	311	31.2	3.16797E-001	2.07866E-001	0.00000E+000	3.16200E-001	-2.35188E-004	11	...........
	312	31.3	3.17794E-001	2.07897E-001	0.00000E+000	3.17200E-001	-2.41989E-004	11	...........
	313	31.4	3.18793E-001	2.07923E-001	0.00000E+000	3.18200E-001	-2.36955E-004	11	...........
	314	31.5	3.19779E-001	2.07907E-001	0.00000E+000	3.19200E-001	-2.44240E-004	11	...........
	315	31.6	3.20759E-001	2.08047E-001	0.00000E+000	3.20200E-001	-2.43089E-004	11	...........
	316	31.7	3.21762E-001	2.08114E-001	0.00000E+000	3.21200E-001	-2.39872E-004	11	...........
	317	31.8	3.22758E-001	2.08177E-001	0.00000E+000	3.22200E-001	-2.40639E-004	11	...........
	318	31.9	3.23756E-001	2.08255E-001	0.00000E+000	3.23200E-001	-2.40672E-004	11	...........
	319	32	3.24750E-001	2.08389E-001	0.00000E+000	3.24200E-001	-2.34388E-004	11	...........
	320	32.1	3.25760E-001	2.08524E-001	0.00000E+000	3.25200E-001	-2.40456E-004	11	...........
	321	32.2	3.26753E-001	2.08500E-001	0.00000E+000	3.26200E-001	-2.32088E-004	11	...........
	322	32.3	3.27742E-001	2.08474E-001	0.00000E+000	3.27200E-001	-2.37405E-004	11	...........
	323	32.4	3.28756E-001	2.08640E-001	0.00000E+000	3.28200E-001	-2.38505E-004	11	...........
	324	32.5	3.29743E-001	2.08714E-001	0.00000E+000	3.29200E-001	-2.32271E-004	11	...........
	325	32.6	3.30745E-001	2.08776E-001	0.00000E+000	3.30200E-001	-2.40072E-004	11	...........
	326	32.7	3.31740E-001	2.08762E-001	0.00000E+000	3.31200E-001	-2.38039E-004	11	...........
	327	32.8	3.32738E-001	2.08862E-001	0.00000E+000	3.32200E-001	-2.31971E-004	11	...........
	328	32.9	3.33770E-001	2.08826E-001	0.00000E+000	3.33200E-001	-2.42006E-004	11	...........
	329	33	3.34773E-001	2.09001E-001	0.00000E+000	3.34200E-001	-2.36188E-004	11	...........
	330	33.1	3.35756E-001	2.08924E-001	0.00000E+000	3.35200E-001	-2.38722E-004	11	...........
	331	33.2	3.36765E-001	2.09087E-001	0.00000E+000	3.36200E-001	-2.40372E-004	11	...........
	332	33.3	3.37760E-001	2.09113E-001	0.00000E+000	3.37200E-001	-2.39206E-004	11	...........
	333	33.4	3.38756E-001	2.09106E-001	0.00000E+000	3.38200E-001	-2.39072E-004	11	...........
	334	33.5	3.39752E-001	2.09091E-001	0.00000E+000	3.39200E-001	-2.40972E-004	11	...........
	335	33.6	3.40758E-001	2.09293E-001	0.00000E+000	3.40200E-001	-2.38289E-004	11	...........
	336	33.7	3.41758E-001	2.09397E-001	0.00000E+000	3.41200E-001	-2.42623E-004	11	...........
	337	33.8	3.42754E-001	2.09441E-001	0.00000E+000	3.42200E-001	-2.43806E-004	11	...........
	338	33.9	3.43750E-001	2.09585E-001	0.00000E+000	3.43200E-001	-2.45823E-004	11	...........
	339	34	3.44747E-001	2.09703E-001	0.00000E+000	3.44200E-001	-2.45907E-004	11	...........
	340	34.1	3.45728E-001	2.09652E-001	0.00000E+000	3.45200E-001	-2.40706E-004	11	...........
	341	34.2	3.46729E-001	2.09712E-001	0.00000E+000	3.46200E-001	-2.47357E-004	11	...........
	342	34.3	3.47724E-001	2.09806E-001	0.00000E+000	3.47200E-001	-2.40506E-004	11	...........
	343	34.4	3.48724E-001	2.09895E-001	0.00000E+000	3.48200E-001	-2.44556E-004	11	...........
	344	34.5	3.49727E-001	2.10043E-001	0.00000E+000	3.49200E-001	-2.42239E-004	11	...........
	345	34.6	3.50722E-001	2.10133E-001	0.00000E+000	3.50200E-001	-2.44323E-004	11	...........
	346	34.7	3.51706E-001	2.10045E-001	0.00000E+000	3.51200E-001	-2.40939E-004	11	...........
	347	34.8	3.52712E-001	2.10151E-001	0.00000E+000	3.52200E-001	-2.45740E-004	11	...........
	348	34.9	3.53707E-001	2.10137E-001	0.00000E+000	3.53200E-001	-2.37272E-004	11	...........
	349	35	3.54707E-001	2.10210E-001	0.00000E+000	3.54200E-001	-2.46690E-004	11	...........
	350	35.1	3.55702E-001	2.10263E-001	0.00000E+000	3.55200E-001	-2.41456E-004	11	...........
	351	35.2	3.56698E-001	2.10355E-001	0.00000E+000	3.56200E-001	-2.45190E-004	11	...........
	352	35.3	3.57699E-001	2.10453E-001	0.00000E+000	3.57200E-001	-2.44223E-004	11	...........
	353	35.4	3.58727E-001	2.10454E-001	0.00000E+000	3.58200E-001	-2.43473E-004	11	...........
	354	35.5	3.59727E-001	2.10438E-001	0.00000E+000	3.59200E-001	-2.44773E-004	11	...........
	355	35.6	3.60732E-001	2.10608E-001	0.00000E+000	3.60200E-001	-2.47973E-004	11	...........
	356	35.7	3.61723E-001	2.10527E-001	0.00000E+000	3.61200E-001	-2.40506E-004	11	...........
	357	35.8	3.62728E-001	2.10724E-001	0.00000E+000	3.62200E-001	-2.49507E-004	11	...........
	358	35.9	3.63724E-001	2.10768E-001	0.00000E+000	3.63200E-001	-2.49107E-004	11	...........
	359	36	3.64722E-001	2.10807E-001	0.00000E+000	3.64200E-001	-2.41639E-004	11	...........
	360	36.1	3.65721E-001	2.10864E-001	0.00000E+000	3.65200E-001	-2.42189E-004	11	...........
	361	36.2	3.66719E-001	2.10918E-001	0.00000E+000	3.66200E-001	-2.45340E-004	11	...........
	362	36.3	3.67711E-001	2.10998E-001	0.00000E+000	3.67200E-001	-2.48724E-004	11	...........
	363	36.4	3.68708E-001	2.11142E-001	0.00000E+000	3.68200E-001	-2.51841E-004	11	...........
	364	36.5	3.69712E-001	2.11204E-001	0.00000E+000	3.69200E-001	-2.46923E-004	11	...........
	365	36.6	3.70705E-001	2.11323E-001	0.00000E+000	3.70200E-001	-2.53124E-004	11	...........
	366	36.7	3.71690E-001	2.11331E-001	0.00000E+000	3.71200E-001	-2.46740E-004	11	...........
	367	36.8	3.72691E-001	2.11448E-001	0.00000E+000	3.72200E-001	-2.55008E-004	11	...........
	368	36.9	3.73687E-001	2.11462E-001	0.00000E+000	3.73200E-001	-2.42756E-004	11	...........
	369	37	3.74681E-001	2.11482E-001	0.00000E+000	3.74200E-001	-2.51257E-004	11	...........
	370	37.1	3.75677E-001	2.11575E-001	0.00000E+000	3.75200E-001	-2.44373E-004	11	...........
	371	37.2	3.76679E-001	2.11726E-001	0.00000E+000	3.76200E-001	-2.53941E-004	11	...........
	372	37.3	3.77674E-001	2.11700E-001	0.00000E+000	3.77200E-001	-2.40056E-004	11	...........
	373	37.4	3.78676E-001	2.11766E-001	0.00000E+000	3.78200E-001	-2.53058E-004	11	...........
	374	37.5	3.79672E-001	2.11863E-001	0.00000E+000	3.79200E-001	-2.42906E-004	11	...........
	375	37.6	3.80667E-001	2.11965E-001	0.00000E+000	3.80200E-001	-2.46340E-004	11	...........
	376	37.7	3.81672E-001	2.12081E-001	0.00000E+000	3.81200E-001	-2.44206E-004	11	...........
	377	37.8	3.82669E-001	2.12185E-001	0.00000E+000	3.82200E-001	-2.48040E-004	11	...........
	378	37.9	3.83656E-001	2.11995E-001	0.00000E+000	3.83200E-001	-2.44406E-004	11	...........
	379	38	3.84681E-001	2.12226E-001	0.00000E+000	3.84200E-001	-2.51674E-004	11	...........
	380	38.1	3.85694E-001	2.12294E-001	0.00000E+000	3.85200E-001	-2.42489E-004	11	...........
	381	38.2	3.86691E-001	2.12359E-001	0.00000E+000	3.86200E-001	-2.51757E-004	11	...........
	382	38.3	3.87684E-001	2.12306E-001	0.00000E+000	3.87200E-001	-2.45623E-004	11	...........
	383	38.4	3.88684E-001	2.12400E-001	0.00000E+000	3.88200E-001	-2.50324E-004	11	...........
	384	38.5	3.89684E-001	2.12492E-001	0.00000E+000	3.89200E-001	-2.46640E-004	11	...........
	385	38.6	3.90685E-001	2.12582E-001	0.00000E+000	3.90200E-001	-2.50524E-004	11	...........
	386	38.7	3.91678E-001	2.12535E-001	0.00000E+000	3.91200E-001	-2.47773E-004	11	...........
	387	38.8	3.92674E-001	2.12684E-001	0.00000E+000	3.92200E-001	-2.58858E-004	11	...........
	388	38.9	3.93677E-001	2.12769E-001	0.00000E+000	3.93200E-001	-2.45656E-004	11	...........
	389	39	3.94673E-001	2.12872E-001	0.00000E+000	3.94200E-001	-2.57208E-004	11	...........
	390	39.1	3.95670E-001	2.12918E-001	0.00000E+000	3.95200E-001	-2.50307E-004	11	...........
	391	39.2	3.96662E-001	2.12924E-001	0.00000E+000	3.96200E-001	-2.57575E-004	11	...........
	392	39.3	3.97633E-001	2.13050E-001	0.00000E+000	3.97200E-001	-2.52024E-004	11	...........
	393	39.4	3.98653E-001	2.13118E-001	0.00000E+000	3.98200E-001	-2.58258E-004	11	...........
	394	39.5	3.99647E-001	2.13160E-001	0.00000E+000	3.99200E-001	-2.47357E-004	11	...........
	395	39.6	4.00644E-001	2.13323E-001	0.00000E+000	4.00200E-001	-2.61392E-004	11	...........
	396	39.7	4.01643E-001	2.13387E-001	0.00000E+000	4.01200E-001	-2.48440E-004	11	...........
	397	39.8	4.02642E-001	2.13473E-001	0.00000E+000	4.02200E-001	-2.58675E-004	11	...........
	398	39.9	4.03637E-001	2.13476E-001	0.00000E+000	4.03200E-001	-2.46757E-004	11	...........
	399	40	4.04635E-001	2.13491E-001	0.00000E+000	4.04200E-001	-2.54791E-004	11	...........
	400	40.1	4.05630E-001	2.13593E-001	0.00000E+000	4.05200E-001	-2.48357E-004	11	...........
	401	40.2	4.06632E-001	2.13681E-001	0.00000E+000	4.06200E-001	-2.52608E-004	11	...........
	402	40.3	4.07625E-001	2.13733E-001	0.00000E+000	4.07200E-001	-2.49040E-004	11	...........
	403	40.4	4.08626E-001	2.13974E-001	0.00000E+000	4.08200E-001	-2.56741E-004	11	...........
	404	40.5	4.09633E-001	2.13836E-001	0.00000E+000	4.09200E-001	-2.46773E-004	11	...........
	405	40.6	4.10652E-001	2.13941E-001	0.00000E+000	4.10200E-001	-2.57142E-004	11	...........
	406	40.7	4.11647E-001	2.13942E-001	0.00000E+000	4.11200E-001	-2.49590E-004	11	...........
	407	40.8	4.12637E-001	2.13983E-001	0.00000E+000	4.12200E-001	-2.55141E-004	11	...........
	408	40.9	4.13636E-001	2.14083E-001	0.00000E+000	4.13200E-001	-2.49440E-004	11	...........
	409	41	4.14637E-001	2.14110E-001	0.00000E+000	4.14200E-001	-2.57475E-004	11	...........
	410	41.1	4.15630E-001	2.14175E-001	0.00000E+000	4.15200E-001	-2.50874E-004	11	...........
	411	41.2	4.16631E-001	2.14335E-001	0.00000E+000	4.16200E-001	-2.59559E-004	11	...........
	412	41.3	4.17639E-001	2.14430E-001	0.00000E+000	4.17200E-001	-2.49357E-004	11	...........
	413	41.4	4.18631E-001	2.14516E-001	0.00000E+000	4.18200E-001	-2.60675E-004	11	...........
	414	41.5	4.19627E-001	2.14590E-001	0.00000E+000	4.19200E-001	-2.52224E-004	11	...........
	415	41.6	4.20626E-001	2.14717E-001	0.00000E+000	4.20200E-001	-2.63493E-004	11	...........
	416	41.7	4.21619E-001	2.14770E-001	0.00000E+000	4.21200E-001	-2.47023E-004	11	...........
	417	41.8	4.22610E-001	2.14748E-001	0.00000E+000	4.22200E-001	-2.52841E-004	11	...........
	418	41.9	4.23608E-001	2.14780E-001	0.00000E+000	4.23200E-001	-2.48857E-004	11	...........
	419	42	4.24602E-001	2.14902E-001	0.00000E+000	4.24200E-001	-2.53058E-004	11	...........
	420	42.1	4.25600E-001	2.15032E-001	0.00000E+000	4.25200E-001	-2.39055E-004	11	...........
	421	42.2	4.26599E-001	2.15087E-001	0.00000E+000	4.26200E-001	-2.54224E-004	11	...........
	422	42.3	4.27593E-001	2.15081E-001	0.00000E+000	4.27200E-001	-2.41573E-004	11	...........
	423	42.4	4.28581E-001	2.15196E-001	0.00000E+000	4.28200E-001	-2.42256E-004	11	...........
	424	42.5	4.29590E-001	2.15362E-001	0.00000E+000	4.29200E-001	-2.50107E-004	11	...........
	425	42.6	4.30592E-001	2.15395E-001	0.00000E+000	4.30200E-001	-2.45173E-004	11	...........
	426	42.7	4.31586E-001	2.15432E-001	0.00000E+000	4.31200E-001	-2.43773E-004	11	...........
	427	42.8	4.32588E-001	2.15630E-001	0.00000E+000	4.32200E-001	-2.48674E-004	11	...........
	428	42.9	4.33581E-001	2.15651E-001	0.00000E+000	4.33200E-001	-2.38939E-004	11	...........
	429	43	4.34583E-001	2.15733E-001	0.00000E+000	4.34200E-001	-2.55341E-004	11	...........
	430	43.1	4.35606E-001	2.15602E-001	0.00000E+000	4.35200E-001	-2.41789E-004	11	...........
	431	43.2	4.36608E-001	2.15735E-001	0.00000E+000	4.36200E-001	-2.46873E-004	11	...........
	432	43.3	4.37608E-001	2.15811E-001	0.00000E+000	4.37200E-001	-2.51607E-004	11	...........
	433	43.4	4.38603E-001	2.15816E-001	0.00000E+000	4.38200E-001	-2.49340E-004	11	...........
	434	43.5	4.39598E-001	2.15810E-001	0.00000E+000	4.39200E-001	-2.49707E-004	11	...........
	435	43.6	4.40597E-001	2.16027E-001	0.00000E+000	4.40200E-001	-2.53141E-004	11	...........
	436	43.7	4.41597E-001	2.15963E-001	0.00000E+000	4.41200E-001	-2.44356E-004	11	...........
	437	43.8	4.42594E-001	2.16072E-001	0.00000E+000	4.42200E-001	-2.58792E-004	11	...........
	438	43.9	4.43593E-001	2.16183E-001	0.00000E+000	4.43200E-001	-2.48974E-004	11	...........
	439	44	4.44591E-001	2.16347E-001	0.00000E+000	4.44200E-001	-2.55141E-004	11	...........
	440	44.1	4.45581E-001	2.16404E-001	0.00000E+000	4.45200E-001	-2.54808E-004	11	...........
	441	44.2	4.46590E-001	2.16512E-001	0.00000E+000	4.46200E-001	-2.57942E-004	11	...........
	442	44.3	4.47579E-001	2.16432E-001	0.00000E+000	4.47200E-001	-2.57725E-004	11	...........
	443	44.4	4.48566E-001	2.16590E-001	0.00000E+000	4.48200E-001	-2.57558E-004	11	...........
	444	44.5	4.49573E-001	2.16615E-001	0.00000E+000	4.49200E-001	-2.53741E-004	11	...........
	445	44.6	4.50562E-001	2.16651E-001	0.00000E+000	4.50200E-001	-2.56525E-004	11	...........
	446	44.7	4.51562E-001	2.16867E-001	0.00000E+000	4.51200E-001	-2.55108E-004	11	...........
	447	44.8	4.52557E-001	2.16940E-001	0.00000E+000	4.52200E-001	-2.57542E-004	11	...........
	448	44.9	4.53545E-001	2.17012E-001	0.00000E+000	4.53200E-001	-2.60842E-004	11	...........
	449	45	4.54558E-001	2.16993E-001	0.00000E+000	4.54200E-001	-2.52908E-004	11	...........
	450	45.1	4.55548E-001	2.16950E-001	0.00000E+000	4.55200E-001	-2.56291E-004	11	...........
	451	45.2	4.56546E-001	2.17046E-001	0.00000E+000	4.56200E-001	-2.57258E-004	11	...........
	452	45.3	4.57544E-001	2.17239E-001	0.00000E+000	4.57200E-001	-2.47123E-004	11	...........
	453	45.4	4.58548E-001	2.17410E-001	0.00000E+000	4.58200E-001	-2.57292E-004	11	...........
	454	45.5	4.59546E-001	2.17408E-001	0.00000E+000	4.59200E-001	-2.53791E-004	11	...........
	455	45.6	4.60531E-001	2.17377E-001	0.00000E+000	4.60200E-001	-2.52324E-004	11	...........
	456	45.7	4.61563E-001	2.17481E-001	0.00000E+000	4.61200E-001	-2.57692E-004	11	...........
	457	45.8	4.62579E-001	2.17535E-001	0.00000E+000	4.62200E-001	-2.54341E-004	11	...........
	458	45.9	4.63567E-001	2.17443E-001	0.00000E+000	4.63200E-001	-2.56741E-004	11	...........
	459	46	4.64563E-001	2.17607E-001	0.00000E+000	4.64200E-001	-2.62326E-004	11	...........
	460	46.1	4.65565E-001	2.17687E-001	0.00000E+000	4.65200E-001	-2.51374E-004	11	...........
	461	46.2	4.66562E-001	2.17847E-001	0.00000E+000	4.66200E-001	-2.60442E-004	11	...........
	462	46.3	4.67558E-001	2.17765E-001	0.00000E+000	4.67200E-001	-2.52908E-004	11	...........
	463	46.4	4.68555E-001	2.17853E-001	0.00000E+000	4.68200E-001	-2.58675E-004	11	...........
	464	46.5	4.69546E-001	2.18013E-001	0.00000E+000	4.69200E-001	-2.59725E-004	11	...........
	465	46.6	4.70553E-001	2.18087E-001	0.00000E+000	4.70200E-001	-2.58758E-004	11	...........
	466	46.7	4.71546E-001	2.18167E-001	0.00000E+000	4.71200E-001	-2.60859E-004	11	...........
	467	46.8	4.72544E-001	2.18284E-001	0.00000E+000	4.72200E-001	-2.62442E-004	11	...........
	468	46.9	4.73548E-001	2.18294E-001	0.00000E+000	4.73200E-001	-2.61542E-004	11	...........
	469	47	4.74521E-001	2.18415E-001	0.00000E+000	4.74200E-001	-2.57992E-004	11	...........
	470	47.1	4.75524E-001	2.18461E-001	0.00000E+000	4.75200E-001	-2.64509E-004	11	...........
	471	47.2	4.76516E-001	2.18510E-001	0.00000E+000	4.76200E-001	-2.60642E-004	11	...........
	472	47.3	4.77498E-001	2.18656E-001	0.00000E+000	4.77200E-001	-2.67026E-004	11	...........
	473	47.4	4.78516E-001	2.18714E-001	0.00000E+000	4.78200E-001	-2.57408E-004	11	...........
	474	47.5	4.79506E-001	2.18627E-001	0.00000E+000	4.79200E-001	-2.63092E-004	11	...........
	475	47.6	4.80517E-001	2.18924E-001	0.00000E+000	4.80200E-001	-2.55725E-004	11	...........
	476	47.7	4.81508E-001	2.18929E-001	0.00000E+000	4.81200E-001	-2.58375E-004	11	...........
	477	47.8	4.82509E-001	2.19089E-001	0.00000E+000	4.82200E-001	-2.60675E-004	11	...........
	478	47.9	4.83508E-001	2.19052E-001	0.00000E+000	4.83200E-001	-2.55091E-004	11	...........
	479	48	4.84502E-001	2.19165E-001	0.00000E+000	4.84200E-001	-2.56591E-004	11	...........
	480	48.1	4.85494E-001	2.19275E-001	0.00000E+000	4.85200E-001	-2.65526E-004	11	...........
	481	48.2	4.86522E-001	2.19237E-001	0.00000E+000	4.86200E-001	-2.53124E-004	11	...........
	482	48.3	4.87529E-001	2.19262E-001	0.00000E+000	4.87200E-001	-2.60492E-004	11	...........
	483	48.4	4.88525E-001	2.19434E-001	0.00000E+000	4.88200E-001	-2.58458E-004	11	...........
	484	48.5	4.89523E-001	2.19408E-001	0.00000E+000	4.89200E-001	-2.52724E-004	11	...........
	485	48.6	4.90517E-001	2.19555E-001	0.00000E+000	4.90200E-001	-2.61776E-004	11	...........
	486	48.7	4.91521E-001	2.19609E-001	0.00000E+000	4.91200E-001	-2.56858E-004	11	...........
	487	48.8	4.92511E-001	2.19699E-001	0.00000E+000	4.92200E-001	-2.60325E-004	11	...........
	488	48.9	4.93506E-001	2.19754E-001	0.00000E+000	4.93200E-001	-2.65943E-004	11	...........
	489	49	4.94513E-001	2.19799E-001	0.00000E+000	4.94200E-001	-2.59975E-004	11	...........
	490	49.1	4.95507E-001	2.19861E-001	0.00000E+000	4.95200E-001	-2.67410E-004	11	...........
	491	49.2	4.96505E-001	2.19949E-001	0.00000E+000	4.96200E-001	-2.64093E-004	11	...........
	492	49.3	4.97505E-001	2.20001E-001	0.00000E+000	4.97200E-001	-2.65409E-004	11	...........
	493	49.4	4.98497E-001	2.20136E-001	0.00000E+000	4.98200E-001	-2.61692E-004	11	...........
	494	49.5	4.99484E-001	2.20140E-001	0.00000E+000	4.99200E-001	-2.71794E-004	11	...........
	495	49.6	5.00480E-001	2.20232E-001	0.00000E+000	5.00200E-001	-2.63309E-004	11	...........
	496	49.7	5.01465E-001	2.20277E-001	0.00000E+000	5.01200E-001	-2.77261E-004	11	...........
	497	49.8	5.02480E-001	2.20408E-001	0.00000E+000	5.02200E-001	-2.62392E-004	11	...........
	498	49.9	5.03475E-001	2.20479E-001	0.00000E+000	5.03200E-001	-2.71994E-004	11	...........
	499	50	5.04477E-001	2.20685E-001	0.00000E+000	5.04200E-001	-2.60975E-004	11	...........
	500	50.1	5.05469E-001	2.20656E-001	0.00000E+000	5.05200E-001	-2.65493E-004	11	...........
	501	50.2	5.06466E-001	2.20783E-001	0.00000E+000	5.06200E-001	-2.61326E-004	11	...........
	502	50.3	5.07472E-001	2.20805E-001	0.00000E+000	5.07200E-001	-2.65109E-004	11	...........
	503	50.4	5.08471E-001	2.20952E-001	0.00000E+000	5.08200E-001	-2.61026E-004	11	...........
	504	50.5	5.09462E-001	2.21064E-001	0.00000E+000	5.09200E-001	-2.70310E-004	11	...........
	505	50.6	5.10469E-001	2.21157E-001	0.00000E+000	5.10200E-001	-2.60275E-004	11	...........
	506	50.7	5.11459E-001	2.21103E-001	0.00000E+000	5.11200E-001	-2.69810E-004	11	...........
	507	50.8	5.12483E-001	2.21248E-001	0.00000E+000	5.12200E-001	-2.60825E-004	11	...........
	508	50.9	5.13492E-001	2.21291E-001	0.00000E+000	5.13200E-001	-2.63693E-004	11	...........
	509	51	5.14483E-001	2.21363E-001	0.00000E+000	5.14200E-001	-2.63443E-004	11	...........
	510	51.1	5.15485E-001	2.21352E-001	0.00000E+000	5.15200E-001	-2.66993E-004	11	...........
	511	51.2	5.16479E-001	2.21477E-001	0.00000E+000	5.16200E-001	-2.60775E-004	11	...........
	512	51.3	5.17469E-001	2.21568E-001	0.00000E+000	5.17200E-001	-2.74011E-004	11	...........
	513	51.4	5.18479E-001	2.21552E-001	0.00000E+000	5.18200E-001	-2.61392E-004	11	...........
	514	51.5	5.19471E-001	2.21585E-001	0.00000E+000	5.19200E-001	-2.73361E-004	11	...........
	515	51.6	5.20473E-001	2.21809E-001	0.00000E+000	5.20200E-001	-2.63459E-004	11	...........
	516	51.7	5.21469E-001	2.21872E-001	0.00000E+000	5.21200E-001	-2.69443E-004	11	...........
	517	51.8	5.22463E-001	2.21996E-001	0.00000E+000	5.22200E-001	-2.63459E-004	11	...........
	518	51.9	5.23464E-001	2.21975E-001	0.00000E+000	5.23200E-001	-2.73811E-004	11	...........
	519	52	5.24455E-001	2.22041E-001	0.00000E+000	5.24200E-001	-2.65193E-004	11	...........
	520	52.1	5.25437E-001	2.22099E-001	0.00000E+000	5.25200E-001	-2.76344E-004	11	...........
	521	52.2	5.26450E-001	2.22165E-001	0.00000E+000	5.26200E-001	-2.64359E-004	11	...........
	522	52.3	5.27440E-001	2.22212E-001	0.00000E+000	5.27200E-001	-2.72361E-004	11	...........
	523	52.4	5.28442E-001	2.22483E-001	0.00000E+000	5.28200E-001	-2.60992E-004	11	...........
	524	52.5	5.29435E-001	2.22520E-001	0.00000E+000	5.29200E-001	-2.64259E-004	11	...........
	525	52.6	5.30420E-001	2.22595E-001	0.00000E+000	5.30200E-001	-2.65626E-004	11	...........
	526	52.7	5.31433E-001	2.22565E-001	0.00000E+000	5.31200E-001	-2.61726E-004	11	...........
	527	52.8	5.32433E-001	2.22694E-001	0.00000E+000	5.32200E-001	-2.58492E-004	11	...........
	528	52.9	5.33427E-001	2.22751E-001	0.00000E+000	5.33200E-001	-2.69593E-004	11	...........
	529	53	5.34434E-001	2.22936E-001	0.00000E+000	5.34200E-001	-2.55625E-004	11	...........
	530	53.1	5.35424E-001	2.22944E-001	0.00000E+000	5.35200E-001	-2.70327E-004	11	...........
	531	53.2	5.36427E-001	2.23104E-001	0.00000E+000	5.36200E-001	-2.60409E-004	11	...........
	532	53.3	5.37418E-001	2.23048E-001	0.00000E+000	5.37200E-001	-2.60392E-004	11	...........
	533	53.4	5.38437E-001	2.23197E-001	0.00000E+000	5.38200E-001	-2.62526E-004	11	...........
	534	53.5	5.39452E-001	2.23176E-001	0.00000E+000	5.39200E-001	-2.65343E-004	11	...........
	535	53.6	5.40446E-001	2.23228E-001	0.00000E+000	5.40200E-001	-2.60759E-004	11	...........
	536	53.7	5.41439E-001	2.23303E-001	0.00000E+000	5.41200E-001	-2.70210E-004	11	...........
	537	53.8	5.42446E-001	2.23458E-001	0.00000E+000	5.42200E-001	-2.60775E-004	11	...........
	538	53.9	5.43434E-001	2.23425E-001	0.00000E+000	5.43200E-001	-2.74227E-004	11	...........
	539	54	5.44439E-001	2.23553E-001	0.00000E+000	5.44200E-001	-2.62109E-004	11	...........
	540	54.1	5.45438E-001	2.23675E-001	0.00000E+000	5.45200E-001	-2.69293E-004	11	...........
	541	54.2	5.46430E-001	2.23791E-001	0.00000E+000	5.46200E-001	-2.64726E-004	11	...........
	542	54.3	5.47433E-001	2.23881E-001	0.00000E+000	5.47200E-001	-2.73077E-004	11	...........
	543	54.4	5.48423E-001	2.23929E-001	0.00000E+000	5.48200E-001	-2.69810E-004	11	...........
	544	54.5	5.49417E-001	2.23992E-001	0.00000E+000	5.49200E-001	-2.77211E-004	11	...........
	545	54.6	5.50424E-001	2.24011E-001	0.00000E+000	5.50200E-001	-2.65693E-004	11	...........
	546	54.7	5.51406E-001	2.24072E-001	0.00000E+000	5.51200E-001	-2.71294E-004	11	...........
	547	54.8	5.52412E-001	2.24239E-001	0.00000E+000	5.52200E-001	-2.66893E-004	11	...........
	548	54.9	5.53404E-001	2.24279E-001	0.00000E+000	5.53200E-001	-2.73111E-004	11	...........
	549	55	5.54375E-001	2.24473E-001	0.00000E+000	5.54200E-001	-2.72277E-004	11	...........
	550	55.1	5.55402E-001	2.24446E-001	0.00000E+000	5.55200E-001	-2.69843E-004	11	...........
	551	55.2	5.56391E-001	2.24416E-001	0.00000E+000	5.56200E-001	-2.66693E-004	11	...........
	552	55.3	5.57393E-001	2.24598E-001	0.00000E+000	5.57200E-001	-2.72777E-004	11	...........
	553	55.4	5.58397E-001	2.24670E-001	0.00000E+000	5.58200E-001	-2.65026E-004	11	...........
	554	55.5	5.59385E-001	2.24711E-001	0.00000E+000	5.59200E-001	-2.72277E-004	11	...........
	555	55.6	5.60387E-001	2.24885E-001	0.00000E+000	5.60200E-001	-2.62426E-004	11	...........
	556	55.7	5.61379E-001	2.24923E-001	0.00000E+000	5.61200E-001	-2.69627E-004	11	...........
	557	55.8	5.62365E-001	2.25071E-001	0.00000E+000	5.62200E-001	-2.69277E-004	11	...........
	558	55.9	5.63415E-001	2.25050E-001	0.00000E+000	5.63200E-001	-2.68127E-004	11	...........
	559	56	5.64418E-001	2.25084E-001	0.00000E+000	5.64200E-001	-2.68410E-004	11	...........
	560	56.1	5.65409E-001	2.25199E-001	0.00000E+000	5.65200E-001	-2.74411E-004	11	...........
	561	56.2	5.66416E-001	2.25165E-001	0.00000E+000	5.66200E-001	-2.62609E-004	11	...........
	562	56.3	5.67402E-001	2.25225E-001	0.00000E+000	5.67200E-001	-2.73794E-004	11	...........
	563	56.4	5.68408E-001	2.25387E-001	0.00000E+000	5.68200E-001	-2.67843E-004	11	...........
	564	56.5	5.69393E-001	2.25358E-001	0.00000E+000	5.69200E-001	-2.69960E-004	11	...........
	565	56.6	5.70384E-001	2.25490E-001	0.00000E+000	5.70200E-001	-2.67776E-004	11	...........
	566	56.7	5.71395E-001	2.25531E-001	0.00000E+000	5.71200E-001	-2.73061E-004	11	...........
	567	56.8	5.72391E-001	2.25679E-001	0.00000E+000	5.72200E-001	-2.71327E-004	11	...........
	568	56.9	5.73385E-001	2.25756E-001	0.00000E+000	5.73200E-001	-2.73744E-004	11	...........
	569	57	5.74389E-001	2.25830E-001	0.00000E+000	5.74200E-001	-2.69510E-004	11	...........
	570	57.1	5.75377E-001	2.25833E-001	0.00000E+000	5.75200E-001	-2.73244E-004	11	...........
	571	57.2	5.76367E-001	2.25980E-001	0.00000E+000	5.76200E-001	-2.69510E-004	11	...........
	572	57.3	5.77362E-001	2.26044E-001	0.00000E+000	5.77200E-001	-2.74728E-004	11	...........
	573	57.4	5.78330E-001	2.26151E-001	0.00000E+000	5.78200E-001	-2.77011E-004	11	...........
	574	57.5	5.79360E-001	2.26216E-001	0.00000E+000	5.79200E-001	-2.71360E-004	11	...........
	575	57.6	5.80357E-001	2.26333E-001	0.00000E+000	5.80200E-001	-2.72961E-004	11	...........
	576	57.7	5.81355E-001	2.26464E-001	0.00000E+000	5.81200E-001	-2.73761E-004	11	...........
	577	57.8	5.82351E-001	2.26451E-001	0.00000E+000	5.82200E-001	-2.64559E-004	11	...........
	578	57.9	5.83343E-001	2.26481E-001	0.00000E+000	5.83200E-001	-2.70327E-004	11	...........
	579	58	5.84348E-001	2.26620E-001	0.00000E+000	5.84200E-001	-2.66326E-004	11	...........
	580	58.1	5.85340E-001	2.26687E-001	0.00000E+000	5.85200E-001	-2.67026E-004	11	...........
	581	58.2	5.86322E-001	2.26840E-001	0.00000E+000	5.86200E-001	-2.74394E-004	11	...........
	582	58.3	5.87341E-001	2.26904E-001	0.00000E+000	5.87200E-001	-2.67476E-004	11	...........
	583	58.4	5.88334E-001	2.27013E-001	0.00000E+000	5.88200E-001	-2.71410E-004	11	...........
	584	58.5	5.89361E-001	2.27109E-001	0.00000E+000	5.89200E-001	-2.69910E-004	11	...........
	585	58.6	5.90379E-001	2.27237E-001	0.00000E+000	5.90200E-001	-2.64293E-004	11	...........
	586	58.7	5.91360E-001	2.27090E-001	0.00000E+000	5.91200E-001	-2.74511E-004	11	...........
	587	58.8	5.92366E-001	2.27351E-001	0.00000E+000	5.92200E-001	-2.68677E-004	11	...........
	588	58.9	5.93359E-001	2.27343E-001	0.00000E+000	5.93200E-001	-2.71527E-004	11	...........
	589	59	5.94344E-001	2.27461E-001	0.00000E+000	5.94200E-001	-2.72861E-004	11	...........
	590	59.1	5.95355E-001	2.27484E-001	0.00000E+000	5.95200E-001	-2.68410E-004	11	...........
	591	59.2	5.96350E-001	2.27488E-001	0.00000E+000	5.96200E-001	-2.70544E-004	11	...........
	592	59.3	5.97347E-001	2.27603E-001	0.00000E+000	5.97200E-001	-2.74161E-004	11	...........
	593	59.4	5.98346E-001	2.27656E-001	0.00000E+000	5.98200E-001	-2.71710E-004	11	...........
	594	59.5	5.99336E-001	2.27679E-001	0.00000E+000	5.99200E-001	-2.71177E-004	11	...........
	595	59.6	6.00342E-001	2.27901E-001	0.00000E+000	6.00200E-001	-2.72794E-004	11	...........
	596	59.7	6.01327E-001	2.27892E-001	0.00000E+000	6.01200E-001	-2.75678E-004	11	...........
	597	59.8	6.02288E-001	2.28089E-001	0.00000E+000	6.02200E-001	-2.80845E-004	11	...........
	598	59.9	6.03316E-001	2.28087E-001	0.00000E+000	6.03200E-001	-2.71977E-004	11	...........
	599	60	6.04316E-001	2.28242E-001	0.00000E+000	6.04200E-001	-2.75894E-004	11	...........
	600	60.1	6.05313E-001	2.28368E-001	0.00000E+000	6.05200E-001	-2.70394E-004	11	...........
	601	60.2	6.06317E-001	2.28472E-001	0.00000E+000	6.06200E-001	-2.72644E-004	11	...........
	602	60.3	6.07298E-001	2.28384E-001	0.00000E+000	6.07200E-001	-2.71377E-004	11	...........
	603	60.4	6.08308E-001	2.28555E-001	0.00000E+000	6.08200E-001	-2.69660E-004	11	...........
	604	60.5	6.09303E-001	2.28666E-001	0.00000E+000	6.09200E-001	-2.68360E-004	11	...........
	605	60.6	6.10287E-001	2.28819E-001	0.00000E+000	6.10200E-001	-2.78028E-004	11	...........
	606	60.7	6.11305E-001	2.28874E-001	0.00000E+000	6.11200E-001	-2.65226E-004	11	...........
	607	60.8	6.12298E-001	2.28923E-001	0.00000E+000	6.12200E-001	-2.78261E-004	11	...........
	608	60.9	6.13297E-001	2.29040E-001	0.00000E+000	6.13200E-001	-2.71877E-004	11	...........
	609	61	6.14295E-001	2.29148E-001	0.00000E+000	6.14200E-001	-2.64409E-004	11	...........
	610	61.1	6.15304E-001	2.29123E-001	0.00000E+000	6.15200E-001	-2.70010E-004	11	...........
	611	61.2	6.16314E-001	2.29200E-001	0.00000E+000	6.16200E-001	-2.70794E-004	11	...........
	612	61.3	6.17301E-001	2.29146E-001	0.00000E+000	6.17200E-001	-2.68560E-004	11	...........
	613	61.4	6.18291E-001	2.29315E-001	0.00000E+000	6.18200E-001	-2.75211E-004	11	...........
	614	61.5	6.19302E-001	2.29415E-001	0.00000E+000	6.19200E-001	-2.70260E-004	11	...........
	615	61.6	6.20297E-001	2.29495E-001	0.00000E+000	6.20200E-001	-2.75594E-004	11	...........
	616	61.7	6.21299E-001	2.29633E-001	0.00000E+000	6.21200E-001	-2.71110E-004	11	...........
	617	61.8	6.22300E-001	2.29676E-001	0.00000E+000	6.22200E-001	-2.71177E-004	11	...........
	618	61.9	6.23288E-001	2.29747E-001	0.00000E+000	6.23200E-001	-2.70794E-004	11	...........
	619	62	6.24297E-001	2.29985E-001	0.00000E+000	6.24200E-001	-2.74694E-004	11	...........
	620	62.1	6.25284E-001	2.29883E-001	0.00000E+000	6.25200E-001	-2.74544E-004	11	...........
	621	62.2	6.26276E-001	2.30010E-001	0.00000E+000	6.26200E-001	-2.82279E-004	11	...........
	622	62.3	6.27270E-001	2.30010E-001	0.00000E+000	6.27200E-001	-2.70377E-004	11	...........
	623	62.4	6.28270E-001	2.30135E-001	0.00000E+000	6.28200E-001	-2.78711E-004	11	...........
	624	62.5	6.29269E-001	2.30242E-001	0.00000E+000	6.29200E-001	-2.70860E-004	11	...........
	625	62.6	6.30268E-001	2.30397E-001	0.00000E+000	6.30200E-001	-2.65593E-004	11	...........
	626	62.7	6.31255E-001	2.30500E-001	0.00000E+000	6.31200E-001	-2.72561E-004	11	...........
	627	62.8	6.32266E-001	2.30612E-001	0.00000E+000	6.32200E-001	-2.66443E-004	11	...........
	628	62.9	6.33258E-001	2.30567E-001	0.00000E+000	6.33200E-001	-2.62726E-004	11	...........
	629	63	6.34249E-001	2.30668E-001	0.00000E+000	6.34200E-001	-2.67760E-004	11	...........
	630	63.1	6.35259E-001	2.30690E-001	0.00000E+000	6.35200E-001	-2.61442E-004	11	...........
	631	63.2	6.36254E-001	2.30842E-001	0.00000E+000	6.36200E-001	-2.75928E-004	11	...........
	632	63.3	6.37255E-001	2.30935E-001	0.00000E+000	6.37200E-001	-2.63826E-004	11	...........
	633	63.4	6.38248E-001	2.31003E-001	0.00000E+000	6.38200E-001	-2.62892E-004	11	...........
	634	63.5	6.39234E-001	2.30972E-001	0.00000E+000	6.39200E-001	-2.69810E-004	11	...........
	635	63.6	6.40271E-001	2.31159E-001	0.00000E+000	6.40200E-001	-2.65509E-004	11	...........
	636	63.7	6.41273E-001	2.31254E-001	0.00000E+000	6.41200E-001	-2.67060E-004	11	...........
	637	63.8	6.42261E-001	2.31259E-001	0.00000E+000	6.42200E-001	-2.73927E-004	11	...........
	638	63.9	6.43270E-001	2.31279E-001	0.00000E+000	6.43200E-001	-2.62042E-004	11	...........
	639	64	6.44267E-001	2.31484E-001	0.00000E+000	6.44200E-001	-2.76978E-004	11	...........
	640	64.1	6.45263E-001	2.31561E-001	0.00000E+000	6.45200E-001	-2.67626E-004	11	...........
	641	64.2	6.46259E-001	2.31577E-001	0.00000E+000	6.46200E-001	-2.67226E-004	11	...........
	642	64.3	6.47254E-001	2.31661E-001	0.00000E+000	6.47200E-001	-2.71344E-004	11	...........
	643	64.4	6.48260E-001	2.31763E-001	0.00000E+000	6.48200E-001	-2.76845E-004	11	...........
	644	64.5	6.49252E-001	2.31790E-001	0.00000E+000	6.49200E-001	-2.72977E-004	11	...........
	645	64.6	6.50244E-001	2.31953E-001	0.00000E+000	6.50200E-001	-2.82812E-004	11	...........
	646	64.7	6.51247E-001	2.32049E-001	0.00000E+000	6.51200E-001	-2.75511E-004	11	...........
	647	64.8	6.52240E-001	2.32020E-001	0.00000E+000	6.52200E-001	-2.82112E-004	11	...........
	648	64.9	6.53234E-001	2.32194E-001	0.00000E+000	6.53200E-001	-2.73311E-004	11	...........
	649	65	6.54232E-001	2.32263E-001	0.00000E+000	6.54200E-001	-2.83779E-004	11	...........
	650	65.1	6.55204E-001	2.32313E-001	0.00000E+000	6.55200E-001	-2.75061E-004	11	...........
	651	65.2	6.56228E-001	2.32410E-001	0.00000E+000	6.56200E-001	-2.79428E-004	11	...........
	652	65.3	6.57222E-001	2.32462E-001	0.00000E+000	6.57200E-001	-2.75711E-004	11	...........
	653	65.4	6.58215E-001	2.32691E-001	0.00000E+000	6.58200E-001	-2.82512E-004	11	...........
	654	65.5	6.59222E-001	2.32663E-001	0.00000E+000	6.59200E-001	-2.66860E-004	11	...........
	655	65.6	6.60217E-001	2.32773E-001	0.00000E+000	6.60200E-001	-2.80678E-004	11	...........
	656	65.7	6.61219E-001	2.32903E-001	0.00000E+000	6.61200E-001	-2.71510E-004	11	...........
	657	65.8	6.62216E-001	2.33054E-001	0.00000E+000	6.62200E-001	-2.75244E-004	11	...........
	658	65.9	6.63197E-001	2.33047E-001	0.00000E+000	6.63200E-001	-2.75394E-004	11	...........
	659	66	6.64213E-001	2.33159E-001	0.00000E+000	6.64200E-001	-2.76961E-004	11	...........
	660	66.1	6.65202E-001	2.33146E-001	0.00000E+000	6.65200E-001	-2.71460E-004	11	...........
	661	66.2	6.66228E-001	2.33267E-001	0.00000E+000	6.66200E-001	-2.79778E-004	11	...........
	662	66.3	6.67243E-001	2.33241E-001	0.00000E+000	6.67200E-001	-2.68593E-004	11	...........
	663	66.4	6.68234E-001	2.33289E-001	0.00000E+000	6.68200E-001	-2.80612E-004	11	...........
	664	66.5	6.69233E-001	2.33481E-001	0.00000E+000	6.69200E-001	-2.71344E-004	11	...........
	665	66.6	6.70228E-001	2.33541E-001	0.00000E+000	6.70200E-001	-2.74894E-004	11	...........
	666	66.7	6.71214E-001	2.33580E-001	0.00000E+000	6.71200E-001	-2.73311E-004	11	...........
	667	66.8	6.72228E-001	2.33779E-001	0.00000E+000	6.72200E-001	-2.75994E-004	11	...........
	668	66.9	6.73223E-001	2.33863E-001	0.00000E+000	6.73200E-001	-2.74794E-004	11	...........
	669	67	6.74215E-001	2.33929E-001	0.00000E+000	6.74200E-001	-2.82845E-004	11	...........
	670	67.1	6.75217E-001	2.34019E-001	0.00000E+000	6.75200E-001	-2.71760E-004	11	...........
	671	67.2	6.76209E-001	2.34114E-001	0.00000E+000	6.76200E-001	-2.80362E-004	11	...........
	672	67.3	6.77209E-001	2.34221E-001	0.00000E+000	6.77200E-001	-2.74978E-004	11	...........
	673	67.4	6.78199E-001	2.34246E-001	0.00000E+000	6.78200E-001	-2.85179E-004	11	...........
	674	67.5	6.79156E-001	2.34253E-001	0.00000E+000	6.79200E-001	-2.82512E-004	11	...........
	675	67.6	6.80189E-001	2.34402E-001	0.00000E+000	6.80200E-001	-2.82262E-004	11	...........
	676	67.7	6.81193E-001	2.34687E-001	0.00000E+000	6.81200E-001	-2.76911E-004	11	...........
	677	67.8	6.82190E-001	2.34891E-001	0.00000E+000	6.82200E-001	-2.80145E-004	11	...........
	678	67.9	6.83196E-001	2.34809E-001	0.00000E+000	6.83200E-001	-2.69743E-004	11	...........
	679	68	6.84181E-001	2.34843E-001	0.00000E+000	6.84200E-001	-2.78945E-004	11	...........
	680	68.1	6.85188E-001	2.35025E-001	0.00000E+000	6.85200E-001	-2.71394E-004	11	...........
	681	68.2	6.86176E-001	2.34996E-001	0.00000E+000	6.86200E-001	-2.76178E-004	11	...........
	682	68.3	6.87167E-001	2.35074E-001	0.00000E+000	6.87200E-001	-2.77178E-004	11	...........
	683	68.4	6.88181E-001	2.35337E-001	0.00000E+000	6.88200E-001	-2.73394E-004	11	...........
	684	68.5	6.89174E-001	2.35293E-001	0.00000E+000	6.89200E-001	-2.72394E-004	11	...........
	685	68.6	6.90169E-001	2.35348E-001	0.00000E+000	6.90200E-001	-2.76561E-004	11	...........
	686	68.7	6.91182E-001	2.35350E-001	0.00000E+000	6.91200E-001	-2.67610E-004	11	...........
	687	68.8	6.92200E-001	2.35466E-001	0.00000E+000	6.92200E-001	-2.81662E-004	11	...........
	688	68.9	6.93202E-001	2.35588E-001	0.00000E+000	6.93200E-001	-2.72511E-004	11	...........
	689	69	6.94193E-001	2.35535E-001	0.00000E+000	6.94200E-001	-2.72394E-004	11	...........
	690	69.1	6.95177E-001	2.35616E-001	0.00000E+000	6.95200E-001	-2.78695E-004	11	...........
	691	69.2	6.96190E-001	2.35745E-001	0.00000E+000	6.96200E-001	-2.76778E-004	11	...........
	692	69.3	6.97185E-001	2.35812E-001	0.00000E+000	6.97200E-001	-2.76244E-004	11	...........
	693	69.4	6.98179E-001	2.35877E-001	0.00000E+000	6.98200E-001	-2.81162E-004	11	...........
	694	69.5	6.99182E-001	2.35885E-001	0.00000E+000	6.99200E-001	-2.74394E-004	11	...........
	695	69.6	7.00174E-001	2.36109E-001	0.00000E+000	7.00200E-001	-2.80912E-004	11	...........
	696	69.7	7.01181E-001	2.36326E-001	0.00000E+000	7.01200E-001	-2.76828E-004	11	...........
	697	69.8	7.02169E-001	2.36396E-001	0.00000E+000	7.02200E-001	-2.82162E-004	11	...........
	698	69.9	7.03162E-001	2.36318E-001	0.00000E+000	7.03200E-001	-2.77228E-004	11	...........
	699	70	7.04146E-001	2.36454E-001	0.00000E+000	7.04200E-001	-2.77928E-004	11	...........
	700	70.1	7.05163E-001	2.36532E-001	0.00000E+000	7.05200E-001	-2.74694E-004	11	...........
	701	70.2	7.06146E-001	2.36641E-001	0.00000E+000	7.06200E-001	-2.82395E-004	11	...........
	702	70.3	7.07155E-001	2.36735E-001	0.00000E+000	7.07200E-001	-2.75478E-004	11	...........
	703	70.4	7.08144E-001	2.36860E-001	0.00000E+000	7.08200E-001	-2.77761E-004	11	...........
	704	70.5	7.09149E-001	2.36977E-001	0.00000E+000	7.09200E-001	-2.76428E-004	11	...........
	705	70.6	7.10136E-001	2.36970E-001	0.00000E+000	7.10200E-001	-2.73394E-004	11	...........
	706	70.7	7.11119E-001	2.37003E-001	0.00000E+000	7.11200E-001	-2.80979E-004	11	...........
	707	70.8	7.12137E-001	2.37231E-001	0.00000E+000	7.12200E-001	-2.73344E-004	11	...........
	708	70.9	7.13138E-001	2.37321E-001	0.00000E+000	7.13200E-001	-2.77661E-004	11	...........
	709	71	7.14133E-001	2.37469E-001	0.00000E+000	7.14200E-001	-2.73127E-004	11	...........
	710	71.1	7.15132E-001	2.37475E-001	0.00000E+000	7.15200E-001	-2.72394E-004	11	...........
	711	71.2	7.16121E-001	2.37555E-001	0.00000E+000	7.16200E-001	-2.78195E-004	11	...........
	712	71.3	7.17154E-001	2.37686E-001	0.00000E+000	7.17200E-001	-2.75244E-004	11	...........
	713	71.4	7.18147E-001	2.37698E-001	0.00000E+000	7.18200E-001	-2.79128E-004	11	...........
	714	71.5	7.19130E-001	2.37605E-001	0.00000E+000	7.19200E-001	-2.79712E-004	11	...........
	715	71.6	7.20144E-001	2.37824E-001	0.00000E+000	7.20200E-001	-2.75161E-004	11	...........
	716	71.7	7.21142E-001	2.37963E-001	0.00000E+000	7.21200E-001	-2.79812E-004	11	...........
	717	71.8	7.22133E-001	2.38028E-001	0.00000E+000	7.22200E-001	-2.79395E-004	11	...........
	718	71.9	7.23138E-001	2.38066E-001	0.00000E+000	7.23200E-001	-2.71527E-004	11	...........
	719	72	7.24129E-001	2.38218E-001	0.00000E+000	7.24200E-001	-2.78361E-004	11	...........
	720	72.1	7.25134E-001	2.38377E-001	0.00000E+000	7.25200E-001	-2.77678E-004	11	...........
	721	72.2	7.26122E-001	2.38481E-001	0.00000E+000	7.26200E-001	-2.78528E-004	11	...........
	722	72.3	7.27115E-001	2.38590E-001	0.00000E+000	7.27200E-001	-2.81645E-004	11	...........
	723	72.4	7.28123E-001	2.38766E-001	0.00000E+000	7.28200E-001	-2.80078E-004	11	...........
	724	72.5	7.29117E-001	2.38789E-001	0.00000E+000	7.29200E-001	-2.82695E-004	11	...........
	725	72.6	7.30096E-001	2.38874E-001	0.00000E+000	7.30200E-001	-2.77845E-004	11	...........
	726	72.7	7.31111E-001	2.38917E-001	0.00000E+000	7.31200E-001	-2.79645E-004	11	...........
	727	72.8	7.32100E-001	2.39128E-001	0.00000E+000	7.32200E-001	-2.76161E-004	11	...........
	728	72.9	7.33103E-001	2.39210E-001	0.00000E+000	7.33200E-001	-2.75311E-004	11	...........
	729	73	7.34096E-001	2.39391E-001	0.00000E+000	7.34200E-001	-2.73977E-004	11	...........
	730	73.1	7.35080E-001	2.39358E-001	0.00000E+000	7.35200E-001	-2.82529E-004	11	...........
	731	73.2	7.36097E-001	2.39670E-001	0.00000E+000	7.36200E-001	-2.71310E-004	11	...........
	732	73.3	7.37098E-001	2.39714E-001	0.00000E+000	7.37200E-001	-2.80395E-004	11	...........
	733	73.4	7.38092E-001	2.39808E-001	0.00000E+000	7.38200E-001	-2.74578E-004	11	...........
	734	73.5	7.39092E-001	2.39892E-001	0.00000E+000	7.39200E-001	-2.72377E-004	11	...........
	735	73.6	7.40081E-001	2.39994E-001	0.00000E+000	7.40200E-001	-2.77228E-004	11	...........
	736	73.7	7.41088E-001	2.40127E-001	0.00000E+000	7.41200E-001	-2.74094E-004	11	...........
	737	73.8	7.42078E-001	2.40211E-001	0.00000E+000	7.42200E-001	-2.71027E-004	11	...........
	738	73.9	7.43093E-001	2.40212E-001	0.00000E+000	7.43200E-001	-2.81145E-004	11	...........
	739	74	7.44117E-001	2.40398E-001	0.00000E+000	7.44200E-001	-2.73527E-004	11	...........
	740	74.1	7.45112E-001	2.40436E-001	0.00000E+000	7.45200E-001	-2.79928E-004	11	...........
	741	74.2	7.46105E-001	2.40508E-001	0.00000E+000	7.46200E-001	-2.77145E-004	11	...........
	742	74.3	7.47109E-001	2.40599E-001	0.00000E+000	7.47200E-001	-2.72744E-004	11	...........
	743	74.4	7.48094E-001	2.40665E-001	0.00000E+000	7.48200E-001	-2.77495E-004	11	...........
	744	74.5	7.49102E-001	2.40829E-001	0.00000E+000	7.49200E-001	-2.73394E-004	11	...........
	745	74.6	7.50093E-001	2.40916E-001	0.00000E+000	7.50200E-001	-2.76878E-004	11	...........
	746	74.7	7.51084E-001	2.40971E-001	0.00000E+000	7.51200E-001	-2.84462E-004	11	...........
	747	74.8	7.52092E-001	2.41229E-001	0.00000E+000	7.52200E-001	-2.74978E-004	11	...........
	748	74.9	7.53090E-001	2.41270E-001	0.00000E+000	7.53200E-001	-2.82395E-004	11	...........
	749	75	7.54084E-001	2.41429E-001	0.00000E+000	7.54200E-001	-2.80145E-004	11	...........
	750	75.1	7.55079E-001	2.41375E-001	0.00000E+000	7.55200E-001	-2.83679E-004	11	...........
	751	75.2	7.56071E-001	2.41435E-001	0.00000E+000	7.56200E-001	-2.78828E-004	11	...........
	752	75.3	7.57071E-001	2.41599E-001	0.00000E+000	7.57200E-001	-2.86746E-004	11	...........
	753	75.4	7.58063E-001	2.41822E-001	0.00000E+000	7.58200E-001	-2.78178E-004	11	...........
	754	75.5	7.59050E-001	2.41880E-001	0.00000E+000	7.59200E-001	-2.86913E-004	11	...........
	755	75.6	7.60063E-001	2.42050E-001	0.00000E+000	7.60200E-001	-2.74311E-004	11	...........
	756	75.7	7.61055E-001	2.42050E-001	0.00000E+000	7.61200E-001	-2.84046E-004	11	...........
	757	75.8	7.62057E-001	2.42266E-001	0.00000E+000	7.62200E-001	-2.74111E-004	11	...........
	758	75.9	7.63057E-001	2.42257E-001	0.00000E+000	7.63200E-001	-2.79395E-004	11	...........
	759	76	7.64048E-001	2.42427E-001	0.00000E+000	7.64200E-001	-2.75094E-004	11	...........
	760	76.1	7.65054E-001	2.42543E-001	0.00000E+000	7.65200E-001	-2.75911E-004	11	...........
	761	76.2	7.66046E-001	2.42614E-001	0.00000E+000	7.66200E-001	-2.74194E-004	11	...........
	762	76.3	7.67035E-001	2.42594E-001	0.00000E+000	7.67200E-001	-2.82979E-004	11	...........
	763	76.4	7.68066E-001	2.42749E-001	0.00000E+000	7.68200E-001	-2.71927E-004	11	...........
	764	76.5	7.69080E-001	2.42787E-001	0.00000E+000	7.69200E-001	-2.82029E-004	11	...........
	765	76.6	7.70077E-001	2.43012E-001	0.00000E+000	7.70200E-001	-2.75211E-004	11	...........
	766	76.7	7.71076E-001	2.43011E-001	0.00000E+000	7.71200E-001	-2.73961E-004	11	...........
	767	76.8	7.72069E-001	2.43085E-001	0.00000E+000	7.72200E-001	-2.72877E-004	11	...........
	768	76.9	7.73071E-001	2.43250E-001	0.00000E+000	7.73200E-001	-2.78745E-004	11	...........
	769	77	7.74060E-001	2.43245E-001	0.00000E+000	7.74200E-001	-2.73511E-004	11	...........
	770	77.1	7.75057E-001	2.43314E-001	0.00000E+000	7.75200E-001	-2.83212E-004	11	...........
	771	77.2	7.76063E-001	2.43456E-001	0.00000E+000	7.76200E-001	-2.75194E-004	11	...........
	772	77.3	7.77059E-001	2.43591E-001	0.00000E+000	7.77200E-001	-2.81095E-004	11	...........
	773	77.4	7.78058E-001	2.43716E-001	0.00000E+000	7.78200E-001	-2.74711E-004	11	...........
	774	77.5	7.79050E-001	2.43692E-001	0.00000E+000	7.79200E-001	-2.81862E-004	11	...........
	775	77.6	7.80043E-001	2.43743E-001	0.00000E+000	7.80200E-001	-2.73261E-004	11	...........
	776	77.7	7.81033E-001	2.43900E-001	0.00000E+000	7.81200E-001	-2.81729E-004	11	...........
	777	77.8	7.82039E-001	2.43954E-001	0.00000E+000	7.82200E-001	-2.72127E-004	11	...........
	778	77.9	7.83021E-001	2.43924E-001	0.00000E+000	7.83200E-001	-2.86813E-004	11	...........
	779	78	7.84035E-001	2.44166E-001	0.00000E+000	7.84200E-001	-2.75428E-004	11	...........
	780	78.1	7.85027E-001	2.44242E-001	0.00000E+000	7.85200E-001	-2.85079E-004	11	...........
	781	78.2	7.86025E-001	2.44385E-001	0.00000E+000	7.86200E-001	-2.76094E-004	11	...........
	782	78.3	7.87015E-001	2.44427E-001	0.00000E+000	7.87200E-001	-2.75911E-004	11	...........
	783	78.4	7.88006E-001	2.44531E-001	0.00000E+000	7.88200E-001	-2.77228E-004	11	...........
	784	78.5	7.89014E-001	2.44515E-001	0.00000E+000	7.89200E-001	-2.78928E-004	11	...........
	785	78.6	7.90015E-001	2.44788E-001	0.00000E+000	7.90200E-001	-2.75461E-004	11	...........
	786	78.7	7.91005E-001	2.44802E-001	0.00000E+000	7.91200E-001	-2.79712E-004	11	...........
	787	78.8	7.92009E-001	2.44877E-001	0.00000E+000	7.92200E-001	-2.67726E-004	11	...........
	788	78.9	7.93002E-001	2.44979E-001	0.00000E+000	7.93200E-001	-2.81595E-004	11	...........
	789	79	7.94029E-001	2.45097E-001	0.00000E+000	7.94200E-001	-2.70344E-004	11	...........
	790	79.1	7.95036E-001	2.45064E-001	0.00000E+000	7.95200E-001	-2.77861E-004	11	...........
	791	79.2	7.96026E-001	2.45144E-001	0.00000E+000	7.96200E-001	-2.77545E-004	11	...........
	792	79.3	7.97031E-001	2.45239E-001	0.00000E+000	7.97200E-001	-2.76795E-004	11	...........
	793	79.4	7.98021E-001	2.45345E-001	0.00000E+000	7.98200E-001	-2.75778E-004	11	...........
	794	79.5	7.99011E-001	2.45314E-001	0.00000E+000	7.99200E-001	-2.84846E-004	11	...........
	795	79.6	8.00018E-001	2.45466E-001	0.00000E+000	8.00200E-001	-2.71510E-004	11	...........
	796	79.7	8.01016E-001	2.45606E-001	0.00000E+000	8.01200E-001	-2.81762E-004	11	...........
	797	79.8	8.02014E-001	2.45776E-001	0.00000E+000	8.02200E-001	-2.76861E-004	11	...........
	798	79.9	8.03006E-001	2.45780E-001	0.00000E+000	8.03200E-001	-2.79945E-004	11	...........
	799	80	8.04005E-001	2.45889E-001	0.00000E+000	8.04200E-001	-2.75728E-004	11	...........
	800	80.1	8.05005E-001	2.45971E-001	0.00000E+000	8.05200E-001	-2.85112E-004	11	...........
	801	80.2	8.05999E-001	2.45975E-001	0.00000E+000	8.06200E-001	-2.79045E-004	11	...........
	802	80.3	8.06982E-001	2.46001E-001	0.00000E+000	8.07200E-001	-2.83496E-004	11	...........
	803	80.4	8.07994E-001	2.46268E-001	0.00000E+000	8.08200E-001	-2.76795E-004	11	...........
	804	80.5	8.08986E-001	2.46309E-001	0.00000E+000	8.09200E-001	-2.81212E-004	11	...........
	805	80.6	8.09984E-001	2.46356E-001	0.00000E+000	8.10200E-001	-2.75461E-004	11	...........
	806	80.7	8.10976E-001	2.46528E-001	0.00000E+000	8.11200E-001	-2.81345E-004	11	...........
	807	80.8	8.11969E-001	2.46663E-001	0.00000E+000	8.12200E-001	-2.79412E-004	11	...........
	808	80.9	8.12980E-001	2.46748E-001	0.00000E+000	8.13200E-001	-2.78478E-004	11	...........
	809	81	8.13978E-001	2.46834E-001	0.00000E+000	8.14200E-001	-2.78728E-004	11	...........
	810	81.1	8.14967E-001	2.46893E-001	0.00000E+000	8.15200E-001	-2.81295E-004	11	...........
	811	81.2	8.15974E-001	2.47046E-001	0.00000E+000	8.16200E-001	-2.68943E-004	11	...........
	812	81.3	8.16971E-001	2.47137E-001	0.00000E+000	8.17200E-001	-2.80662E-004	11	...........
	813	81.4	8.17971E-001	2.47223E-001	0.00000E+000	8.18200E-001	-2.73211E-004	11	...........
	814	81.5	8.18958E-001	2.47155E-001	0.00000E+000	8.19200E-001	-2.74928E-004	11	...........
	815	81.6	8.20020E-001	2.47217E-001	0.00000E+000	8.20200E-001	-2.74211E-004	11	...........
	816	81.7	8.21026E-001	2.47339E-001	0.00000E+000	8.21200E-001	-2.76578E-004	11	...........
	817	81.8	8.22015E-001	2.47201E-001	0.00000E+000	8.22200E-001	-2.74994E-004	11	...........
	818	81.9	8.23003E-001	2.47257E-001	0.00000E+000	8.23200E-001	-2.81679E-004	11	...........
	819	82	8.24018E-001	2.47594E-001	0.00000E+000	8.24200E-001	-2.70660E-004	11	...........
	820	82.1	8.25005E-001	2.47573E-001	0.00000E+000	8.25200E-001	-2.83579E-004	11	...........
	821	82.2	8.26007E-001	2.47677E-001	0.00000E+000	8.26200E-001	-2.74994E-004	11	...........
	822	82.3	8.27000E-001	2.47739E-001	0.00000E+000	8.27200E-001	-2.80929E-004	11	...........
	823	82.4	8.27999E-001	2.47885E-001	0.00000E+000	8.28200E-001	-2.74111E-004	11	...........
	824	82.5	8.29003E-001	2.48078E-001	0.00000E+000	8.29200E-001	-2.81495E-004	11	...........
	825	82.6	8.29996E-001	2.48089E-001	0.00000E+000	8.30200E-001	-2.77411E-004	11	...........
	826	82.7	8.30986E-001	2.48059E-001	0.00000E+000	8.31200E-001	-2.85179E-004	11	...........
	827	82.8	8.32005E-001	2.48275E-001	0.00000E+000	8.32200E-001	-2.73394E-004	11	...........
	828	82.9	8.32980E-001	2.48350E-001	0.00000E+000	8.33200E-001	-2.78961E-004	11	...........
	829	83	8.33982E-001	2.48422E-001	0.00000E+000	8.34200E-001	-2.67676E-004	11	...........
	830	83.1	8.34969E-001	2.48493E-001	0.00000E+000	8.35200E-001	-2.65793E-004	11	...........
	831	83.2	8.35959E-001	2.48635E-001	0.00000E+000	8.36200E-001	-2.72244E-004	11	...........
	832	83.3	8.36970E-001	2.48756E-001	0.00000E+000	8.37200E-001	-2.61542E-004	11	...........
	833	83.4	8.37963E-001	2.48769E-001	0.00000E+000	8.38200E-001	-2.59925E-004	11	...........
	834	83.5	8.38958E-001	2.48779E-001	0.00000E+000	8.39200E-001	-2.62909E-004	11	...........
	835	83.6	8.39968E-001	2.48918E-001	0.00000E+000	8.40200E-001	-2.56558E-004	11	...........
	836	83.7	8.40955E-001	2.49005E-001	0.00000E+000	8.41200E-001	-2.73577E-004	11	...........
	837	83.8	8.41962E-001	2.49210E-001	0.00000E+000	8.42200E-001	-2.58642E-004	11	...........
	838	83.9	8.42945E-001	2.49181E-001	0.00000E+000	8.43200E-001	-2.64293E-004	11	...........
	839	84	8.43943E-001	2.49231E-001	0.00000E+000	8.44200E-001	-2.71327E-004	11	...........
	840	84.1	8.44973E-001	2.49366E-001	0.00000E+000	8.45200E-001	-2.62509E-004	11	...........
	841	84.2	8.45983E-001	2.49488E-001	0.00000E+000	8.46200E-001	-2.69193E-004	11	...........
	842	84.3	8.46968E-001	2.49455E-001	0.00000E+000	8.47200E-001	-2.68643E-004	11	...........
	843	84.4	8.47979E-001	2.49579E-001	0.00000E+000	8.48200E-001	-2.57008E-004	11	...........
	844	84.5	8.48968E-001	2.49722E-001	0.00000E+000	8.49200E-001	-2.77245E-004	11	...........
	845	84.6	8.49971E-001	2.49810E-001	0.00000E+000	8.50200E-001	-2.65426E-004	11	...........
	846	84.7	8.50957E-001	2.49823E-001	0.00000E+000	8.51200E-001	-2.64043E-004	11	...........
	847	84.8	8.51957E-001	2.49950E-001	0.00000E+000	8.52200E-001	-2.73694E-004	11	...........
	848	84.9	8.52961E-001	2.49989E-001	0.00000E+000	8.53200E-001	-2.69727E-004	11	...........
	849	85	8.53958E-001	2.50109E-001	0.00000E+000	8.54200E-001	-2.71544E-004	11	...........
	850	85.1	8.54949E-001	2.50146E-001	0.00000E+000	8.55200E-001	-2.74644E-004	11	...........
	851	85.2	8.55956E-001	2.50353E-001	0.00000E+000	8.56200E-001	-2.74177E-004	11	...........
	852	85.3	8.56946E-001	2.50248E-001	0.00000E+000	8.57200E-001	-2.78661E-004	11	...........
	853	85.4	8.57939E-001	2.50432E-001	0.00000E+000	8.58200E-001	-2.78011E-004	11	...........
	854	85.5	8.58927E-001	2.50504E-001	0.00000E+000	8.59200E-001	-2.77911E-004	11	...........
	855	85.6	8.59916E-001	2.50672E-001	0.00000E+000	8.60200E-001	-2.82379E-004	11	...........
	856	85.7	8.60926E-001	2.50783E-001	0.00000E+000	8.61200E-001	-2.73361E-004	11	...........
	857	85.8	8.61930E-001	2.50860E-001	0.00000E+000	8.62200E-001	-2.78495E-004	11	...........
	858	85.9	8.62916E-001	2.50797E-001	0.00000E+000	8.63200E-001	-2.73811E-004	11	...........
	859	86	8.63927E-001	2.51048E-001	0.00000E+000	8.64200E-001	-2.65226E-004	11	...........
	860	86.1	8.64917E-001	2.51028E-001	0.00000E+000	8.65200E-001	-2.77778E-004	11	...........
	861	86.2	8.65921E-001	2.51174E-001	0.00000E+000	8.66200E-001	-2.71110E-004	11	...........
	862	86.3	8.66912E-001	2.51300E-001	0.00000E+000	8.67200E-001	-2.68043E-004	11	...........
	863	86.4	8.67908E-001	2.51379E-001	0.00000E+000	8.68200E-001	-2.74361E-004	11	...........
	864	86.5	8.68908E-001	2.51482E-001	0.00000E+000	8.69200E-001	-2.69460E-004	11	...........
	865	86.6	8.69908E-001	2.51526E-001	0.00000E+000	8.70200E-001	-2.73061E-004	11	...........
	866	86.7	8.70931E-001	2.51523E-001	0.00000E+000	8.71200E-001	-2.71694E-004	11	...........
	867	86.8	8.71954E-001	2.51685E-001	0.00000E+000	8.72200E-001	-2.69243E-004	11	...........
	868	86.9	8.72935E-001	2.51601E-001	0.00000E+000	8.73200E-001	-2.78128E-004	11	...........
	869	87	8.73935E-001	2.51651E-001	0.00000E+000	8.74200E-001	-2.67326E-004	11	...........
	870	87.1	8.74925E-001	2.51907E-001	0.00000E+000	8.75200E-001	-2.73827E-004	11	...........
	871	87.2	8.75924E-001	2.51893E-001	0.00000E+000	8.76200E-001	-2.77311E-004	11	...........
	872	87.3	8.76927E-001	2.52038E-001	0.00000E+000	8.77200E-001	-2.70677E-004	11	...........
	873	87.4	8.77926E-001	2.52092E-001	0.00000E+000	8.78200E-001	-2.78478E-004	11	...........
	874	87.5	8.78915E-001	2.52111E-001	0.00000E+000	8.79200E-001	-2.78978E-004	11	...........
	875	87.6	8.79920E-001	2.52272E-001	0.00000E+000	8.80200E-001	-2.70894E-004	11	...........
	876	87.7	8.80914E-001	2.52394E-001	0.00000E+000	8.81200E-001	-2.78378E-004	11	...........
	877	87.8	8.81911E-001	2.52423E-001	0.00000E+000	8.82200E-001	-2.78578E-004	11	...........
	878	87.9	8.82900E-001	2.52395E-001	0.00000E+000	8.83200E-001	-2.82229E-004	11	...........
	879	88	8.83887E-001	2.52549E-001	0.00000E+000	8.84200E-001	-2.87663E-004	11	...........
	880	88.1	8.84890E-001	2.52681E-001	0.00000E+000	8.85200E-001	-2.76744E-004	11	...........
	881	88.2	8.85894E-001	2.52786E-001	0.00000E+000	8.86200E-001	-2.81862E-004	11	...........
	882	88.3	8.86880E-001	2.52843E-001	0.00000E+000	8.87200E-001	-2.71044E-004	11	...........
	883	88.4	8.87886E-001	2.52976E-001	0.00000E+000	8.88200E-001	-2.72777E-004	11	...........
	884	88.5	8.88879E-001	2.53020E-001	0.00000E+000	8.89200E-001	-2.79162E-004	11	...........
	885	88.6	8.89885E-001	2.53180E-001	0.00000E+000	8.90200E-001	-2.67626E-004	11	...........
	886	88.7	8.90874E-001	2.53217E-001	0.00000E+000	8.91200E-001	-2.69493E-004	11	...........
	887	88.8	8.91873E-001	2.53321E-001	0.00000E+000	8.92200E-001	-2.80779E-004	11	...........
	888	88.9	8.92873E-001	2.53423E-001	0.00000E+000	8.93200E-001	-2.65143E-004	11	...........
	889	89	8.93872E-001	2.53511E-001	0.00000E+000	8.94200E-001	-2.81512E-004	11	...........
	890	89.1	8.94863E-001	2.53472E-001	0.00000E+000	8.95200E-001	-2.72127E-004	11	...........
	891	89.2	8.95867E-001	2.53761E-001	0.00000E+000	8.96200E-001	-2.63409E-004	11	...........
	892	89.3	8.96890E-001	2.53830E-001	0.00000E+000	8.97200E-001	-2.74144E-004	11	...........
	893	89.4	8.97902E-001	2.53949E-001	0.00000E+000	8.98200E-001	-2.67710E-004	11	...........
	894	89.5	8.98888E-001	2.53944E-001	0.00000E+000	8.99200E-001	-2.67860E-004	11	...........
	895	89.6	8.99886E-001	2.54023E-001	0.00000E+000	9.00200E-001	-2.76895E-004	11	...........
	896	89.7	9.00890E-001	2.54155E-001	0.00000E+000	9.01200E-001	-2.68560E-004	11	...........
	897	89.8	9.01888E-001	2.54189E-001	0.00000E+000	9.02200E-001	-2.76744E-004	11	...........
	898	89.9	9.02881E-001	2.54190E-001	0.00000E+000	9.03200E-001	-2.71827E-004	11	...........
	899	90	9.03883E-001	2.54293E-001	0.00000E+000	9.04200E-001	-2.74828E-004	11	...........
	900	90.1	9.04877E-001	2.54419E-001	0.00000E+000	9.05200E-001	-2.77895E-004	11	...........
	901	90.2	9.05879E-001	2.54595E-001	0.00000E+000	9.06200E-001	-2.76511E-004	11	...........
	902	90.3	9.06870E-001	2.54703E-001	0.00000E+000	9.07200E-001	-2.79628E-004	11	...........
	903	90.4	9.07867E-001	2.54757E-001	0.00000E+000	9.08200E-001	-2.86363E-004	11	...........
	904	90.5	9.08860E-001	2.54799E-001	0.00000E+000	9.09200E-001	-2.74044E-004	11	...........
	905	90.6	9.09871E-001	2.54902E-001	0.00000E+000	9.10200E-001	-2.82579E-004	11	...........
	906	90.7	9.10856E-001	2.54964E-001	0.00000E+000	9.11200E-001	-2.77561E-004	11	...........
	907	90.8	9.11854E-001	2.55159E-001	0.00000E+000	9.12200E-001	-2.79912E-004	11	...........
	908	90.9	9.12849E-001	2.55171E-001	0.00000E+000	9.13200E-001	-2.77028E-004	11	...........
	909	91	9.13849E-001	2.55258E-001	0.00000E+000	9.14200E-001	-2.79728E-004	11	...........
	910	91.1	9.14835E-001	2.55263E-001	0.00000E+000	9.15200E-001	-2.71460E-004	11	...........
	911	91.2	9.15837E-001	2.55389E-001	0.00000E+000	9.16200E-001	-2.79878E-004	11	...........
	912	91.3	9.16836E-001	2.55450E-001	0.00000E+000	9.17200E-001	-2.70677E-004	11	...........
	913	91.4	9.17835E-001	2.55635E-001	0.00000E+000	9.18200E-001	-2.79495E-004	11	...........
	914	91.5	9.18828E-001	2.55670E-001	0.00000E+000	9.19200E-001	-2.70327E-004	11	...........
	915	91.6	9.19827E-001	2.55865E-001	0.00000E+000	9.20200E-001	-2.73827E-004	11	...........
	916	91.7	9.20823E-001	2.55900E-001	0.00000E+000	9.21200E-001	-2.75428E-004	11	...........
	917	91.8	9.21854E-001	2.56047E-001	0.00000E+000	9.22200E-001	-2.72761E-004	11	...........
	918	91.9	9.22853E-001	2.56071E-001	0.00000E+000	9.23200E-001	-2.72577E-004	11	...........
	919	92	9.23846E-001	2.56056E-001	0.00000E+000	9.24200E-001	-2.79595E-004	11	...........
	920	92.1	9.24847E-001	2.56173E-001	0.00000E+000	9.25200E-001	-2.65509E-004	11	...........
	921	92.2	9.25844E-001	2.56226E-001	0.00000E+000	9.26200E-001	-2.79878E-004	11	...........
	922	92.3	9.26835E-001	2.56249E-001	0.00000E+000	9.27200E-001	-2.71494E-004	11	...........
	923	92.4	9.27836E-001	2.56476E-001	0.00000E+000	9.28200E-001	-2.70444E-004	11	...........
	924	92.5	9.28841E-001	2.56587E-001	0.00000E+000	9.29200E-001	-2.76878E-004	11	...........
	925	92.6	9.29838E-001	2.56633E-001	0.00000E+000	9.30200E-001	-2.73994E-004	11	...........
	926	92.7	9.30830E-001	2.56732E-001	0.00000E+000	9.31200E-001	-2.71777E-004	11	...........
	927	92.8	9.31824E-001	2.56799E-001	0.00000E+000	9.32200E-001	-2.80645E-004	11	...........
	928	92.9	9.32830E-001	2.56907E-001	0.00000E+000	9.33200E-001	-2.75928E-004	11	...........
	929	93	9.33826E-001	2.56963E-001	0.00000E+000	9.34200E-001	-2.81695E-004	11	...........
	930	93.1	9.34820E-001	2.57061E-001	0.00000E+000	9.35200E-001	-2.76328E-004	11	...........
	931	93.2	9.35810E-001	2.57089E-001	0.00000E+000	9.36200E-001	-2.79495E-004	11	...........
	932	93.3	9.36814E-001	2.57279E-001	0.00000E+000	9.37200E-001	-2.76695E-004	11	...........
	933	93.4	9.37813E-001	2.57422E-001	0.00000E+000	9.38200E-001	-2.70177E-004	11	...........
	934	93.5	9.38810E-001	2.57527E-001	0.00000E+000	9.39200E-001	-2.71577E-004	11	...........
	935	93.6	9.39798E-001	2.57466E-001	0.00000E+000	9.40200E-001	-2.76628E-004	11	...........
	936	93.7	9.40803E-001	2.57595E-001	0.00000E+000	9.41200E-001	-2.60459E-004	11	...........
	937	93.8	9.41801E-001	2.57691E-001	0.00000E+000	9.42200E-001	-2.79162E-004	11	...........
	938	93.9	9.42800E-001	2.57713E-001	0.00000E+000	9.43200E-001	-2.67126E-004	11	...........
	939	94	9.43792E-001	2.57978E-001	0.00000E+000	9.44200E-001	-2.62459E-004	11	...........
	940	94.1	9.44794E-001	2.58085E-001	0.00000E+000	9.45200E-001	-2.71527E-004	11	...........
	941	94.2	9.45790E-001	2.58142E-001	0.00000E+000	9.46200E-001	-2.66443E-004	11	...........
	942	94.3	9.46788E-001	2.58163E-001	0.00000E+000	9.47200E-001	-2.68810E-004	11	...........
	943	94.4	9.47806E-001	2.58232E-001	0.00000E+000	9.48200E-001	-2.71027E-004	11	...........
	944	94.5	9.48821E-001	2.58285E-001	0.00000E+000	9.49200E-001	-2.64743E-004	11	...........
	945	94.6	9.49815E-001	2.58391E-001	0.00000E+000	9.50200E-001	-2.75228E-004	11	...........
	946	94.7	9.50810E-001	2.58394E-001	0.00000E+000	9.51200E-001	-2.65893E-004	11	...........
	947	94.8	9.51804E-001	2.58509E-001	0.00000E+000	9.52200E-001	-2.69460E-004	11	...........
	948	94.9	9.52799E-001	2.58495E-001	0.00000E+000	9.53200E-001	-2.73844E-004	11	...........
	949	95	9.53803E-001	2.58684E-001	0.00000E+000	9.54200E-001	-2.69710E-004	11	...........
	950	95.1	9.54796E-001	2.58671E-001	0.00000E+000	9.55200E-001	-2.75194E-004	11	...........
	951	95.2	9.55796E-001	2.58896E-001	0.00000E+000	9.56200E-001	-2.79945E-004	11	...........
	952	95.3	9.56797E-001	2.59069E-001	0.00000E+000	9.57200E-001	-2.68077E-004	11	...........
	953	95.4	9.57794E-001	2.59113E-001	0.00000E+000	9.58200E-001	-2.81779E-004	11	...........
	954	95.5	9.58787E-001	2.59125E-001	0.00000E+000	9.59200E-001	-2.76578E-004	11	...........
	955	95.6	9.59781E-001	2.59260E-001	0.00000E+000	9.60200E-001	-2.83696E-004	11	...........
	956	95.7	9.60779E-001	2.59337E-001	0.00000E+000	9.61200E-001	-2.75228E-004	11	...........
	957	95.8	9.61778E-001	2.59459E-001	0.00000E+000	9.62200E-001	-2.77378E-004	11	...........
	958	95.9	9.62780E-001	2.59637E-001	0.00000E+000	9.63200E-001	-2.75961E-004	11	...........
	959	96	9.63771E-001	2.59719E-001	0.00000E+000	9.64200E-001	-2.78395E-004	11	...........
	960	96.1	9.64772E-001	2.59771E-001	0.00000E+000	9.65200E-001	-2.70194E-004	11	...........
	961	96.2	9.65769E-001	2.59844E-001	0.00000E+000	9.66200E-001	-2.78945E-004	11	...........
	962	96.3	9.66759E-001	2.59821E-001	0.00000E+000	9.67200E-001	-2.69727E-004	11	...........
	963	96.4	9.67754E-001	2.60005E-001	0.00000E+000	9.68200E-001	-2.75328E-004	11	...........
	964	96.5	9.68751E-001	2.60100E-001	0.00000E+000	9.69200E-001	-2.75644E-004	11	...........
	965	96.6	9.69752E-001	2.60229E-001	0.00000E+000	9.70200E-001	-2.68877E-004	11	...........
	966	96.7	9.70752E-001	2.60259E-001	0.00000E+000	9.71200E-001	-2.72644E-004	11	...........
	967	96.8	9.71740E-001	2.60306E-001	0.00000E+000	9.72200E-001	-2.75594E-004	11	...........
	968	96.9	9.72753E-001	2.60423E-001	0.00000E+000	9.73200E-001	-2.64359E-004	11	...........
	969	97	9.73781E-001	2.60456E-001	0.00000E+000	9.74200E-001	-2.79145E-004	11	...........
	970	97.1	9.74775E-001	2.60435E-001	0.00000E+000	9.75200E-001	-2.68627E-004	11	...........
	971	97.2	9.75769E-001	2.60679E-001	0.00000E+000	9.76200E-001	-2.71410E-004	11	...........
	972	97.3	9.76768E-001	2.60786E-001	0.00000E+000	9.77200E-001	-2.73911E-004	11	...........
	973	97.4	9.77767E-001	2.60865E-001	0.00000E+000	9.78200E-001	-2.71477E-004	11	...........
	974	97.5	9.78762E-001	2.60861E-001	0.00000E+000	9.79200E-001	-2.72911E-004	11	...........
	975	97.6	9.79761E-001	2.60984E-001	0.00000E+000	9.80200E-001	-2.74694E-004	11	...........
	976	97.7	9.80767E-001	2.61078E-001	0.00000E+000	9.81200E-001	-2.70277E-004	11	...........
	977	97.8	9.81760E-001	2.61169E-001	0.00000E+000	9.82200E-001	-2.78845E-004	11	...........
	978	97.9	9.82755E-001	2.61172E-001	0.00000E+000	9.83200E-001	-2.71294E-004	11	...........
	979	98	9.83751E-001	2.61405E-001	0.00000E+000	9.84200E-001	-2.82429E-004	11	...........
	980	98.1	9.84748E-001	2.61350E-001	0.00000E+000	9.85200E-001	-2.77611E-004	11	...........
	981	98.2	9.85735E-001	2.61552E-001	0.00000E+000	9.86200E-001	-2.75578E-004	11	...........
	982	98.3	9.86748E-001	2.61612E-001	0.00000E+000	9.87200E-001	-2.78545E-004	11	...........
	983	98.4	9.87732E-001	2.61630E-001	0.00000E+000	9.88200E-001	-2.80645E-004	11	...........
	984	98.5	9.88734E-001	2.61956E-001	0.00000E+000	9.89200E-001	-2.71344E-004	11	...........
	985	98.6	9.89737E-001	2.62061E-001	0.00000E+000	9.90200E-001	-2.79028E-004	11	...........
	986	98.7	9.90723E-001	2.61930E-001	0.00000E+000	9.91200E-001	-2.72611E-004	11	...........
	987	98.8	9.91715E-001	2.62130E-001	0.00000E+000	9.92200E-001	-2.69710E-004	11	...........
	988	98.9	9.92716E-001	2.62223E-001	0.00000E+000	9.93200E-001	-2.75461E-004	11	...........
	989	99	9.93718E-001	2.62320E-001	0.00000E+000	9.94200E-001	-2.69477E-004	11	...........
	990	99.1	9.94716E-001	2.62436E-001	0.00000E+000	9.95200E-001	-2.73594E-004	11	...........
	991	99.2	9.95711E-001	2.62576E-001	0.00000E+000	9.96200E-001	-2.70344E-004	11	...........
	992	99.3	9.96708E-001	2.62634E-001	0.00000E+000	9.97200E-001	-2.64209E-004	11	...........
	993	99.4	9.97706E-001	2.62679E-001	0.00000E+000	9.98200E-001	-2.76511E-004	11	...........
	994	99.5	9.98729E-001	2.62721E-001	0.00000E+000	9.99200E-001	-2.66110E-004	11	...........
	995	99.6	9.99733E-001	2.62862E-001	0.00000E+000	1.00020E+000	-2.71444E-004	11	...........
	996	99.7	1.00073E+000	2.62885E-001	0.00000E+000	1.00120E+000	-2.75511E-004	11	...........
	997	99.8	1.00173E+000	2.63070E-001	0.00000E+000	1.00220E+000	-2.67210E-004	11	...........
	998	99.9	1.00273E+000	2.63145E-001	0.00000E+000	1.00320E+000	-2.72244E-004	11	...........
	999	100	1.00372E+000	2.63097E-001	0.00000E+000	1.00420E+000	-2.75378E-004	11	...........
	1000	100.1	1.00472E+000	2.63272E-001	0.00000E+000	1.00520E+000	-2.67376E-004	11	...........
	1001	100.2	1.00572E+000	2.63394E-001	0.00000E+000	1.00620E+000	-2.77911E-004	11	...........
	1002	100.3	1.00673E+000	2.63491E-001	0.00000E+000	1.00720E+000	-2.73727E-004	11	...........
	1003	100.4	1.00772E+000	2.63691E-001	0.00000E+000	1.00820E+000	-2.73311E-004	11	...........
	1004	100.5	1.00872E+000	2.63684E-001	0.00000E+000	1.00920E+000	-2.77695E-004	11	...........
	1005	100.6	1.00972E+000	2.63784E-001	0.00000E+000	1.01020E+000	-2.77028E-004	11	...........
	1006	100.7	1.01071E+000	2.63781E-001	0.00000E+000	1.01120E+000	-2.78378E-004	11	...........
	1007	100.8	1.01170E+000	2.63905E-001	0.00000E+000	1.01220E+000	-2.76711E-004	11	...........
	1008	100.9	1.01270E+000	2.63908E-001	0.00000E+000	1.01320E+000	-2.83246E-004	11	...........
	1009	101	1.01370E+000	2.64044E-001	0.00000E+000	1.01420E+000	-2.73177E-004	11	...........
	1010	101.1	1.01470E+000	2.64262E-001	0.00000E+000	1.01520E+000	-2.72877E-004	11	...........
	1011	101.2	1.01569E+000	2.64440E-001	0.00000E+000	1.01620E+000	-2.75794E-004	11	...........
	1012	101.3	1.01668E+000	2.64405E-001	0.00000E+000	1.01720E+000	-2.81162E-004	11	...........
	1013	101.4	1.01768E+000	2.64528E-001	0.00000E+000	1.01820E+000	-2.68293E-004	11	...........
	1014	101.5	1.01868E+000	2.64552E-001	0.00000E+000	1.01920E+000	-2.79978E-004	11	...........
	1015	101.6	1.01968E+000	2.64737E-001	0.00000E+000	1.02020E+000	-2.70094E-004	11	...........
	1016	101.7	1.02067E+000	2.64887E-001	0.00000E+000	1.02120E+000	-2.67660E-004	11	...........
	1017	101.8	1.02168E+000	2.65000E-001	0.00000E+000	1.02220E+000	-2.74394E-004	11	...........
	1018	101.9	1.02267E+000	2.64934E-001	0.00000E+000	1.02320E+000	-2.70127E-004	11	...........
	1019	102	1.02366E+000	2.65153E-001	0.00000E+000	1.02420E+000	-2.69810E-004	11	...........
	1020	102.1	1.02468E+000	2.65179E-001	0.00000E+000	1.02520E+000	-2.76211E-004	11	...........
	1021	102.2	1.02569E+000	2.65326E-001	0.00000E+000	1.02620E+000	-2.67860E-004	11	...........
	1022	102.3	1.02668E+000	2.65268E-001	0.00000E+000	1.02720E+000	-2.72377E-004	11	...........
	1023	102.4	1.02768E+000	2.65407E-001	0.00000E+000	1.02820E+000	-2.69660E-004	11	...........
	1024	102.5	1.02868E+000	2.65477E-001	0.00000E+000	1.02920E+000	-2.69193E-004	11	...........
	1025	102.6	1.02967E+000	2.65545E-001	0.00000E+000	1.03020E+000	-2.72844E-004	11	...........
	1026	102.7	1.03067E+000	2.65500E-001	0.00000E+000	1.03120E+000	-2.65126E-004	11	...........
	1027	102.8	1.03166E+000	2.65734E-001	0.00000E+000	1.03220E+000	-2.70627E-004	11	...........
	1028	102.9	1.03266E+000	2.65769E-001	0.00000E+000	1.03320E+000	-2.76061E-004	11	...........
	1029	103	1.03366E+000	2.65937E-001	0.00000E+000	1.03420E+000	-2.67643E-004	11	...........
	1030	103.1	1.03466E+000	2.65978E-001	0.00000E+000	1.03520E+000	-2.81079E-004	11	...........
	1031	103.2	1.03565E+000	2.66033E-001	0.00000E+000	1.03620E+000	-2.75928E-004	11	...........
	1032	103.3	1.03665E+000	2.66145E-001	0.00000E+000	1.03720E+000	-2.82829E-004	11	...........
	1033	103.4	1.03766E+000	2.66265E-001	0.00000E+000	1.03820E+000	-2.71227E-004	11	...........
	1034	103.5	1.03865E+000	2.66322E-001	0.00000E+000	1.03920E+000	-2.70194E-004	11	...........
	1035	103.6	1.03964E+000	2.66619E-001	0.00000E+000	1.04020E+000	-2.64926E-004	11	...........
	1036	103.7	1.04064E+000	2.66598E-001	0.00000E+000	1.04120E+000	-2.71594E-004	11	...........
	1037	103.8	1.04164E+000	2.66766E-001	0.00000E+000	1.04220E+000	-2.56008E-004	11	...........
	1038	103.9	1.04263E+000	2.66740E-001	0.00000E+000	1.04320E+000	-2.69410E-004	11	...........
	1039	104	1.04363E+000	2.66875E-001	0.00000E+000	1.04420E+000	-2.56775E-004	11	...........
	1040	104.1	1.04463E+000	2.67002E-001	0.00000E+000	1.04520E+000	-2.58992E-004	11	...........
	1041	104.2	1.04563E+000	2.67124E-001	0.00000E+000	1.04620E+000	-2.69327E-004	11	...........
	1042	104.3	1.04662E+000	2.67115E-001	0.00000E+000	1.04720E+000	-2.57625E-004	11	...........
	1043	104.4	1.04762E+000	2.67325E-001	0.00000E+000	1.04820E+000	-2.61992E-004	11	...........
	1044	104.5	1.04862E+000	2.67299E-001	0.00000E+000	1.04920E+000	-2.65793E-004	11	...........
	1045	104.6	1.04963E+000	2.67487E-001	0.00000E+000	1.05020E+000	-2.55258E-004	11	...........
	1046	104.7	1.05065E+000	2.67470E-001	0.00000E+000	1.05120E+000	-2.72861E-004	11	...........
	1047	104.8	1.05164E+000	2.67436E-001	0.00000E+000	1.05220E+000	-2.62709E-004	11	...........
	1048	104.9	1.05264E+000	2.67650E-001	0.00000E+000	1.05320E+000	-2.55241E-004	11	...........
	1049	105	1.05364E+000	2.67766E-001	0.00000E+000	1.05420E+000	-2.71294E-004	11	...........
	1050	105.1	1.05463E+000	2.67703E-001	0.00000E+000	1.05520E+000	-2.64543E-004	11	...........
	1051	105.2	1.05563E+000	2.67930E-001	0.00000E+000	1.05620E+000	-2.62126E-004	11	...........
	1052	105.3	1.05662E+000	2.67949E-001	0.00000E+000	1.05720E+000	-2.70444E-004	11	...........
	1053	105.4	1.05762E+000	2.67986E-001	0.00000E+000	1.05820E+000	-2.63376E-004	11	...........
	1054	105.5	1.05862E+000	2.68120E-001	0.00000E+000	1.05920E+000	-2.75261E-004	11	...........
	1055	105.6	1.05962E+000	2.68312E-001	0.00000E+000	1.06020E+000	-2.68827E-004	11	...........
	1056	105.7	1.06062E+000	2.68368E-001	0.00000E+000	1.06120E+000	-2.75244E-004	11	...........
	1057	105.8	1.06161E+000	2.68374E-001	0.00000E+000	1.06220E+000	-2.71777E-004	11	...........
	1058	105.9	1.06260E+000	2.68449E-001	0.00000E+000	1.06320E+000	-2.75894E-004	11	...........
	1059	106	1.06361E+000	2.68587E-001	0.00000E+000	1.06420E+000	-2.77811E-004	11	...........
	1060	106.1	1.06461E+000	2.68782E-001	0.00000E+000	1.06520E+000	-2.86063E-004	11	...........
	1061	106.2	1.06560E+000	2.68959E-001	0.00000E+000	1.06620E+000	-2.66010E-004	11	...........
	1062	106.3	1.06660E+000	2.69011E-001	0.00000E+000	1.06720E+000	-2.77111E-004	11	...........
	1063	106.4	1.06759E+000	2.69032E-001	0.00000E+000	1.06820E+000	-2.66826E-004	11	...........
	1064	106.5	1.06858E+000	2.69182E-001	0.00000E+000	1.06920E+000	-2.65359E-004	11	...........
	1065	106.6	1.06958E+000	2.69215E-001	0.00000E+000	1.07020E+000	-2.69693E-004	11	...........
	1066	106.7	1.07058E+000	2.69275E-001	0.00000E+000	1.07120E+000	-2.70244E-004	11	...........
	1067	106.8	1.07158E+000	2.69526E-001	0.00000E+000	1.07220E+000	-2.66626E-004	11	...........
	1068	106.9	1.07257E+000	2.69546E-001	0.00000E+000	1.07320E+000	-2.69377E-004	11	...........
	1069	107	1.07357E+000	2.69626E-001	0.00000E+000	1.07420E+000	-2.64393E-004	11	...........
	1070	107.1	1.07457E+000	2.69681E-001	0.00000E+000	1.07520E+000	-2.74594E-004	11	...........
	1071	107.2	1.07560E+000	2.69718E-001	0.00000E+000	1.07620E+000	-2.64326E-004	11	...........
	1072	107.3	1.07660E+000	2.69855E-001	0.00000E+000	1.07720E+000	-2.69143E-004	11	...........
	1073	107.4	1.07760E+000	2.69867E-001	0.00000E+000	1.07820E+000	-2.69943E-004	11	...........
	1074	107.5	1.07860E+000	2.69974E-001	0.00000E+000	1.07920E+000	-2.65676E-004	11	...........
	1075	107.6	1.07959E+000	2.70100E-001	0.00000E+000	1.08020E+000	-2.68710E-004	11	...........
	1076	107.7	1.08058E+000	2.70080E-001	0.00000E+000	1.08120E+000	-2.76311E-004	11	...........
	1077	107.8	1.08159E+000	2.70313E-001	0.00000E+000	1.08220E+000	-2.62626E-004	11	...........
	1078	107.9	1.08259E+000	2.70401E-001	0.00000E+000	1.08320E+000	-2.73611E-004	11	...........
	1079	108	1.08359E+000	2.70511E-001	0.00000E+000	1.08420E+000	-2.68693E-004	11	...........
	1080	108.1	1.08458E+000	2.70663E-001	0.00000E+000	1.08520E+000	-2.69660E-004	11	...........
	1081	108.2	1.08558E+000	2.70734E-001	0.00000E+000	1.08620E+000	-2.69227E-004	11	...........
	1082	108.3	1.08657E+000	2.70677E-001	0.00000E+000	1.08720E+000	-2.74461E-004	11	...........
	1083	108.4	1.08757E+000	2.70823E-001	0.00000E+000	1.08820E+000	-2.75844E-004	11	...........
	1084	108.5	1.08857E+000	2.70882E-001	0.00000E+000	1.08920E+000	-2.80028E-004	11	...........
	1085	108.6	1.08956E+000	2.71092E-001	0.00000E+000	1.09020E+000	-2.69460E-004	11	...........
	1086	108.7	1.09057E+000	2.71232E-001	0.00000E+000	1.09120E+000	-2.76578E-004	11	...........
	1087	108.8	1.09157E+000	2.71443E-001	0.00000E+000	1.09220E+000	-2.68710E-004	11	...........
	1088	108.9	1.09255E+000	2.71573E-001	0.00000E+000	1.09320E+000	-2.69893E-004	11	...........
	1089	109	1.09355E+000	2.71558E-001	0.00000E+000	1.09420E+000	-2.71244E-004	11	...........
	1090	109.1	1.09455E+000	2.71612E-001	0.00000E+000	1.09520E+000	-2.61009E-004	11	...........
	1091	109.2	1.09556E+000	2.71795E-001	0.00000E+000	1.09620E+000	-2.67576E-004	11	...........
	1092	109.3	1.09655E+000	2.71882E-001	0.00000E+000	1.09720E+000	-2.67710E-004	11	...........
	1093	109.4	1.09755E+000	2.72056E-001	0.00000E+000	1.09820E+000	-2.57542E-004	11	...........
	1094	109.5	1.09855E+000	2.72093E-001	0.00000E+000	1.09920E+000	-2.74277E-004	11	...........
	1095	109.6	1.09954E+000	2.72043E-001	0.00000E+000	1.10020E+000	-2.61526E-004	11	...........
	1096	109.7	1.10053E+000	2.72168E-001	0.00000E+000	1.10120E+000	-2.62226E-004	11	...........
	1097	109.8	1.10156E+000	2.72208E-001	0.00000E+000	1.10220E+000	-2.65943E-004	11	...........
	1098	109.9	1.10256E+000	2.72225E-001	0.00000E+000	1.10320E+000	-2.62859E-004	11	...........
	1099	110	1.10357E+000	2.72488E-001	0.00000E+000	1.10420E+000	-2.64943E-004	11	...........
	1100	110.1	1.10455E+000	2.72406E-001	0.00000E+000	1.10520E+000	-2.69960E-004	11	...........
	1101	110.2	1.10556E+000	2.72565E-001	0.00000E+000	1.10620E+000	-2.63259E-004	11	...........
	1102	110.3	1.10655E+000	2.72646E-001	0.00000E+000	1.10720E+000	-2.73244E-004	11	...........
	1103	110.4	1.10755E+000	2.72712E-001	0.00000E+000	1.10820E+000	-2.63959E-004	11	...........
	1104	110.5	1.10855E+000	2.72850E-001	0.00000E+000	1.10920E+000	-2.72010E-004	11	...........
	1105	110.6	1.10955E+000	2.72993E-001	0.00000E+000	1.11020E+000	-2.71127E-004	11	...........
	1106	110.7	1.11054E+000	2.73049E-001	0.00000E+000	1.11120E+000	-2.64693E-004	11	...........
	1107	110.8	1.11154E+000	2.73216E-001	0.00000E+000	1.11220E+000	-2.73477E-004	11	...........
	1108	110.9	1.11254E+000	2.73177E-001	0.00000E+000	1.11320E+000	-2.79612E-004	11	...........
	1109	111	1.11354E+000	2.73402E-001	0.00000E+000	1.11420E+000	-2.68810E-004	11	...........
	1110	111.1	1.11455E+000	2.73413E-001	0.00000E+000	1.11520E+000	-2.67260E-004	11	...........
	1111	111.2	1.11553E+000	2.73489E-001	0.00000E+000	1.11620E+000	-2.74978E-004	11	...........
	1112	111.3	1.11652E+000	2.73718E-001	0.00000E+000	1.11720E+000	-2.72877E-004	11	...........
	1113	111.4	1.11752E+000	2.73768E-001	0.00000E+000	1.11820E+000	-2.76811E-004	11	...........
	1114	111.5	1.11852E+000	2.73747E-001	0.00000E+000	1.11920E+000	-2.68460E-004	11	...........
	1115	111.6	1.11952E+000	2.73997E-001	0.00000E+000	1.12020E+000	-2.70394E-004	11	...........
	1116	111.7	1.12051E+000	2.73972E-001	0.00000E+000	1.12120E+000	-2.69493E-004	11	...........
	1117	111.8	1.12151E+000	2.74145E-001	0.00000E+000	1.12220E+000	-2.64709E-004	11	...........
	1118	111.9	1.12252E+000	2.74243E-001	0.00000E+000	1.12320E+000	-2.71927E-004	11	...........
	1119	112	1.12351E+000	2.74333E-001	0.00000E+000	1.12420E+000	-2.64193E-004	11	...........
	1120	112.1	1.12451E+000	2.74451E-001	0.00000E+000	1.12520E+000	-2.65609E-004	11	...........
	1121	112.2	1.12550E+000	2.74495E-001	0.00000E+000	1.12620E+000	-2.72711E-004	11	...........
	1122	112.3	1.12652E+000	2.74590E-001	0.00000E+000	1.12720E+000	-2.63259E-004	11	...........
	1123	112.4	1.12753E+000	2.74671E-001	0.00000E+000	1.12820E+000	-2.70510E-004	11	...........
	1124	112.5	1.12852E+000	2.74652E-001	0.00000E+000	1.12920E+000	-2.66493E-004	11	...........
	1125	112.6	1.12952E+000	2.74861E-001	0.00000E+000	1.13020E+000	-2.57292E-004	11	...........
	1126	112.7	1.13052E+000	2.74867E-001	0.00000E+000	1.13120E+000	-2.74778E-004	11	...........
	1127	112.8	1.13151E+000	2.74967E-001	0.00000E+000	1.13220E+000	-2.64893E-004	11	...........
	1128	112.9	1.13250E+000	2.75087E-001	0.00000E+000	1.13320E+000	-2.65526E-004	11	...........
	1129	113	1.13351E+000	2.75190E-001	0.00000E+000	1.13420E+000	-2.70677E-004	11	...........
	1130	113.1	1.13451E+000	2.75302E-001	0.00000E+000	1.13520E+000	-2.67593E-004	11	...........
	1131	113.2	1.13551E+000	2.75492E-001	0.00000E+000	1.13620E+000	-2.72894E-004	11	...........
	1132	113.3	1.13650E+000	2.75533E-001	0.00000E+000	1.13720E+000	-2.67526E-004	11	...........
	1133	113.4	1.13749E+000	2.75634E-001	0.00000E+000	1.13820E+000	-2.71527E-004	11	...........
	1134	113.5	1.13850E+000	2.75722E-001	0.00000E+000	1.13920E+000	-2.70060E-004	11	...........
	1135	113.6	1.13950E+000	2.75795E-001	0.00000E+000	1.14020E+000	-2.74661E-004	11	...........
	1136	113.7	1.14050E+000	2.75793E-001	0.00000E+000	1.14120E+000	-2.76695E-004	11	...........
	1137	113.8	1.14149E+000	2.75988E-001	0.00000E+000	1.14220E+000	-2.77495E-004	11	...........
	1138	113.9	1.14248E+000	2.76070E-001	0.00000E+000	1.14320E+000	-2.65243E-004	11	...........
	1139	114	1.14348E+000	2.76233E-001	0.00000E+000	1.14420E+000	-2.69960E-004	11	...........
	1140	114.1	1.14448E+000	2.76232E-001	0.00000E+000	1.14520E+000	-2.65093E-004	11	...........
	1141	114.2	1.14547E+000	2.76397E-001	0.00000E+000	1.14620E+000	-2.52107E-004	11	...........
	1142	114.3	1.14648E+000	2.76472E-001	0.00000E+000	1.14720E+000	-2.68860E-004	11	...........
	1143	114.4	1.14748E+000	2.76612E-001	0.00000E+000	1.14820E+000	-2.60792E-004	11	...........
	1144	114.5	1.14847E+000	2.76731E-001	0.00000E+000	1.14920E+000	-2.59425E-004	11	...........
	1145	114.6	1.14946E+000	2.76789E-001	0.00000E+000	1.15020E+000	-2.64526E-004	11	...........
	1146	114.7	1.15046E+000	2.76672E-001	0.00000E+000	1.15120E+000	-2.59859E-004	11	...........
	1147	114.8	1.15146E+000	2.76943E-001	0.00000E+000	1.15220E+000	-2.66610E-004	11	...........
	1148	114.9	1.15248E+000	2.77005E-001	0.00000E+000	1.15320E+000	-2.60925E-004	11	...........
	1149	115	1.15349E+000	2.77122E-001	0.00000E+000	1.15420E+000	-2.60059E-004	11	...........
	1150	115.1	1.15449E+000	2.77143E-001	0.00000E+000	1.15520E+000	-2.70460E-004	11	...........
	1151	115.2	1.15548E+000	2.77294E-001	0.00000E+000	1.15620E+000	-2.57108E-004	11	...........
	1152	115.3	1.15647E+000	2.77396E-001	0.00000E+000	1.15720E+000	-2.64859E-004	11	...........
	1153	115.4	1.15747E+000	2.77406E-001	0.00000E+000	1.15820E+000	-2.72411E-004	11	...........
	1154	115.5	1.15847E+000	2.77464E-001	0.00000E+000	1.15920E+000	-2.63292E-004	11	...........
	1155	115.6	1.15947E+000	2.77613E-001	0.00000E+000	1.16020E+000	-2.71894E-004	11	...........
	1156	115.7	1.16047E+000	2.77780E-001	0.00000E+000	1.16120E+000	-2.68677E-004	11	...........
	1157	115.8	1.16146E+000	2.77852E-001	0.00000E+000	1.16220E+000	-2.64143E-004	11	...........
	1158	115.9	1.16247E+000	2.77927E-001	0.00000E+000	1.16320E+000	-2.70160E-004	11	...........
	1159	116	1.16346E+000	2.78013E-001	0.00000E+000	1.16420E+000	-2.72577E-004	11	...........
	1160	116.1	1.16445E+000	2.78098E-001	0.00000E+000	1.16520E+000	-2.74678E-004	11	...........
	1161	116.2	1.16545E+000	2.78158E-001	0.00000E+000	1.16620E+000	-2.77545E-004	11	...........
	1162	116.3	1.16646E+000	2.78257E-001	0.00000E+000	1.16720E+000	-2.69210E-004	11	...........
	1163	116.4	1.16746E+000	2.78522E-001	0.00000E+000	1.16820E+000	-2.76344E-004	11	...........
	1164	116.5	1.16845E+000	2.78640E-001	0.00000E+000	1.16920E+000	-2.70260E-004	11	...........
	1165	116.6	1.16944E+000	2.78673E-001	0.00000E+000	1.17020E+000	-2.71927E-004	11	...........
	1166	116.7	1.17045E+000	2.78690E-001	0.00000E+000	1.17120E+000	-2.66360E-004	11	...........
	1167	116.8	1.17144E+000	2.78883E-001	0.00000E+000	1.17220E+000	-2.64659E-004	11	...........
	1168	116.9	1.17244E+000	2.78974E-001	0.00000E+000	1.17320E+000	-2.67893E-004	11	...........
	1169	117	1.17343E+000	2.79065E-001	0.00000E+000	1.17420E+000	-2.74928E-004	11	...........
	1170	117.1	1.17443E+000	2.79086E-001	0.00000E+000	1.17520E+000	-2.61076E-004	11	...........
	1171	117.2	1.17543E+000	2.79273E-001	0.00000E+000	1.17620E+000	-2.75394E-004	11	...........
	1172	117.3	1.17643E+000	2.79292E-001	0.00000E+000	1.17720E+000	-2.66026E-004	11	...........
	1173	117.4	1.17741E+000	2.79471E-001	0.00000E+000	1.17820E+000	-2.57592E-004	11	...........
	1174	117.5	1.17846E+000	2.79480E-001	0.00000E+000	1.17920E+000	-2.69727E-004	11	...........
	1175	117.6	1.17946E+000	2.79435E-001	0.00000E+000	1.18020E+000	-2.63343E-004	11	...........
	1176	117.7	1.18045E+000	2.79582E-001	0.00000E+000	1.18120E+000	-2.64409E-004	11	...........
	1177	117.8	1.18144E+000	2.79705E-001	0.00000E+000	1.18220E+000	-2.72561E-004	11	...........
	1178	117.9	1.18244E+000	2.79602E-001	0.00000E+000	1.18320E+000	-2.64509E-004	11	...........
	1179	118	1.18344E+000	2.79938E-001	0.00000E+000	1.18420E+000	-2.74678E-004	11	...........
	1180	118.1	1.18444E+000	2.79924E-001	0.00000E+000	1.18520E+000	-2.68293E-004	11	...........
	1181	118.2	1.18543E+000	2.80070E-001	0.00000E+000	1.18620E+000	-2.69410E-004	11	...........
	1182	118.3	1.18644E+000	2.80205E-001	0.00000E+000	1.18720E+000	-2.71060E-004	11	...........
	1183	118.4	1.18744E+000	2.80301E-001	0.00000E+000	1.18820E+000	-2.70577E-004	11	...........
	1184	118.5	1.18843E+000	2.80377E-001	0.00000E+000	1.18920E+000	-2.74611E-004	11	...........
	1185	118.6	1.18942E+000	2.80476E-001	0.00000E+000	1.19020E+000	-2.83996E-004	11	...........
	1186	118.7	1.19043E+000	2.80568E-001	0.00000E+000	1.19120E+000	-2.68410E-004	11	...........
	1187	118.8	1.19143E+000	2.80736E-001	0.00000E+000	1.19220E+000	-2.72394E-004	11	...........
	1188	118.9	1.19242E+000	2.80731E-001	0.00000E+000	1.19320E+000	-2.71910E-004	11	...........
	1189	119	1.19341E+000	2.80922E-001	0.00000E+000	1.19420E+000	-2.69310E-004	11	...........
	1190	119.1	1.19441E+000	2.80935E-001	0.00000E+000	1.19520E+000	-2.68693E-004	11	...........
	1191	119.2	1.19541E+000	2.81000E-001	0.00000E+000	1.19620E+000	-2.65243E-004	11	...........
	1192	119.3	1.19641E+000	2.81173E-001	0.00000E+000	1.19720E+000	-2.65543E-004	11	...........
	1193	119.4	1.19740E+000	2.81271E-001	0.00000E+000	1.19820E+000	-2.70810E-004	11	...........
	1194	119.5	1.19840E+000	2.81307E-001	0.00000E+000	1.19920E+000	-2.60659E-004	11	...........
	1195	119.6	1.19940E+000	2.81516E-001	0.00000E+000	1.20020E+000	-2.73277E-004	11	...........
	1196	119.7	1.20039E+000	2.81586E-001	0.00000E+000	1.20120E+000	-2.59225E-004	11	...........
	1197	119.8	1.20138E+000	2.81685E-001	0.00000E+000	1.20220E+000	-2.68077E-004	11	...........
	1198	119.9	1.20238E+000	2.81663E-001	0.00000E+000	1.20320E+000	-2.69827E-004	11	...........
	1199	120	1.20341E+000	2.81793E-001	0.00000E+000	1.20420E+000	-2.63159E-004	11	...........
	1200	120.1	1.20442E+000	2.81953E-001	0.00000E+000	1.20520E+000	-2.71727E-004	11	...........
	1201	120.2	1.20541E+000	2.81923E-001	0.00000E+000	1.20620E+000	-2.78095E-004	11	...........
	1202	120.3	1.20640E+000	2.81979E-001	0.00000E+000	1.20720E+000	-2.60192E-004	11	...........
	1203	120.4	1.20741E+000	2.82245E-001	0.00000E+000	1.20820E+000	-2.74678E-004	11	...........
	1204	120.5	1.20840E+000	2.82259E-001	0.00000E+000	1.20920E+000	-2.65209E-004	11	...........
	1205	120.6	1.20939E+000	2.82368E-001	0.00000E+000	1.21020E+000	-2.64809E-004	11	...........
	1206	120.7	1.21040E+000	2.82475E-001	0.00000E+000	1.21120E+000	-2.66543E-004	11	...........
	1207	120.8	1.21140E+000	2.82572E-001	0.00000E+000	1.21220E+000	-2.68293E-004	11	...........
	1208	120.9	1.21239E+000	2.82671E-001	0.00000E+000	1.21320E+000	-2.69710E-004	11	...........
	1209	121	1.21339E+000	2.82826E-001	0.00000E+000	1.21420E+000	-2.79295E-004	11	...........
	1210	121.1	1.21438E+000	2.82677E-001	0.00000E+000	1.21520E+000	-2.68577E-004	11	...........
	1211	121.2	1.21538E+000	2.82923E-001	0.00000E+000	1.21620E+000	-2.74594E-004	11	...........
	1212	121.3	1.21638E+000	2.83043E-001	0.00000E+000	1.21720E+000	-2.68343E-004	11	...........
	1213	121.4	1.21738E+000	2.83076E-001	0.00000E+000	1.21820E+000	-2.80845E-004	11	...........
	1214	121.5	1.21837E+000	2.83204E-001	0.00000E+000	1.21920E+000	-2.70944E-004	11	...........
	1215	121.6	1.21937E+000	2.83440E-001	0.00000E+000	1.22020E+000	-2.71144E-004	11	...........
	1216	121.7	1.22037E+000	2.83506E-001	0.00000E+000	1.22120E+000	-2.70310E-004	11	...........
	1217	121.8	1.22136E+000	2.83489E-001	0.00000E+000	1.22220E+000	-2.73761E-004	11	...........
	1218	121.9	1.22234E+000	2.83545E-001	0.00000E+000	1.22320E+000	-2.61526E-004	11	...........
	1219	122	1.22336E+000	2.83693E-001	0.00000E+000	1.22420E+000	-2.71060E-004	11	...........
	1220	122.1	1.22435E+000	2.83898E-001	0.00000E+000	1.22520E+000	-2.64343E-004	11	...........
	1221	122.2	1.22535E+000	2.84011E-001	0.00000E+000	1.22620E+000	-2.62259E-004	11	...........
	1222	122.3	1.22634E+000	2.84072E-001	0.00000E+000	1.22720E+000	-2.66176E-004	11	...........
	1223	122.4	1.22734E+000	2.84145E-001	0.00000E+000	1.22820E+000	-2.63993E-004	11	...........
	1224	122.5	1.22834E+000	2.84209E-001	0.00000E+000	1.22920E+000	-2.64393E-004	11	...........
	1225	122.6	1.22937E+000	2.84321E-001	0.00000E+000	1.23020E+000	-2.68527E-004	11	...........
	1226	122.7	1.23036E+000	2.84191E-001	0.00000E+000	1.23120E+000	-2.61109E-004	11	...........
	1227	122.8	1.23136E+000	2.84466E-001	0.00000E+000	1.23220E+000	-2.67860E-004	11	...........
	1228	122.9	1.23236E+000	2.84514E-001	0.00000E+000	1.23320E+000	-2.58125E-004	11	...........
	1229	123	1.23335E+000	2.84685E-001	0.00000E+000	1.23420E+000	-2.66476E-004	11	...........
	1230	123.1	1.23434E+000	2.84637E-001	0.00000E+000	1.23520E+000	-2.65443E-004	11	...........
	1231	123.2	1.23535E+000	2.84807E-001	0.00000E+000	1.23620E+000	-2.60492E-004	11	...........
	1232	123.3	1.23635E+000	2.84960E-001	0.00000E+000	1.23720E+000	-2.69960E-004	11	...........
	1233	123.4	1.23734E+000	2.85010E-001	0.00000E+000	1.23820E+000	-2.74027E-004	11	...........
	1234	123.5	1.23834E+000	2.85094E-001	0.00000E+000	1.23920E+000	-2.58592E-004	11	...........
	1235	123.6	1.23934E+000	2.85295E-001	0.00000E+000	1.24020E+000	-2.71794E-004	11	...........
	1236	123.7	1.24033E+000	2.85233E-001	0.00000E+000	1.24120E+000	-2.70494E-004	11	...........
	1237	123.8	1.24133E+000	2.85388E-001	0.00000E+000	1.24220E+000	-2.78295E-004	11	...........
	1238	123.9	1.24233E+000	2.85426E-001	0.00000E+000	1.24320E+000	-2.68560E-004	11	...........
	1239	124	1.24333E+000	2.85605E-001	0.00000E+000	1.24420E+000	-2.59775E-004	11	...........
	1240	124.1	1.24433E+000	2.85818E-001	0.00000E+000	1.24520E+000	-2.56975E-004	11	...........
	1241	124.2	1.24532E+000	2.85901E-001	0.00000E+000	1.24620E+000	-2.56325E-004	11	...........
	1242	124.3	1.24630E+000	2.85830E-001	0.00000E+000	1.24720E+000	-2.51824E-004	11	...........
	1243	124.4	1.24732E+000	2.86006E-001	0.00000E+000	1.24820E+000	-2.63142E-004	11	...........
	1244	124.5	1.24831E+000	2.86068E-001	0.00000E+000	1.24920E+000	-2.47240E-004	11	...........
	1245	124.6	1.24930E+000	2.86200E-001	0.00000E+000	1.25020E+000	-2.53274E-004	11	...........
	1246	124.7	1.25030E+000	2.86333E-001	0.00000E+000	1.25120E+000	-2.60559E-004	11	...........
	1247	124.8	1.25130E+000	2.86450E-001	0.00000E+000	1.25220E+000	-2.49990E-004	11	...........
	1248	124.9	1.25230E+000	2.86550E-001	0.00000E+000	1.25320E+000	-2.58692E-004	11	...........
	1249	125	1.25330E+000	2.86624E-001	0.00000E+000	1.25420E+000	-2.54108E-004	11	...........
	1250	125.1	1.25428E+000	2.86665E-001	0.00000E+000	1.25520E+000	-2.40772E-004	11	...........
	1251	125.2	1.25533E+000	2.86856E-001	0.00000E+000	1.25620E+000	-2.66943E-004	11	...........
	1252	125.3	1.25632E+000	2.86747E-001	0.00000E+000	1.25720E+000	-2.52758E-004	11	...........
	1253	125.4	1.25732E+000	2.86934E-001	0.00000E+000	1.25820E+000	-2.49890E-004	11	...........
	1254	125.5	1.25831E+000	2.86967E-001	0.00000E+000	1.25920E+000	-2.57892E-004	11	...........
	1255	125.6	1.25931E+000	2.86965E-001	0.00000E+000	1.26020E+000	-2.51207E-004	11	...........
	1256	125.7	1.26031E+000	2.87112E-001	0.00000E+000	1.26120E+000	-2.59008E-004	11	...........
	1257	125.8	1.26131E+000	2.87114E-001	0.00000E+000	1.26220E+000	-2.62526E-004	11	...........
	1258	125.9	1.26230E+000	2.87232E-001	0.00000E+000	1.26320E+000	-2.56942E-004	11	...........
	1259	126	1.26331E+000	2.87478E-001	0.00000E+000	1.26420E+000	-2.70010E-004	11	...........
	1260	126.1	1.26430E+000	2.87521E-001	0.00000E+000	1.26520E+000	-2.58825E-004	11	...........
	1261	126.2	1.26530E+000	2.87677E-001	0.00000E+000	1.26620E+000	-2.71044E-004	11	...........
	1262	126.3	1.26629E+000	2.87648E-001	0.00000E+000	1.26720E+000	-2.76028E-004	11	...........
	1263	126.4	1.26729E+000	2.87839E-001	0.00000E+000	1.26820E+000	-2.64793E-004	11	...........
	1264	126.5	1.26829E+000	2.87897E-001	0.00000E+000	1.26920E+000	-2.73461E-004	11	...........
	1265	126.6	1.26929E+000	2.88087E-001	0.00000E+000	1.27020E+000	-2.73077E-004	11	...........
	1266	126.7	1.27027E+000	2.88259E-001	0.00000E+000	1.27120E+000	-2.62609E-004	11	...........
	1267	126.8	1.27129E+000	2.88362E-001	0.00000E+000	1.27220E+000	-2.68743E-004	11	...........
	1268	126.9	1.27228E+000	2.88358E-001	0.00000E+000	1.27320E+000	-2.61476E-004	11	...........
	1269	127	1.27327E+000	2.88518E-001	0.00000E+000	1.27420E+000	-2.58842E-004	11	...........
	1270	127.1	1.27425E+000	2.88589E-001	0.00000E+000	1.27520E+000	-2.62792E-004	11	...........
	1271	127.2	1.27527E+000	2.88697E-001	0.00000E+000	1.27620E+000	-2.56942E-004	11	...........
	1272	127.3	1.27627E+000	2.88871E-001	0.00000E+000	1.27720E+000	-2.66810E-004	11	...........
	1273	127.4	1.27726E+000	2.88938E-001	0.00000E+000	1.27820E+000	-2.56425E-004	11	...........
	1274	127.5	1.27825E+000	2.88834E-001	0.00000E+000	1.27920E+000	-2.56008E-004	11	...........
	1275	127.6	1.27926E+000	2.89080E-001	0.00000E+000	1.28020E+000	-2.69293E-004	11	...........
	1276	127.7	1.28029E+000	2.89132E-001	0.00000E+000	1.28120E+000	-2.54141E-004	11	...........
	1277	127.8	1.28129E+000	2.89249E-001	0.00000E+000	1.28220E+000	-2.63559E-004	11	...........
	1278	127.9	1.28228E+000	2.89191E-001	0.00000E+000	1.28320E+000	-2.65876E-004	11	...........
	1279	128	1.28328E+000	2.89316E-001	0.00000E+000	1.28420E+000	-2.54791E-004	11	...........
	1280	128.1	1.28428E+000	2.89450E-001	0.00000E+000	1.28520E+000	-2.66543E-004	11	...........
	1281	128.2	1.28527E+000	2.89455E-001	0.00000E+000	1.28620E+000	-2.62259E-004	11	...........
	1282	128.3	1.28626E+000	2.89582E-001	0.00000E+000	1.28720E+000	-2.52608E-004	11	...........
	1283	128.4	1.28728E+000	2.89772E-001	0.00000E+000	1.28820E+000	-2.67493E-004	11	...........
	1284	128.5	1.28827E+000	2.89759E-001	0.00000E+000	1.28920E+000	-2.61359E-004	11	...........
	1285	128.6	1.28926E+000	2.89962E-001	0.00000E+000	1.29020E+000	-2.66210E-004	11	...........
	1286	128.7	1.29026E+000	2.90036E-001	0.00000E+000	1.29120E+000	-2.75961E-004	11	...........
	1287	128.8	1.29126E+000	2.90022E-001	0.00000E+000	1.29220E+000	-2.63776E-004	11	...........
	1288	128.9	1.29225E+000	2.90131E-001	0.00000E+000	1.29320E+000	-2.77695E-004	11	...........
	1289	129	1.29326E+000	2.90220E-001	0.00000E+000	1.29420E+000	-2.73561E-004	11	...........
	1290	129.1	1.29424E+000	2.90273E-001	0.00000E+000	1.29520E+000	-2.78395E-004	11	...........
	1291	129.2	1.29526E+000	2.90495E-001	0.00000E+000	1.29620E+000	-2.68510E-004	11	...........
	1292	129.3	1.29625E+000	2.90594E-001	0.00000E+000	1.29720E+000	-2.59692E-004	11	...........
	1293	129.4	1.29725E+000	2.90790E-001	0.00000E+000	1.29820E+000	-2.65076E-004	11	...........
	1294	129.5	1.29823E+000	2.90761E-001	0.00000E+000	1.29920E+000	-2.69093E-004	11	...........
	1295	129.6	1.29923E+000	2.90873E-001	0.00000E+000	1.30020E+000	-2.53508E-004	11	...........
	1296	129.7	1.30024E+000	2.91022E-001	0.00000E+000	1.30120E+000	-2.67410E-004	11	...........
	1297	129.8	1.30123E+000	2.91116E-001	0.00000E+000	1.30220E+000	-2.61542E-004	11	...........
	1298	129.9	1.30222E+000	2.91192E-001	0.00000E+000	1.30320E+000	-2.50891E-004	11	...........
	1299	130	1.30323E+000	2.91408E-001	0.00000E+000	1.30420E+000	-2.69260E-004	11	...........
	1300	130.1	1.30422E+000	2.91322E-001	0.00000E+000	1.30520E+000	-2.58092E-004	11	...........
	1301	130.2	1.30522E+000	2.91494E-001	0.00000E+000	1.30620E+000	-2.61726E-004	11	...........
	1302	130.3	1.30623E+000	2.91564E-001	0.00000E+000	1.30720E+000	-2.64076E-004	11	...........
	1303	130.4	1.30725E+000	2.91617E-001	0.00000E+000	1.30820E+000	-2.57542E-004	11	...........
	1304	130.5	1.30824E+000	2.91704E-001	0.00000E+000	1.30920E+000	-2.63759E-004	11	...........
	1305	130.6	1.30924E+000	2.91837E-001	0.00000E+000	1.31020E+000	-2.63209E-004	11	...........
	1306	130.7	1.31023E+000	2.91730E-001	0.00000E+000	1.31120E+000	-2.60492E-004	11	...........
	1307	130.8	1.31124E+000	2.92010E-001	0.00000E+000	1.31220E+000	-2.65943E-004	11	...........
	1308	130.9	1.31224E+000	2.92079E-001	0.00000E+000	1.31320E+000	-2.58275E-004	11	...........
	1309	131	1.31323E+000	2.92205E-001	0.00000E+000	1.31420E+000	-2.65476E-004	11	...........
	1310	131.1	1.31423E+000	2.92306E-001	0.00000E+000	1.31520E+000	-2.72644E-004	11	...........
	1311	131.2	1.31523E+000	2.92411E-001	0.00000E+000	1.31620E+000	-2.61792E-004	11	...........
	1312	131.3	1.31622E+000	2.92476E-001	0.00000E+000	1.31720E+000	-2.75578E-004	11	...........
	1313	131.4	1.31721E+000	2.92459E-001	0.00000E+000	1.31820E+000	-2.73244E-004	11	...........
	1314	131.5	1.31820E+000	2.92531E-001	0.00000E+000	1.31920E+000	-2.76928E-004	11	...........
	1315	131.6	1.31921E+000	2.92757E-001	0.00000E+000	1.32020E+000	-2.63609E-004	11	...........
	1316	131.7	1.32022E+000	2.92886E-001	0.00000E+000	1.32120E+000	-2.70727E-004	11	...........
	1317	131.8	1.32121E+000	2.93068E-001	0.00000E+000	1.32220E+000	-2.71660E-004	11	...........
	1318	131.9	1.32220E+000	2.93195E-001	0.00000E+000	1.32320E+000	-2.74478E-004	11	...........
	1319	132	1.32319E+000	2.93196E-001	0.00000E+000	1.32420E+000	-2.62159E-004	11	...........
	1320	132.1	1.32420E+000	2.93240E-001	0.00000E+000	1.32520E+000	-2.70177E-004	11	...........
	1321	132.2	1.32520E+000	2.93343E-001	0.00000E+000	1.32620E+000	-2.59992E-004	11	...........
	1322	132.3	1.32619E+000	2.93380E-001	0.00000E+000	1.32720E+000	-2.62526E-004	11	...........
	1323	132.4	1.32719E+000	2.93649E-001	0.00000E+000	1.32820E+000	-2.65493E-004	11	...........
	1324	132.5	1.32819E+000	2.93591E-001	0.00000E+000	1.32920E+000	-2.59292E-004	11	...........
	1325	132.6	1.32918E+000	2.93784E-001	0.00000E+000	1.33020E+000	-2.66210E-004	11	...........
	1326	132.7	1.33018E+000	2.93694E-001	0.00000E+000	1.33120E+000	-2.68027E-004	11	...........
	1327	132.8	1.33118E+000	2.93849E-001	0.00000E+000	1.33220E+000	-2.54424E-004	11	...........
	1328	132.9	1.33221E+000	2.93953E-001	0.00000E+000	1.33320E+000	-2.73444E-004	11	...........
	1329	133	1.33320E+000	2.93943E-001	0.00000E+000	1.33420E+000	-2.62842E-004	11	...........
	1330	133.1	1.33419E+000	2.94052E-001	0.00000E+000	1.33520E+000	-2.53574E-004	11	...........
	1331	133.2	1.33519E+000	2.94305E-001	0.00000E+000	1.33620E+000	-2.62926E-004	11	...........
	1332	133.3	1.33619E+000	2.94256E-001	0.00000E+000	1.33720E+000	-2.59742E-004	11	...........
	1333	133.4	1.33718E+000	2.94346E-001	0.00000E+000	1.33820E+000	-2.60375E-004	11	...........
	1334	133.5	1.33818E+000	2.94479E-001	0.00000E+000	1.33920E+000	-2.64809E-004	11	...........
	1335	133.6	1.33918E+000	2.94568E-001	0.00000E+000	1.34020E+000	-2.57625E-004	11	...........
	1336	133.7	1.34018E+000	2.94660E-001	0.00000E+000	1.34120E+000	-2.69060E-004	11	...........
	1337	133.8	1.34117E+000	2.94745E-001	0.00000E+000	1.34220E+000	-2.62376E-004	11	...........
	1338	133.9	1.34216E+000	2.94733E-001	0.00000E+000	1.34320E+000	-2.74978E-004	11	...........
	1339	134	1.34316E+000	2.94920E-001	0.00000E+000	1.34420E+000	-2.69460E-004	11	...........
	1340	134.1	1.34417E+000	2.95007E-001	0.00000E+000	1.34520E+000	-2.67026E-004	11	...........
	1341	134.2	1.34517E+000	2.95137E-001	0.00000E+000	1.34620E+000	-2.71210E-004	11	...........
	1342	134.3	1.34617E+000	2.95276E-001	0.00000E+000	1.34720E+000	-2.73644E-004	11	...........
	1343	134.4	1.34715E+000	2.95452E-001	0.00000E+000	1.34820E+000	-2.56541E-004	11	...........
	1344	134.5	1.34817E+000	2.95577E-001	0.00000E+000	1.34920E+000	-2.67893E-004	11	...........
	1345	134.6	1.34916E+000	2.95547E-001	0.00000E+000	1.35020E+000	-2.60092E-004	11	...........
	1346	134.7	1.35015E+000	2.95557E-001	0.00000E+000	1.35120E+000	-2.52758E-004	11	...........
	1347	134.8	1.35114E+000	2.95720E-001	0.00000E+000	1.35220E+000	-2.64676E-004	11	...........
	1348	134.9	1.35215E+000	2.95816E-001	0.00000E+000	1.35320E+000	-2.55558E-004	11	...........
	1349	135	1.35315E+000	2.95946E-001	0.00000E+000	1.35420E+000	-2.60992E-004	11	...........
	1350	135.1	1.35414E+000	2.95977E-001	0.00000E+000	1.35520E+000	-2.56808E-004	11	...........
	1351	135.2	1.35513E+000	2.96036E-001	0.00000E+000	1.35620E+000	-2.53208E-004	11	...........
	1352	135.3	1.35614E+000	2.96132E-001	0.00000E+000	1.35720E+000	-2.68127E-004	11	...........
	1353	135.4	1.35716E+000	2.96217E-001	0.00000E+000	1.35820E+000	-2.54958E-004	11	...........
	1354	135.5	1.35816E+000	2.96079E-001	0.00000E+000	1.35920E+000	-2.61492E-004	11	...........
	1355	135.6	1.35915E+000	2.96322E-001	0.00000E+000	1.36020E+000	-2.65576E-004	11	...........
	1356	135.7	1.36015E+000	2.96412E-001	0.00000E+000	1.36120E+000	-2.56308E-004	11	...........
	1357	135.8	1.36115E+000	2.96505E-001	0.00000E+000	1.36220E+000	-2.65093E-004	11	...........
	1358	135.9	1.36214E+000	2.96515E-001	0.00000E+000	1.36320E+000	-2.68610E-004	11	...........
	1359	136	1.36314E+000	2.96698E-001	0.00000E+000	1.36420E+000	-2.54541E-004	11	...........
	1360	136.1	1.36414E+000	2.96752E-001	0.00000E+000	1.36520E+000	-2.69910E-004	11	...........
	1361	136.2	1.36514E+000	2.96853E-001	0.00000E+000	1.36620E+000	-2.64909E-004	11	...........
	1362	136.3	1.36613E+000	2.96983E-001	0.00000E+000	1.36720E+000	-2.65593E-004	11	...........
	1363	136.4	1.36713E+000	2.97095E-001	0.00000E+000	1.36820E+000	-2.69693E-004	11	...........
	1364	136.5	1.36813E+000	2.97070E-001	0.00000E+000	1.36920E+000	-2.69793E-004	11	...........
	1365	136.6	1.36912E+000	2.97209E-001	0.00000E+000	1.37020E+000	-2.71827E-004	11	...........
	1366	136.7	1.37013E+000	2.97319E-001	0.00000E+000	1.37120E+000	-2.75228E-004	11	...........
	1367	136.8	1.37112E+000	2.97472E-001	0.00000E+000	1.37220E+000	-2.71644E-004	11	...........
	1368	136.9	1.37213E+000	2.97581E-001	0.00000E+000	1.37320E+000	-2.69727E-004	11	...........
	1369	137	1.37312E+000	2.97606E-001	0.00000E+000	1.37420E+000	-2.64493E-004	11	...........
	1370	137.1	1.37411E+000	2.97514E-001	0.00000E+000	1.37520E+000	-2.69393E-004	11	...........
	1371	137.2	1.37510E+000	2.97896E-001	0.00000E+000	1.37620E+000	-2.68993E-004	11	...........
	1372	137.3	1.37611E+000	2.97937E-001	0.00000E+000	1.37720E+000	-2.57875E-004	11	...........
	1373	137.4	1.37711E+000	2.98048E-001	0.00000E+000	1.37820E+000	-2.65126E-004	11	...........
	1374	137.5	1.37811E+000	2.98142E-001	0.00000E+000	1.37920E+000	-2.68243E-004	11	...........
	1375	137.6	1.37909E+000	2.98253E-001	0.00000E+000	1.38020E+000	-2.54825E-004	11	...........
	1376	137.7	1.38010E+000	2.98459E-001	0.00000E+000	1.38120E+000	-2.68943E-004	11	...........
	1377	137.8	1.38110E+000	2.98457E-001	0.00000E+000	1.38220E+000	-2.60192E-004	11	...........
	1378	137.9	1.38209E+000	2.98396E-001	0.00000E+000	1.38320E+000	-2.60442E-004	11	...........
	1379	138	1.38311E+000	2.98576E-001	0.00000E+000	1.38420E+000	-2.63159E-004	11	...........
	1380	138.1	1.38412E+000	2.98506E-001	0.00000E+000	1.38520E+000	-2.57842E-004	11	...........
	1381	138.2	1.38512E+000	2.98634E-001	0.00000E+000	1.38620E+000	-2.60242E-004	11	...........
	1382	138.3	1.38612E+000	2.98679E-001	0.00000E+000	1.38720E+000	-2.63693E-004	11	...........
	1383	138.4	1.38710E+000	2.98703E-001	0.00000E+000	1.38820E+000	-2.58725E-004	11	...........
	1384	138.5	1.38811E+000	2.98866E-001	0.00000E+000	1.38920E+000	-2.67710E-004	11	...........
	1385	138.6	1.38911E+000	2.98925E-001	0.00000E+000	1.39020E+000	-2.58908E-004	11	...........
	1386	138.7	1.39010E+000	2.99016E-001	0.00000E+000	1.39120E+000	-2.66076E-004	11	...........
	1387	138.8	1.39110E+000	2.99245E-001	0.00000E+000	1.39220E+000	-2.69593E-004	11	...........
	1388	138.9	1.39210E+000	2.99321E-001	0.00000E+000	1.39320E+000	-2.61876E-004	11	...........
	1389	139	1.39309E+000	2.99384E-001	0.00000E+000	1.39420E+000	-2.73861E-004	11	...........
	1390	139.1	1.39409E+000	2.99315E-001	0.00000E+000	1.39520E+000	-2.72494E-004	11	...........
	1391	139.2	1.39508E+000	2.99518E-001	0.00000E+000	1.39620E+000	-2.69627E-004	11	...........
	1392	139.3	1.39608E+000	2.99567E-001	0.00000E+000	1.39720E+000	-2.62509E-004	11	...........
	1393	139.4	1.39709E+000	2.99707E-001	0.00000E+000	1.39820E+000	-2.68177E-004	11	...........
	1394	139.5	1.39808E+000	2.99833E-001	0.00000E+000	1.39920E+000	-2.65876E-004	11	...........
	1395	139.6	1.39906E+000	2.99961E-001	0.00000E+000	1.40020E+000	-2.68027E-004	11	...........
	1396	139.7	1.40007E+000	2.99913E-001	0.00000E+000	1.40120E+000	-2.59875E-004	11	...........
	1397	139.8	1.40107E+000	3.00076E-001	0.00000E+000	1.40220E+000	-2.66093E-004	11	...........
	1398	139.9	1.40207E+000	3.00178E-001	0.00000E+000	1.40320E+000	-2.56908E-004	11	...........
	1399	140	1.40306E+000	3.00325E-001	0.00000E+000	1.40420E+000	-2.55791E-004	11	...........
	1400	140.1	1.40406E+000	3.00395E-001	0.00000E+000	1.40520E+000	-2.62942E-004	11	...........
	1401	140.2	1.40506E+000	3.00490E-001	0.00000E+000	1.40620E+000	-2.53674E-004	11	...........
	1402	140.3	1.40605E+000	3.00450E-001	0.00000E+000	1.40720E+000	-2.61259E-004	11	...........
	1403	140.4	1.40704E+000	3.00737E-001	0.00000E+000	1.40820E+000	-2.66926E-004	11	...........
	1404	140.5	1.40807E+000	3.00752E-001	0.00000E+000	1.40920E+000	-2.56891E-004	11	...........
	1405	140.6	1.40908E+000	3.00824E-001	0.00000E+000	1.41020E+000	-2.69060E-004	11	...........
	1406	140.7	1.41008E+000	3.00848E-001	0.00000E+000	1.41120E+000	-2.61092E-004	11	...........
	1407	140.8	1.41107E+000	3.01036E-001	0.00000E+000	1.41220E+000	-2.52458E-004	11	...........
	1408	140.9	1.41207E+000	3.01082E-001	0.00000E+000	1.41320E+000	-2.66043E-004	11	...........
	1409	141	1.41306E+000	3.01157E-001	0.00000E+000	1.41420E+000	-2.55825E-004	11	...........
	1410	141.1	1.41406E+000	3.01157E-001	0.00000E+000	1.41520E+000	-2.58158E-004	11	...........
	1411	141.2	1.41506E+000	3.01321E-001	0.00000E+000	1.41620E+000	-2.65743E-004	11	...........
	1412	141.3	1.41606E+000	3.01439E-001	0.00000E+000	1.41720E+000	-2.57875E-004	11	...........
	1413	141.4	1.41705E+000	3.01529E-001	0.00000E+000	1.41820E+000	-2.67960E-004	11	...........
	1414	141.5	1.41805E+000	3.01539E-001	0.00000E+000	1.41920E+000	-2.65926E-004	11	...........
	1415	141.6	1.41904E+000	3.01625E-001	0.00000E+000	1.42020E+000	-2.69743E-004	11	...........
	1416	141.7	1.42004E+000	3.01729E-001	0.00000E+000	1.42120E+000	-2.65126E-004	11	...........
	1417	141.8	1.42104E+000	3.01777E-001	0.00000E+000	1.42220E+000	-2.67693E-004	11	...........
	1418	141.9	1.42203E+000	3.01832E-001	0.00000E+000	1.42320E+000	-2.69893E-004	11	...........
	1419	142	1.42304E+000	3.02109E-001	0.00000E+000	1.42420E+000	-2.77345E-004	11	...........
	1420	142.1	1.42404E+000	3.02189E-001	0.00000E+000	1.42520E+000	-2.62209E-004	11	...........
	1421	142.2	1.42503E+000	3.02325E-001	0.00000E+000	1.42620E+000	-2.71377E-004	11	...........
	1422	142.3	1.42603E+000	3.02265E-001	0.00000E+000	1.42720E+000	-2.65609E-004	11	...........
	1423	142.4	1.42701E+000	3.02377E-001	0.00000E+000	1.42820E+000	-2.59625E-004	11	...........
	1424	142.5	1.42802E+000	3.02443E-001	0.00000E+000	1.42920E+000	-2.64909E-004	11	...........
	1425	142.6	1.42902E+000	3.02644E-001	0.00000E+000	1.43020E+000	-2.62626E-004	11	...........
	1426	142.7	1.43002E+000	3.02670E-001	0.00000E+000	1.43120E+000	-2.63326E-004	11	...........
	1427	142.8	1.43101E+000	3.02884E-001	0.00000E+000	1.43220E+000	-2.63426E-004	11	...........
	1428	142.9	1.43201E+000	3.02804E-001	0.00000E+000	1.43320E+000	-2.56891E-004	11	...........
	1429	143	1.43301E+000	3.02965E-001	0.00000E+000	1.43420E+000	-2.65776E-004	11	...........
	1430	143.1	1.43403E+000	3.03025E-001	0.00000E+000	1.43520E+000	-2.57958E-004	11	...........
	1431	143.2	1.43502E+000	3.02959E-001	0.00000E+000	1.43620E+000	-2.61226E-004	11	...........
	1432	143.3	1.43602E+000	3.03166E-001	0.00000E+000	1.43720E+000	-2.59309E-004	11	...........
	1433	143.4	1.43702E+000	3.03274E-001	0.00000E+000	1.43820E+000	-2.51341E-004	11	...........
	1434	143.5	1.43801E+000	3.03184E-001	0.00000E+000	1.43920E+000	-2.64443E-004	11	...........
	1435	143.6	1.43900E+000	3.03348E-001	0.00000E+000	1.44020E+000	-2.69643E-004	11	...........
	1436	143.7	1.44000E+000	3.03409E-001	0.00000E+000	1.44120E+000	-2.55375E-004	11	...........
	1437	143.8	1.44100E+000	3.03557E-001	0.00000E+000	1.44220E+000	-2.67110E-004	11	...........
	1438	143.9	1.44200E+000	3.03636E-001	0.00000E+000	1.44320E+000	-2.62826E-004	11	...........
	1439	144	1.44299E+000	3.03799E-001	0.00000E+000	1.44420E+000	-2.61959E-004	11	...........
	1440	144.1	1.44399E+000	3.03916E-001	0.00000E+000	1.44520E+000	-2.65509E-004	11	...........
	1441	144.2	1.44498E+000	3.03816E-001	0.00000E+000	1.44620E+000	-2.64693E-004	11	...........
	1442	144.3	1.44598E+000	3.03955E-001	0.00000E+000	1.44720E+000	-2.72010E-004	11	...........
	1443	144.4	1.44698E+000	3.04136E-001	0.00000E+000	1.44820E+000	-2.73711E-004	11	...........
	1444	144.5	1.44799E+000	3.04193E-001	0.00000E+000	1.44920E+000	-2.62209E-004	11	...........
	1445	144.6	1.44899E+000	3.04380E-001	0.00000E+000	1.45020E+000	-2.65543E-004	11	...........
	1446	144.7	1.44998E+000	3.04440E-001	0.00000E+000	1.45120E+000	-2.49474E-004	11	...........
	1447	144.8	1.45097E+000	3.04494E-001	0.00000E+000	1.45220E+000	-2.53791E-004	11	...........
	1448	144.9	1.45197E+000	3.04634E-001	0.00000E+000	1.45320E+000	-2.60842E-004	11	...........
	1449	145	1.45298E+000	3.04705E-001	0.00000E+000	1.45420E+000	-2.43923E-004	11	...........
	1450	145.1	1.45397E+000	3.04786E-001	0.00000E+000	1.45520E+000	-2.56591E-004	11	...........
	1451	145.2	1.45497E+000	3.04986E-001	0.00000E+000	1.45620E+000	-2.54975E-004	11	...........
	1452	145.3	1.45595E+000	3.04958E-001	0.00000E+000	1.45720E+000	-2.41539E-004	11	...........
	1453	145.4	1.45697E+000	3.05210E-001	0.00000E+000	1.45820E+000	-2.64876E-004	11	...........
	1454	145.5	1.45796E+000	3.05129E-001	0.00000E+000	1.45920E+000	-2.48174E-004	11	...........
	1455	145.6	1.45895E+000	3.05202E-001	0.00000E+000	1.46020E+000	-2.45356E-004	11	...........
	1456	145.7	1.45997E+000	3.05273E-001	0.00000E+000	1.46120E+000	-2.56508E-004	11	...........
	1457	145.8	1.46098E+000	3.05200E-001	0.00000E+000	1.46220E+000	-2.46590E-004	11	...........
	1458	145.9	1.46197E+000	3.05268E-001	0.00000E+000	1.46320E+000	-2.53808E-004	11	...........
	1459	146	1.46297E+000	3.05612E-001	0.00000E+000	1.46420E+000	-2.54308E-004	11	...........
	1460	146.1	1.46397E+000	3.05530E-001	0.00000E+000	1.46520E+000	-2.48090E-004	11	...........
	1461	146.2	1.46497E+000	3.05661E-001	0.00000E+000	1.46620E+000	-2.61309E-004	11	...........
	1462	146.3	1.46597E+000	3.05674E-001	0.00000E+000	1.46720E+000	-2.49657E-004	11	...........
	1463	146.4	1.46696E+000	3.05871E-001	0.00000E+000	1.46820E+000	-2.58008E-004	11	...........
	1464	146.5	1.46796E+000	3.06024E-001	0.00000E+000	1.46920E+000	-2.61059E-004	11	...........
	1465	146.6	1.46896E+000	3.06053E-001	0.00000E+000	1.47020E+000	-2.53408E-004	11	...........
	1466	146.7	1.46995E+000	3.05991E-001	0.00000E+000	1.47120E+000	-2.65409E-004	11	...........
	1467	146.8	1.47095E+000	3.06166E-001	0.00000E+000	1.47220E+000	-2.71194E-004	11	...........
	1468	146.9	1.47194E+000	3.06296E-001	0.00000E+000	1.47320E+000	-2.59975E-004	11	...........
	1469	147	1.47294E+000	3.06321E-001	0.00000E+000	1.47420E+000	-2.61892E-004	11	...........
	1470	147.1	1.47395E+000	3.06511E-001	0.00000E+000	1.47520E+000	-2.66626E-004	11	...........
	1471	147.2	1.47494E+000	3.06570E-001	0.00000E+000	1.47620E+000	-2.65693E-004	11	...........
	1472	147.3	1.47593E+000	3.06687E-001	0.00000E+000	1.47720E+000	-2.65709E-004	11	...........
	1473	147.4	1.47694E+000	3.06733E-001	0.00000E+000	1.47820E+000	-2.62692E-004	11	...........
	1474	147.5	1.47793E+000	3.06833E-001	0.00000E+000	1.47920E+000	-2.60892E-004	11	...........
	1475	147.6	1.47893E+000	3.07032E-001	0.00000E+000	1.48020E+000	-2.62726E-004	11	...........
	1476	147.7	1.47992E+000	3.07024E-001	0.00000E+000	1.48120E+000	-2.56058E-004	11	...........
	1477	147.8	1.48093E+000	3.07152E-001	0.00000E+000	1.48220E+000	-2.66776E-004	11	...........
	1478	147.9	1.48192E+000	3.07192E-001	0.00000E+000	1.48320E+000	-2.51491E-004	11	...........
	1479	148	1.48292E+000	3.07182E-001	0.00000E+000	1.48420E+000	-2.61076E-004	11	...........
	1480	148.1	1.48390E+000	3.07352E-001	0.00000E+000	1.48520E+000	-2.64759E-004	11	...........
	1481	148.2	1.48495E+000	3.07467E-001	0.00000E+000	1.48620E+000	-2.54341E-004	11	...........
	1482	148.3	1.48595E+000	3.07421E-001	0.00000E+000	1.48720E+000	-2.63009E-004	11	...........
	1483	148.4	1.48695E+000	3.07607E-001	0.00000E+000	1.48820E+000	-2.64476E-004	11	...........
	1484	148.5	1.48794E+000	3.07687E-001	0.00000E+000	1.48920E+000	-2.49824E-004	11	...........
	1485	148.6	1.48894E+000	3.07803E-001	0.00000E+000	1.49020E+000	-2.68027E-004	11	...........
	1486	148.7	1.48993E+000	3.07831E-001	0.00000E+000	1.49120E+000	-2.59609E-004	11	...........
	1487	148.8	1.49093E+000	3.07910E-001	0.00000E+000	1.49220E+000	-2.55141E-004	11	...........
	1488	148.9	1.49192E+000	3.07942E-001	0.00000E+000	1.49320E+000	-2.61976E-004	11	...........
	1489	149	1.49293E+000	3.07972E-001	0.00000E+000	1.49420E+000	-2.57325E-004	11	...........
	1490	149.1	1.49392E+000	3.08148E-001	0.00000E+000	1.49520E+000	-2.61742E-004	11	...........
	1491	149.2	1.49492E+000	3.08306E-001	0.00000E+000	1.49620E+000	-2.67160E-004	11	...........
	1492	149.3	1.49591E+000	3.08226E-001	0.00000E+000	1.49720E+000	-2.63826E-004	11	...........
	1493	149.4	1.49691E+000	3.08433E-001	0.00000E+000	1.49820E+000	-2.65860E-004	11	...........
	1494	149.5	1.49791E+000	3.08471E-001	0.00000E+000	1.49920E+000	-2.69160E-004	11	...........
	1495	149.6	1.49892E+000	3.08801E-001	0.00000E+000	1.50020E+000	-2.75361E-004	11	...........
	1496	149.7	1.49992E+000	3.08915E-001	0.00000E+000	1.50120E+000	-2.67460E-004	11	...........
	1497	149.8	1.50092E+000	3.08973E-001	0.00000E+000	1.50220E+000	-2.61309E-004	11	...........
	1498	149.9	1.50190E+000	3.08838E-001	0.00000E+000	1.50320E+000	-2.68043E-004	11	...........
	1499	150	1.50290E+000	3.09047E-001	0.00000E+000	1.50420E+000	-2.66410E-004	11	...........
	1500	150.1	1.50388E+000	3.09110E-001	0.00000E+000	1.50520E+000	-2.53941E-004	11	...........
	1501	150.2	1.50490E+000	3.09165E-001	0.00000E+000	1.50620E+000	-2.62026E-004	11	...........
	1502	150.3	1.50590E+000	3.09308E-001	0.00000E+000	1.50720E+000	-2.56375E-004	11	...........
	1503	150.4	1.50689E+000	3.09360E-001	0.00000E+000	1.50820E+000	-2.53124E-004	11	...........
	1504	150.5	1.50788E+000	3.09482E-001	0.00000E+000	1.50920E+000	-2.59075E-004	11	...........
	1505	150.6	1.50889E+000	3.09475E-001	0.00000E+000	1.51020E+000	-2.54641E-004	11	...........
	1506	150.7	1.50988E+000	3.09560E-001	0.00000E+000	1.51120E+000	-2.60559E-004	11	...........
	1507	150.8	1.51091E+000	3.09668E-001	0.00000E+000	1.51220E+000	-2.56791E-004	11	...........
	1508	150.9	1.51191E+000	3.09714E-001	0.00000E+000	1.51320E+000	-2.55458E-004	11	...........
	1509	151	1.51290E+000	3.09819E-001	0.00000E+000	1.51420E+000	-2.63909E-004	11	...........
	1510	151.1	1.51391E+000	3.09892E-001	0.00000E+000	1.51520E+000	-2.55475E-004	11	...........
	1511	151.2	1.51489E+000	3.09952E-001	0.00000E+000	1.51620E+000	-2.62626E-004	11	...........
	1512	151.3	1.51589E+000	3.10015E-001	0.00000E+000	1.51720E+000	-2.68460E-004	11	...........
	1513	151.4	1.51689E+000	3.10073E-001	0.00000E+000	1.51820E+000	-2.57075E-004	11	...........
	1514	151.5	1.51789E+000	3.10105E-001	0.00000E+000	1.51920E+000	-2.66043E-004	11	...........
	1515	151.6	1.51889E+000	3.10255E-001	0.00000E+000	1.52020E+000	-2.68377E-004	11	...........
	1516	151.7	1.51988E+000	3.10333E-001	0.00000E+000	1.52120E+000	-2.59742E-004	11	...........
	1517	151.8	1.52087E+000	3.10470E-001	0.00000E+000	1.52220E+000	-2.65960E-004	11	...........
	1518	151.9	1.52187E+000	3.10410E-001	0.00000E+000	1.52320E+000	-2.71310E-004	11	...........
	1519	152	1.52286E+000	3.10568E-001	0.00000E+000	1.52420E+000	-2.70910E-004	11	...........
	1520	152.1	1.52387E+000	3.10647E-001	0.00000E+000	1.52520E+000	-2.71410E-004	11	...........
	1521	152.2	1.52488E+000	3.10795E-001	0.00000E+000	1.52620E+000	-2.63459E-004	11	...........
	1522	152.3	1.52586E+000	3.10886E-001	0.00000E+000	1.52720E+000	-2.68860E-004	11	...........
	1523	152.4	1.52687E+000	3.11057E-001	0.00000E+000	1.52820E+000	-2.69510E-004	11	...........
	1524	152.5	1.52785E+000	3.10959E-001	0.00000E+000	1.52920E+000	-2.70310E-004	11	...........
	1525	152.6	1.52885E+000	3.11167E-001	0.00000E+000	1.53020E+000	-2.66060E-004	11	...........
	1526	152.7	1.52985E+000	3.11187E-001	0.00000E+000	1.53120E+000	-2.59509E-004	11	...........
	1527	152.8	1.53085E+000	3.11318E-001	0.00000E+000	1.53220E+000	-2.64859E-004	11	...........
	1528	152.9	1.53185E+000	3.11476E-001	0.00000E+000	1.53320E+000	-2.69460E-004	11	...........
	1529	153	1.53285E+000	3.11604E-001	0.00000E+000	1.53420E+000	-2.55308E-004	11	...........
	1530	153.1	1.53384E+000	3.11489E-001	0.00000E+000	1.53520E+000	-2.67460E-004	11	...........
	1531	153.2	1.53484E+000	3.11607E-001	0.00000E+000	1.53620E+000	-2.65576E-004	11	...........
	1532	153.3	1.53583E+000	3.11724E-001	0.00000E+000	1.53720E+000	-2.56558E-004	11	...........
	1533	153.4	1.53685E+000	3.11780E-001	0.00000E+000	1.53820E+000	-2.63209E-004	11	...........
	1534	153.5	1.53786E+000	3.11749E-001	0.00000E+000	1.53920E+000	-2.59759E-004	11	...........
	1535	153.6	1.53885E+000	3.11882E-001	0.00000E+000	1.54020E+000	-2.62759E-004	11	...........
	1536	153.7	1.53984E+000	3.12034E-001	0.00000E+000	1.54120E+000	-2.63559E-004	11	...........
	1537	153.8	1.54085E+000	3.12073E-001	0.00000E+000	1.54220E+000	-2.61009E-004	11	...........
	1538	153.9	1.54184E+000	3.12152E-001	0.00000E+000	1.54320E+000	-2.64909E-004	11	...........
	1539	154	1.54285E+000	3.12288E-001	0.00000E+000	1.54420E+000	-2.61309E-004	11	...........
	1540	154.1	1.54384E+000	3.12333E-001	0.00000E+000	1.54520E+000	-2.60459E-004	11	...........
	1541	154.2	1.54484E+000	3.12478E-001	0.00000E+000	1.54620E+000	-2.64343E-004	11	...........
	1542	154.3	1.54584E+000	3.12499E-001	0.00000E+000	1.54720E+000	-2.58675E-004	11	...........
	1543	154.4	1.54682E+000	3.12472E-001	0.00000E+000	1.54820E+000	-2.66426E-004	11	...........
	1544	154.5	1.54783E+000	3.12646E-001	0.00000E+000	1.54920E+000	-2.74194E-004	11	...........
	1545	154.6	1.54883E+000	3.12664E-001	0.00000E+000	1.55020E+000	-2.57675E-004	11	...........
	1546	154.7	1.54981E+000	3.12652E-001	0.00000E+000	1.55120E+000	-2.67760E-004	11	...........
	1547	154.8	1.55083E+000	3.12985E-001	0.00000E+000	1.55220E+000	-2.67126E-004	11	...........
	1548	154.9	1.55181E+000	3.12988E-001	0.00000E+000	1.55320E+000	-2.58975E-004	11	...........
	1549	155	1.55282E+000	3.13114E-001	0.00000E+000	1.55420E+000	-2.60625E-004	11	...........
	1550	155.1	1.55382E+000	3.13143E-001	0.00000E+000	1.55520E+000	-2.58708E-004	11	...........
	1551	155.2	1.55481E+000	3.13223E-001	0.00000E+000	1.55620E+000	-2.56241E-004	11	...........
	1552	155.3	1.55581E+000	3.13290E-001	0.00000E+000	1.55720E+000	-2.60842E-004	11	...........
	1553	155.4	1.55681E+000	3.13443E-001	0.00000E+000	1.55820E+000	-2.52741E-004	11	...........
	1554	155.5	1.55781E+000	3.13552E-001	0.00000E+000	1.55920E+000	-2.61942E-004	11	...........
	1555	155.6	1.55881E+000	3.13713E-001	0.00000E+000	1.56020E+000	-2.53224E-004	11	...........
	1556	155.7	1.55979E+000	3.13615E-001	0.00000E+000	1.56120E+000	-2.53908E-004	11	...........
	1557	155.8	1.56079E+000	3.13786E-001	0.00000E+000	1.56220E+000	-2.62026E-004	11	...........
	1558	155.9	1.56182E+000	3.13772E-001	0.00000E+000	1.56320E+000	-2.51141E-004	11	...........
	1559	156	1.56282E+000	3.13880E-001	0.00000E+000	1.56420E+000	-2.61209E-004	11	...........
	1560	156.1	1.56381E+000	3.13990E-001	0.00000E+000	1.56520E+000	-2.67576E-004	11	...........
	1561	156.2	1.56482E+000	3.14105E-001	0.00000E+000	1.56620E+000	-2.51991E-004	11	...........
	1562	156.3	1.56580E+000	3.14097E-001	0.00000E+000	1.56720E+000	-2.69927E-004	11	...........
	1563	156.4	1.56681E+000	3.14276E-001	0.00000E+000	1.56820E+000	-2.62359E-004	11	...........
	1564	156.5	1.56780E+000	3.14259E-001	0.00000E+000	1.56920E+000	-2.53974E-004	11	...........
	1565	156.6	1.56880E+000	3.14301E-001	0.00000E+000	1.57020E+000	-2.60825E-004	11	...........
	1566	156.7	1.56980E+000	3.14415E-001	0.00000E+000	1.57120E+000	-2.60992E-004	11	...........
	1567	156.8	1.57079E+000	3.14518E-001	0.00000E+000	1.57220E+000	-2.63242E-004	11	...........
	1568	156.9	1.57179E+000	3.14649E-001	0.00000E+000	1.57320E+000	-2.67093E-004	11	...........
	1569	157	1.57278E+000	3.14656E-001	0.00000E+000	1.57420E+000	-2.62692E-004	11	...........
	1570	157.1	1.57377E+000	3.14724E-001	0.00000E+000	1.57520E+000	-2.70744E-004	11	...........
	1571	157.2	1.57478E+000	3.14876E-001	0.00000E+000	1.57620E+000	-2.65493E-004	11	...........
	1572	157.3	1.57578E+000	3.15080E-001	0.00000E+000	1.57720E+000	-2.73061E-004	11	...........
	1573	157.4	1.57678E+000	3.15187E-001	0.00000E+000	1.57820E+000	-2.60375E-004	11	...........
	1574	157.5	1.57778E+000	3.15295E-001	0.00000E+000	1.57920E+000	-2.63526E-004	11	...........
	1575	157.6	1.57877E+000	3.15233E-001	0.00000E+000	1.58020E+000	-2.64709E-004	11	...........
	1576	157.7	1.57977E+000	3.15391E-001	0.00000E+000	1.58120E+000	-2.67693E-004	11	...........
	1577	157.8	1.58077E+000	3.15532E-001	0.00000E+000	1.58220E+000	-2.54975E-004	11	...........
	1578	157.9	1.58176E+000	3.15503E-001	0.00000E+000	1.58320E+000	-2.65259E-004	11	...........
	1579	158	1.58277E+000	3.15724E-001	0.00000E+000	1.58420E+000	-2.61359E-004	11	...........
	1580	158.1	1.58376E+000	3.15665E-001	0.00000E+000	1.58520E+000	-2.56275E-004	11	...........
	1581	158.2	1.58476E+000	3.15861E-001	0.00000E+000	1.58620E+000	-2.61609E-004	11	...........
	1582	158.3	1.58576E+000	3.15847E-001	0.00000E+000	1.58720E+000	-2.56308E-004	11	...........
	1583	158.4	1.58675E+000	3.15943E-001	0.00000E+000	1.58820E+000	-2.59025E-004	11	...........
	1584	158.5	1.58778E+000	3.15924E-001	0.00000E+000	1.58920E+000	-2.63626E-004	11	...........
	1585	158.6	1.58878E+000	3.15987E-001	0.00000E+000	1.59020E+000	-2.53924E-004	11	...........
	1586	158.7	1.58977E+000	3.16026E-001	0.00000E+000	1.59120E+000	-2.62176E-004	11	...........
	1587	158.8	1.59078E+000	3.16138E-001	0.00000E+000	1.59220E+000	-2.54258E-004	11	...........
	1588	158.9	1.59177E+000	3.16194E-001	0.00000E+000	1.59320E+000	-2.59492E-004	11	...........
	1589	159	1.59276E+000	3.16266E-001	0.00000E+000	1.59420E+000	-2.60392E-004	11	...........
	1590	159.1	1.59377E+000	3.16261E-001	0.00000E+000	1.59520E+000	-2.56041E-004	11	...........
	1591	159.2	1.59476E+000	3.16370E-001	0.00000E+000	1.59620E+000	-2.60359E-004	11	...........
	1592	159.3	1.59576E+000	3.16571E-001	0.00000E+000	1.59720E+000	-2.69543E-004	11	...........
	1593	159.4	1.59676E+000	3.16622E-001	0.00000E+000	1.59820E+000	-2.55075E-004	11	...........
	1594	159.5	1.59775E+000	3.16718E-001	0.00000E+000	1.59920E+000	-2.68493E-004	11	...........
	1595	159.6	1.59875E+000	3.16793E-001	0.00000E+000	1.60020E+000	-2.65343E-004	11	...........
	1596	159.7	1.59974E+000	3.16853E-001	0.00000E+000	1.60120E+000	-2.70360E-004	11	...........
	1597	159.8	1.60074E+000	3.16976E-001	0.00000E+000	1.60220E+000	-2.61026E-004	11	...........
	1598	159.9	1.60174E+000	3.16989E-001	0.00000E+000	1.60320E+000	-2.66726E-004	11	...........
	1599	160	1.60274E+000	3.17175E-001	0.00000E+000	1.60420E+000	-2.64993E-004	11	...........
	1600	160.1	1.60374E+000	3.17217E-001	0.00000E+000	1.60520E+000	-2.66593E-004	11	...........
	1601	160.2	1.60473E+000	3.17266E-001	0.00000E+000	1.60620E+000	-2.62126E-004	11	...........
	1602	160.3	1.60573E+000	3.17332E-001	0.00000E+000	1.60720E+000	-2.63426E-004	11	...........
	1603	160.4	1.60673E+000	3.17461E-001	0.00000E+000	1.60820E+000	-2.54158E-004	11	...........
	1604	160.5	1.60773E+000	3.17554E-001	0.00000E+000	1.60920E+000	-2.60742E-004	11	...........
	1605	160.6	1.60872E+000	3.17694E-001	0.00000E+000	1.61020E+000	-2.63826E-004	11	...........
	1606	160.7	1.60973E+000	3.17719E-001	0.00000E+000	1.61120E+000	-2.52241E-004	11	...........
	1607	160.8	1.61071E+000	3.17769E-001	0.00000E+000	1.61220E+000	-2.65076E-004	11	...........
	1608	160.9	1.61172E+000	3.17901E-001	0.00000E+000	1.61320E+000	-2.64943E-004	11	...........
	1609	161	1.61271E+000	3.18042E-001	0.00000E+000	1.61420E+000	-2.50441E-004	11	...........
	1610	161.1	1.61373E+000	3.17829E-001	0.00000E+000	1.61520E+000	-2.63576E-004	11	...........
	1611	161.2	1.61474E+000	3.18074E-001	0.00000E+000	1.61620E+000	-2.59325E-004	11	...........
	1612	161.3	1.61573E+000	3.18170E-001	0.00000E+000	1.61720E+000	-2.56942E-004	11	...........
	1613	161.4	1.61673E+000	3.18325E-001	0.00000E+000	1.61820E+000	-2.61742E-004	11	...........
	1614	161.5	1.61772E+000	3.18257E-001	0.00000E+000	1.61920E+000	-2.57692E-004	11	...........
	1615	161.6	1.61872E+000	3.18393E-001	0.00000E+000	1.62020E+000	-2.64109E-004	11	...........
	1616	161.7	1.61972E+000	3.18485E-001	0.00000E+000	1.62120E+000	-2.65259E-004	11	...........
	1617	161.8	1.62072E+000	3.18609E-001	0.00000E+000	1.62220E+000	-2.58325E-004	11	...........
	1618	161.9	1.62171E+000	3.18550E-001	0.00000E+000	1.62320E+000	-2.65910E-004	11	...........
	1619	162	1.62271E+000	3.18678E-001	0.00000E+000	1.62420E+000	-2.63509E-004	11	...........
	1620	162.1	1.62370E+000	3.18735E-001	0.00000E+000	1.62520E+000	-2.69443E-004	11	...........
	1621	162.2	1.62471E+000	3.18892E-001	0.00000E+000	1.62620E+000	-2.69410E-004	11	...........
	1622	162.3	1.62571E+000	3.18926E-001	0.00000E+000	1.62720E+000	-2.62026E-004	11	...........
	1623	162.4	1.62668E+000	3.19052E-001	0.00000E+000	1.62820E+000	-2.66610E-004	11	...........
	1624	162.5	1.62770E+000	3.19168E-001	0.00000E+000	1.62920E+000	-2.71810E-004	11	...........
	1625	162.6	1.62870E+000	3.19261E-001	0.00000E+000	1.63020E+000	-2.60859E-004	11	...........
	1626	162.7	1.62968E+000	3.19141E-001	0.00000E+000	1.63120E+000	-2.61442E-004	11	...........
	1627	162.8	1.63069E+000	3.19416E-001	0.00000E+000	1.63220E+000	-2.63226E-004	11	...........
	1628	162.9	1.63169E+000	3.19498E-001	0.00000E+000	1.63320E+000	-2.58125E-004	11	...........
	1629	163	1.63268E+000	3.19533E-001	0.00000E+000	1.63420E+000	-2.62342E-004	11	...........
	1630	163.1	1.63369E+000	3.19744E-001	0.00000E+000	1.63520E+000	-2.58558E-004	11	...........
	1631	163.2	1.63468E+000	3.19751E-001	0.00000E+000	1.63620E+000	-2.61442E-004	11	...........
	1632	163.3	1.63568E+000	3.19891E-001	0.00000E+000	1.63720E+000	-2.58792E-004	11	...........
	1633	163.4	1.63667E+000	3.19871E-001	0.00000E+000	1.63820E+000	-2.56558E-004	11	...........
	1634	163.5	1.63766E+000	3.19848E-001	0.00000E+000	1.63920E+000	-2.64659E-004	11	...........
	1635	163.6	1.63872E+000	3.20022E-001	0.00000E+000	1.64020E+000	-2.55391E-004	11	...........
	1636	163.7	1.63970E+000	3.19931E-001	0.00000E+000	1.64120E+000	-2.61626E-004	11	...........
	1637	163.8	1.64070E+000	3.20081E-001	0.00000E+000	1.64220E+000	-2.65526E-004	11	...........
	1638	163.9	1.64170E+000	3.20141E-001	0.00000E+000	1.64320E+000	-2.52358E-004	11	...........
	1639	164	1.64268E+000	3.20116E-001	0.00000E+000	1.64420E+000	-2.63426E-004	11	...........
	1640	164.1	1.64368E+000	3.20237E-001	0.00000E+000	1.64520E+000	-2.62709E-004	11	...........
	1641	164.2	1.64469E+000	3.20342E-001	0.00000E+000	1.64620E+000	-2.50207E-004	11	...........
	1642	164.3	1.64568E+000	3.20466E-001	0.00000E+000	1.64720E+000	-2.60659E-004	11	...........
	1643	164.4	1.64668E+000	3.20550E-001	0.00000E+000	1.64820E+000	-2.56525E-004	11	...........
	1644	164.5	1.64767E+000	3.20628E-001	0.00000E+000	1.64920E+000	-2.59975E-004	11	...........
	1645	164.6	1.64867E+000	3.20730E-001	0.00000E+000	1.65020E+000	-2.64659E-004	11	...........
	1646	164.7	1.64966E+000	3.20676E-001	0.00000E+000	1.65120E+000	-2.59775E-004	11	...........
	1647	164.8	1.65065E+000	3.20778E-001	0.00000E+000	1.65220E+000	-2.73827E-004	11	...........
	1648	164.9	1.65166E+000	3.20918E-001	0.00000E+000	1.65320E+000	-2.67276E-004	11	...........
	1649	165	1.65267E+000	3.21034E-001	0.00000E+000	1.65420E+000	-2.60825E-004	11	...........
	1650	165.1	1.65366E+000	3.21145E-001	0.00000E+000	1.65520E+000	-2.60525E-004	11	...........
	1651	165.2	1.65467E+000	3.21334E-001	0.00000E+000	1.65620E+000	-2.39522E-004	11	...........
	1652	165.3	1.65566E+000	3.21297E-001	0.00000E+000	1.65720E+000	-2.47790E-004	11	...........
	1653	165.4	1.65665E+000	3.21399E-001	0.00000E+000	1.65820E+000	-2.52324E-004	11	...........
	1654	165.5	1.65766E+000	3.21393E-001	0.00000E+000	1.65920E+000	-2.36822E-004	11	...........
	1655	165.6	1.65865E+000	3.21547E-001	0.00000E+000	1.66020E+000	-2.51541E-004	11	...........
	1656	165.7	1.65965E+000	3.21692E-001	0.00000E+000	1.66120E+000	-2.39556E-004	11	...........
	1657	165.8	1.66064E+000	3.21761E-001	0.00000E+000	1.66220E+000	-2.21786E-004	11	...........
	1658	165.9	1.66164E+000	3.21683E-001	0.00000E+000	1.66320E+000	-2.48990E-004	11	...........
	1659	166	1.66264E+000	3.21843E-001	0.00000E+000	1.66420E+000	-2.33521E-004	11	...........
	1660	166.1	1.66363E+000	3.21847E-001	0.00000E+000	1.66520E+000	-2.36938E-004	11	...........
	1661	166.2	1.66464E+000	3.22000E-001	0.00000E+000	1.66620E+000	-2.40572E-004	11	...........
	1662	166.3	1.66566E+000	3.22000E-001	0.00000E+000	1.66720E+000	-2.39022E-004	11	...........
	1663	166.4	1.66665E+000	3.22056E-001	0.00000E+000	1.66820E+000	-2.45590E-004	11	...........
	1664	166.5	1.66765E+000	3.22125E-001	0.00000E+000	1.66920E+000	-2.39472E-004	11	...........
	1665	166.6	1.66864E+000	3.22170E-001	0.00000E+000	1.67020E+000	-2.37589E-004	11	...........
	1666	166.7	1.66964E+000	3.22206E-001	0.00000E+000	1.67120E+000	-2.56858E-004	11	...........
	1667	166.8	1.67065E+000	3.22520E-001	0.00000E+000	1.67220E+000	-2.37922E-004	11	...........
	1668	166.9	1.67164E+000	3.22521E-001	0.00000E+000	1.67320E+000	-2.46590E-004	11	...........
	1669	167	1.67264E+000	3.22630E-001	0.00000E+000	1.67420E+000	-2.54358E-004	11	...........
	1670	167.1	1.67364E+000	3.22593E-001	0.00000E+000	1.67520E+000	-2.44640E-004	11	...........
	1671	167.2	1.67462E+000	3.22662E-001	0.00000E+000	1.67620E+000	-2.64143E-004	11	...........
	1672	167.3	1.67562E+000	3.22755E-001	0.00000E+000	1.67720E+000	-2.58808E-004	11	...........
	1673	167.4	1.67662E+000	3.22794E-001	0.00000E+000	1.67820E+000	-2.61659E-004	11	...........
	1674	167.5	1.67761E+000	3.22882E-001	0.00000E+000	1.67920E+000	-2.56525E-004	11	...........
	1675	167.6	1.67862E+000	3.23125E-001	0.00000E+000	1.68020E+000	-2.61526E-004	11	...........
	1676	167.7	1.67963E+000	3.23153E-001	0.00000E+000	1.68120E+000	-2.54741E-004	11	...........
	1677	167.8	1.68061E+000	3.23260E-001	0.00000E+000	1.68220E+000	-2.55875E-004	11	...........
	1678	167.9	1.68162E+000	3.23260E-001	0.00000E+000	1.68320E+000	-2.48940E-004	11	...........
	1679	168	1.68261E+000	3.23366E-001	0.00000E+000	1.68420E+000	-2.57075E-004	11	...........
	1680	168.1	1.68361E+000	3.23437E-001	0.00000E+000	1.68520E+000	-2.43906E-004	11	...........
	1681	168.2	1.68460E+000	3.23562E-001	0.00000E+000	1.68620E+000	-2.44073E-004	11	...........
	1682	168.3	1.68560E+000	3.23693E-001	0.00000E+000	1.68720E+000	-2.57208E-004	11	...........
	1683	168.4	1.68661E+000	3.23768E-001	0.00000E+000	1.68820E+000	-2.37889E-004	11	...........
	1684	168.5	1.68760E+000	3.23671E-001	0.00000E+000	1.68920E+000	-2.51907E-004	11	...........
	1685	168.6	1.68859E+000	3.23905E-001	0.00000E+000	1.69020E+000	-2.52441E-004	11	...........
	1686	168.7	1.68961E+000	3.23837E-001	0.00000E+000	1.69120E+000	-2.42539E-004	11	...........
	1687	168.8	1.69062E+000	3.23823E-001	0.00000E+000	1.69220E+000	-2.58042E-004	11	...........
	1688	168.9	1.69162E+000	3.23876E-001	0.00000E+000	1.69320E+000	-2.48624E-004	11	...........
	1689	169	1.69262E+000	3.24033E-001	0.00000E+000	1.69420E+000	-2.36788E-004	11	...........
	1690	169.1	1.69360E+000	3.23954E-001	0.00000E+000	1.69520E+000	-2.55625E-004	11	...........
	1691	169.2	1.69461E+000	3.24092E-001	0.00000E+000	1.69620E+000	-2.45206E-004	11	...........
	1692	169.3	1.69560E+000	3.24190E-001	0.00000E+000	1.69720E+000	-2.50190E-004	11	...........
	1693	169.4	1.69660E+000	3.24270E-001	0.00000E+000	1.69820E+000	-2.51457E-004	11	...........
	1694	169.5	1.69760E+000	3.24346E-001	0.00000E+000	1.69920E+000	-2.45640E-004	11	...........
	1695	169.6	1.69859E+000	3.24371E-001	0.00000E+000	1.70020E+000	-2.62026E-004	11	...........
	1696	169.7	1.69959E+000	3.24615E-001	0.00000E+000	1.70120E+000	-2.53324E-004	11	...........
	1697	169.8	1.70059E+000	3.24535E-001	0.00000E+000	1.70220E+000	-2.60309E-004	11	...........
	1698	169.9	1.70158E+000	3.24571E-001	0.00000E+000	1.70320E+000	-2.62642E-004	11	...........
	1699	170	1.70258E+000	3.24692E-001	0.00000E+000	1.70420E+000	-2.58325E-004	11	...........
	1700	170.1	1.70358E+000	3.24801E-001	0.00000E+000	1.70520E+000	-2.63943E-004	11	...........
	1701	170.2	1.70458E+000	3.25034E-001	0.00000E+000	1.70620E+000	-2.65393E-004	11	...........
	1702	170.3	1.70559E+000	3.25093E-001	0.00000E+000	1.70720E+000	-2.49174E-004	11	...........
	1703	170.4	1.70657E+000	3.25017E-001	0.00000E+000	1.70820E+000	-2.65326E-004	11	...........
	1704	170.5	1.70757E+000	3.25102E-001	0.00000E+000	1.70920E+000	-2.51991E-004	11	...........
	1705	170.6	1.70857E+000	3.25240E-001	0.00000E+000	1.71020E+000	-2.39506E-004	11	...........
	1706	170.7	1.70956E+000	3.25343E-001	0.00000E+000	1.71120E+000	-2.53524E-004	11	...........
	1707	170.8	1.71057E+000	3.25536E-001	0.00000E+000	1.71220E+000	-2.47073E-004	11	...........
	1708	170.9	1.71157E+000	3.25611E-001	0.00000E+000	1.71320E+000	-2.47140E-004	11	...........
	1709	171	1.71256E+000	3.25705E-001	0.00000E+000	1.71420E+000	-2.46773E-004	11	...........
	1710	171.1	1.71356E+000	3.25642E-001	0.00000E+000	1.71520E+000	-2.45106E-004	11	...........
	1711	171.2	1.71456E+000	3.25747E-001	0.00000E+000	1.71620E+000	-2.56992E-004	11	...........
	1712	171.3	1.71558E+000	3.25809E-001	0.00000E+000	1.71720E+000	-2.43156E-004	11	...........
	1713	171.4	1.71658E+000	3.25808E-001	0.00000E+000	1.71820E+000	-2.43690E-004	11	...........
	1714	171.5	1.71758E+000	3.25825E-001	0.00000E+000	1.71920E+000	-2.57358E-004	11	...........
	1715	171.6	1.71858E+000	3.25994E-001	0.00000E+000	1.72020E+000	-2.39956E-004	11	...........
	1716	171.7	1.71956E+000	3.25961E-001	0.00000E+000	1.72120E+000	-2.54891E-004	11	...........
	1717	171.8	1.72056E+000	3.26108E-001	0.00000E+000	1.72220E+000	-2.57075E-004	11	...........
	1718	171.9	1.72157E+000	3.26133E-001	0.00000E+000	1.72320E+000	-2.43206E-004	11	...........
	1719	172	1.72256E+000	3.26298E-001	0.00000E+000	1.72420E+000	-2.62776E-004	11	...........
	1720	172.1	1.72356E+000	3.26396E-001	0.00000E+000	1.72520E+000	-2.55675E-004	11	...........
	1721	172.2	1.72456E+000	3.26498E-001	0.00000E+000	1.72620E+000	-2.52591E-004	11	...........
	1722	172.3	1.72555E+000	3.26440E-001	0.00000E+000	1.72720E+000	-2.61159E-004	11	...........
	1723	172.4	1.72655E+000	3.26524E-001	0.00000E+000	1.72820E+000	-2.55191E-004	11	...........
	1724	172.5	1.72754E+000	3.26622E-001	0.00000E+000	1.72920E+000	-2.62426E-004	11	...........
	1725	172.6	1.72853E+000	3.26713E-001	0.00000E+000	1.73020E+000	-2.71260E-004	11	...........
	1726	172.7	1.72955E+000	3.26857E-001	0.00000E+000	1.73120E+000	-2.56458E-004	11	...........
	1727	172.8	1.73054E+000	3.27024E-001	0.00000E+000	1.73220E+000	-2.62159E-004	11	...........
	1728	172.9	1.73154E+000	3.27075E-001	0.00000E+000	1.73320E+000	-2.52524E-004	11	...........
	1729	173	1.73254E+000	3.27048E-001	0.00000E+000	1.73420E+000	-2.58042E-004	11	...........
	1730	173.1	1.73353E+000	3.27108E-001	0.00000E+000	1.73520E+000	-2.58625E-004	11	...........
	1731	173.2	1.73454E+000	3.27270E-001	0.00000E+000	1.73620E+000	-2.46673E-004	11	...........
	1732	173.3	1.73553E+000	3.27333E-001	0.00000E+000	1.73720E+000	-2.59992E-004	11	...........
	1733	173.4	1.73653E+000	3.27438E-001	0.00000E+000	1.73820E+000	-2.58508E-004	11	...........
	1734	173.5	1.73752E+000	3.27395E-001	0.00000E+000	1.73920E+000	-2.40856E-004	11	...........
	1735	173.6	1.73852E+000	3.27423E-001	0.00000E+000	1.74020E+000	-2.60325E-004	11	...........
	1736	173.7	1.73951E+000	3.27440E-001	0.00000E+000	1.74120E+000	-2.49724E-004	11	...........
	1737	173.8	1.74051E+000	3.27492E-001	0.00000E+000	1.74220E+000	-2.45473E-004	11	...........
	1738	173.9	1.74153E+000	3.27428E-001	0.00000E+000	1.74320E+000	-2.54941E-004	11	...........
	1739	174	1.74254E+000	3.27690E-001	0.00000E+000	1.74420E+000	-2.47390E-004	11	...........
	1740	174.1	1.74353E+000	3.27678E-001	0.00000E+000	1.74520E+000	-2.50557E-004	11	...........
	1741	174.2	1.74452E+000	3.27807E-001	0.00000E+000	1.74620E+000	-2.53741E-004	11	...........
	1742	174.3	1.74552E+000	3.27817E-001	0.00000E+000	1.74720E+000	-2.46773E-004	11	...........
	1743	174.4	1.74651E+000	3.27806E-001	0.00000E+000	1.74820E+000	-2.60159E-004	11	...........
	1744	174.5	1.74751E+000	3.27984E-001	0.00000E+000	1.74920E+000	-2.44940E-004	11	...........
	1745	174.6	1.74851E+000	3.28133E-001	0.00000E+000	1.75020E+000	-2.52808E-004	11	...........
	1746	174.7	1.74951E+000	3.28198E-001	0.00000E+000	1.75120E+000	-2.59159E-004	11	...........
	1747	174.8	1.75051E+000	3.28364E-001	0.00000E+000	1.75220E+000	-2.49774E-004	11	...........
	1748	174.9	1.75150E+000	3.28309E-001	0.00000E+000	1.75320E+000	-2.63459E-004	11	...........
	1749	175	1.75250E+000	3.28437E-001	0.00000E+000	1.75420E+000	-2.68460E-004	11	...........
	1750	175.1	1.75350E+000	3.28491E-001	0.00000E+000	1.75520E+000	-2.59692E-004	11	...........
	1751	175.2	1.75449E+000	3.28623E-001	0.00000E+000	1.75620E+000	-2.59525E-004	11	...........
	1752	175.3	1.75550E+000	3.28683E-001	0.00000E+000	1.75720E+000	-2.56308E-004	11	...........
	1753	175.4	1.75650E+000	3.28891E-001	0.00000E+000	1.75820E+000	-2.50941E-004	11	...........
	1754	175.5	1.75749E+000	3.28750E-001	0.00000E+000	1.75920E+000	-2.52474E-004	11	...........
	1755	175.6	1.75850E+000	3.29002E-001	0.00000E+000	1.76020E+000	-2.45907E-004	11	...........
	1756	175.7	1.75949E+000	3.29072E-001	0.00000E+000	1.76120E+000	-2.51624E-004	11	...........
	1757	175.8	1.76049E+000	3.29111E-001	0.00000E+000	1.76220E+000	-2.45807E-004	11	...........
	1758	175.9	1.76149E+000	3.29159E-001	0.00000E+000	1.76320E+000	-2.39872E-004	11	...........
	1759	176	1.76248E+000	3.29245E-001	0.00000E+000	1.76420E+000	-2.58892E-004	11	...........
	1760	176.1	1.76348E+000	3.29365E-001	0.00000E+000	1.76520E+000	-2.37422E-004	11	...........
	1761	176.2	1.76448E+000	3.29399E-001	0.00000E+000	1.76620E+000	-2.49607E-004	11	...........
	1762	176.3	1.76546E+000	3.29369E-001	0.00000E+000	1.76720E+000	-2.52091E-004	11	...........
	1763	176.4	1.76650E+000	3.29564E-001	0.00000E+000	1.76820E+000	-2.42323E-004	11	...........
	1764	176.5	1.76749E+000	3.29498E-001	0.00000E+000	1.76920E+000	-2.52558E-004	11	...........
	1765	176.6	1.76849E+000	3.29685E-001	0.00000E+000	1.77020E+000	-2.47907E-004	11	...........
	1766	176.7	1.76949E+000	3.29751E-001	0.00000E+000	1.77120E+000	-2.34171E-004	11	...........
	1767	176.8	1.77048E+000	3.29719E-001	0.00000E+000	1.77220E+000	-2.59175E-004	11	...........
	1768	176.9	1.77148E+000	3.29852E-001	0.00000E+000	1.77320E+000	-2.46523E-004	11	...........
	1769	177	1.77247E+000	3.29922E-001	0.00000E+000	1.77420E+000	-2.44890E-004	11	...........
	1770	177.1	1.77347E+000	3.29946E-001	0.00000E+000	1.77520E+000	-2.53041E-004	11	...........
	1771	177.2	1.77448E+000	3.30163E-001	0.00000E+000	1.77620E+000	-2.47590E-004	11	...........
	1772	177.3	1.77547E+000	3.30168E-001	0.00000E+000	1.77720E+000	-2.56275E-004	11	...........
	1773	177.4	1.77647E+000	3.30306E-001	0.00000E+000	1.77820E+000	-2.52591E-004	11	...........
	1774	177.5	1.77746E+000	3.30234E-001	0.00000E+000	1.77920E+000	-2.54775E-004	11	...........
	1775	177.6	1.77845E+000	3.30376E-001	0.00000E+000	1.78020E+000	-2.60492E-004	11	...........
	1776	177.7	1.77945E+000	3.30464E-001	0.00000E+000	1.78120E+000	-2.59575E-004	11	...........
	1777	177.8	1.78045E+000	3.30656E-001	0.00000E+000	1.78220E+000	-2.62509E-004	11	...........
	1778	177.9	1.78145E+000	3.30616E-001	0.00000E+000	1.78320E+000	-2.65876E-004	11	...........
	1779	178	1.78246E+000	3.30850E-001	0.00000E+000	1.78420E+000	-2.51657E-004	11	...........
	1780	178.1	1.78344E+000	3.30723E-001	0.00000E+000	1.78520E+000	-2.62976E-004	11	...........
	1781	178.2	1.78445E+000	3.30933E-001	0.00000E+000	1.78620E+000	-2.58992E-004	11	...........
	1782	178.3	1.78544E+000	3.30873E-001	0.00000E+000	1.78720E+000	-2.48390E-004	11	...........
	1783	178.4	1.78644E+000	3.31052E-001	0.00000E+000	1.78820E+000	-2.58525E-004	11	...........
	1784	178.5	1.78744E+000	3.31077E-001	0.00000E+000	1.78920E+000	-2.53441E-004	11	...........
	1785	178.6	1.78844E+000	3.31218E-001	0.00000E+000	1.79020E+000	-2.53791E-004	11	...........
	1786	178.7	1.78943E+000	3.31135E-001	0.00000E+000	1.79120E+000	-2.52741E-004	11	...........
	1787	178.8	1.79044E+000	3.31373E-001	0.00000E+000	1.79220E+000	-2.51141E-004	11	...........
	1788	178.9	1.79142E+000	3.31363E-001	0.00000E+000	1.79320E+000	-2.57358E-004	11	...........
	1789	179	1.79246E+000	3.31460E-001	0.00000E+000	1.79420E+000	-2.52007E-004	11	...........
	1790	179.1	1.79347E+000	3.31446E-001	0.00000E+000	1.79520E+000	-2.47540E-004	11	...........
	1791	179.2	1.79445E+000	3.31529E-001	0.00000E+000	1.79620E+000	-2.59542E-004	11	...........
	1792	179.3	1.79546E+000	3.31577E-001	0.00000E+000	1.79720E+000	-2.43239E-004	11	...........
	1793	179.4	1.79644E+000	3.31547E-001	0.00000E+000	1.79820E+000	-2.57175E-004	11	...........
	1794	179.5	1.79744E+000	3.31614E-001	0.00000E+000	1.79920E+000	-2.60209E-004	11	...........
	1795	179.6	1.79844E+000	3.31791E-001	0.00000E+000	1.80020E+000	-2.47707E-004	11	...........
	1796	179.7	1.79944E+000	3.31882E-001	0.00000E+000	1.80120E+000	-2.61942E-004	11	...........
	1797	179.8	1.80044E+000	3.31996E-001	0.00000E+000	1.80220E+000	-2.59692E-004	11	...........
	1798	179.9	1.80144E+000	3.32069E-001	0.00000E+000	1.80320E+000	-2.51591E-004	11	...........
	1799	180	1.80242E+000	3.32021E-001	0.00000E+000	1.80420E+000	-2.60275E-004	11	...........
	1800	180.1	1.80342E+000	3.32135E-001	0.00000E+000	1.80520E+000	-2.59875E-004	11	...........
	1801	180.2	1.80441E+000	3.32082E-001	0.00000E+000	1.80620E+000	-2.64609E-004	11	...........
	1802	180.3	1.80539E+000	3.32025E-001	0.00000E+000	1.80720E+000	-2.72094E-004	11	...........
	1803	180.4	1.80642E+000	3.32380E-001	0.00000E+000	1.80820E+000	-2.57575E-004	11	...........
	1804	180.5	1.80740E+000	3.32465E-001	0.00000E+000	1.80920E+000	-2.64809E-004	11	...........
	1805	180.6	1.80841E+000	3.32571E-001	0.00000E+000	1.81020E+000	-2.56891E-004	11	...........
	1806	180.7	1.80940E+000	3.32547E-001	0.00000E+000	1.81120E+000	-2.53641E-004	11	...........
	1807	180.8	1.81040E+000	3.32719E-001	0.00000E+000	1.81220E+000	-2.59575E-004	11	...........
	1808	180.9	1.81140E+000	3.32750E-001	0.00000E+000	1.81320E+000	-2.44556E-004	11	...........
	1809	181	1.81240E+000	3.32944E-001	0.00000E+000	1.81420E+000	-2.53691E-004	11	...........
	1810	181.1	1.81340E+000	3.32926E-001	0.00000E+000	1.81520E+000	-2.58475E-004	11	...........
	1811	181.2	1.81440E+000	3.33121E-001	0.00000E+000	1.81620E+000	-2.44206E-004	11	...........
	1812	181.3	1.81538E+000	3.33001E-001	0.00000E+000	1.81720E+000	-2.62726E-004	11	...........
	1813	181.4	1.81638E+000	3.33127E-001	0.00000E+000	1.81820E+000	-2.50791E-004	11	...........
	1814	181.5	1.81738E+000	3.33166E-001	0.00000E+000	1.81920E+000	-2.41239E-004	11	...........
	1815	181.6	1.81839E+000	3.33144E-001	0.00000E+000	1.82020E+000	-2.59309E-004	11	...........
	1816	181.7	1.81941E+000	3.33331E-001	0.00000E+000	1.82120E+000	-2.46373E-004	11	...........
	1817	181.8	1.82041E+000	3.33522E-001	0.00000E+000	1.82220E+000	-2.47640E-004	11	...........
	1818	181.9	1.82140E+000	3.33410E-001	0.00000E+000	1.82320E+000	-2.51674E-004	11	...........
	1819	182	1.82240E+000	3.33526E-001	0.00000E+000	1.82420E+000	-2.48023E-004	11	...........
	1820	182.1	1.82339E+000	3.33568E-001	0.00000E+000	1.82520E+000	-2.57008E-004	11	...........
	1821	182.2	1.82440E+000	3.33739E-001	0.00000E+000	1.82620E+000	-2.51124E-004	11	...........
	1822	182.3	1.82539E+000	3.33868E-001	0.00000E+000	1.82720E+000	-2.51524E-004	11	...........
	1823	182.4	1.82638E+000	3.33825E-001	0.00000E+000	1.82820E+000	-2.58642E-004	11	...........
	1824	182.5	1.82738E+000	3.33968E-001	0.00000E+000	1.82920E+000	-2.50941E-004	11	...........
	1825	182.6	1.82837E+000	3.33991E-001	0.00000E+000	1.83020E+000	-2.62876E-004	11	...........
	1826	182.7	1.82937E+000	3.33972E-001	0.00000E+000	1.83120E+000	-2.71210E-004	11	...........
	1827	182.8	1.83037E+000	3.34184E-001	0.00000E+000	1.83220E+000	-2.55691E-004	11	...........
	1828	182.9	1.83135E+000	3.34241E-001	0.00000E+000	1.83320E+000	-2.63209E-004	11	...........
	1829	183	1.83236E+000	3.34380E-001	0.00000E+000	1.83420E+000	-2.62976E-004	11	...........
	1830	183.1	1.83337E+000	3.34441E-001	0.00000E+000	1.83520E+000	-2.58758E-004	11	...........
	1831	183.2	1.83436E+000	3.34470E-001	0.00000E+000	1.83620E+000	-2.57275E-004	11	...........
	1832	183.3	1.83536E+000	3.34556E-001	0.00000E+000	1.83720E+000	-2.55125E-004	11	...........
	1833	183.4	1.83636E+000	3.34694E-001	0.00000E+000	1.83820E+000	-2.54291E-004	11	...........
	1834	183.5	1.83736E+000	3.34751E-001	0.00000E+000	1.83920E+000	-2.55308E-004	11	...........
	1835	183.6	1.83836E+000	3.34869E-001	0.00000E+000	1.84020E+000	-2.48074E-004	11	...........
	1836	183.7	1.83935E+000	3.34951E-001	0.00000E+000	1.84120E+000	-2.60625E-004	11	...........
	1837	183.8	1.84035E+000	3.34985E-001	0.00000E+000	1.84220E+000	-2.47140E-004	11	...........
	1838	183.9	1.84134E+000	3.34937E-001	0.00000E+000	1.84320E+000	-2.51891E-004	11	...........
	1839	184	1.84234E+000	3.35046E-001	0.00000E+000	1.84420E+000	-2.56025E-004	11	...........
	1840	184.1	1.84336E+000	3.35160E-001	0.00000E+000	1.84520E+000	-2.45240E-004	11	...........
	1841	184.2	1.84435E+000	3.35181E-001	0.00000E+000	1.84620E+000	-2.57658E-004	11	...........
	1842	184.3	1.84535E+000	3.35223E-001	0.00000E+000	1.84720E+000	-2.55425E-004	11	...........
	1843	184.4	1.84636E+000	3.35324E-001	0.00000E+000	1.84820E+000	-2.41189E-004	11	...........
	1844	184.5	1.84734E+000	3.35347E-001	0.00000E+000	1.84920E+000	-2.62259E-004	11	...........
	1845	184.6	1.84835E+000	3.35492E-001	0.00000E+000	1.85020E+000	-2.51057E-004	11	...........
	1846	184.7	1.84934E+000	3.35501E-001	0.00000E+000	1.85120E+000	-2.47440E-004	11	...........
	1847	184.8	1.85034E+000	3.35586E-001	0.00000E+000	1.85220E+000	-2.56008E-004	11	...........
	1848	184.9	1.85134E+000	3.35718E-001	0.00000E+000	1.85320E+000	-2.51774E-004	11	...........
	1849	185	1.85233E+000	3.35751E-001	0.00000E+000	1.85420E+000	-2.55591E-004	11	...........
	1850	185.1	1.85333E+000	3.35682E-001	0.00000E+000	1.85520E+000	-2.58908E-004	11	...........
	1851	185.2	1.85433E+000	3.35844E-001	0.00000E+000	1.85620E+000	-2.53658E-004	11	...........
	1852	185.3	1.85532E+000	3.35903E-001	0.00000E+000	1.85720E+000	-2.64359E-004	11	...........
	1853	185.4	1.85631E+000	3.35990E-001	0.00000E+000	1.85820E+000	-2.63192E-004	11	...........
	1854	185.5	1.85733E+000	3.36129E-001	0.00000E+000	1.85920E+000	-2.55258E-004	11	...........
	1855	185.6	1.85832E+000	3.36202E-001	0.00000E+000	1.86020E+000	-2.57442E-004	11	...........
	1856	185.7	1.85933E+000	3.36328E-001	0.00000E+000	1.86120E+000	-2.39756E-004	11	...........
	1857	185.8	1.86031E+000	3.36341E-001	0.00000E+000	1.86220E+000	-2.49674E-004	11	...........
	1858	185.9	1.86131E+000	3.36378E-001	0.00000E+000	1.86320E+000	-2.46723E-004	11	...........
	1859	186	1.86231E+000	3.36540E-001	0.00000E+000	1.86420E+000	-2.32504E-004	11	...........
	1860	186.1	1.86330E+000	3.36566E-001	0.00000E+000	1.86520E+000	-2.58025E-004	11	...........
	1861	186.2	1.86431E+000	3.36704E-001	0.00000E+000	1.86620E+000	-2.37222E-004	11	...........
	1862	186.3	1.86530E+000	3.36785E-001	0.00000E+000	1.86720E+000	-2.32805E-004	11	...........
	1863	186.4	1.86629E+000	3.36796E-001	0.00000E+000	1.86820E+000	-2.41639E-004	11	...........
	1864	186.5	1.86730E+000	3.36867E-001	0.00000E+000	1.86920E+000	-2.38872E-004	11	...........
	1865	186.6	1.86829E+000	3.36906E-001	0.00000E+000	1.87020E+000	-2.42406E-004	11	...........
	1866	186.7	1.86931E+000	3.36802E-001	0.00000E+000	1.87120E+000	-2.41122E-004	11	...........
	1867	186.8	1.87032E+000	3.37070E-001	0.00000E+000	1.87220E+000	-2.36988E-004	11	...........
	1868	186.9	1.87131E+000	3.37034E-001	0.00000E+000	1.87320E+000	-2.56275E-004	11	...........
	1869	187	1.87231E+000	3.37117E-001	0.00000E+000	1.87420E+000	-2.37038E-004	11	...........
	1870	187.1	1.87330E+000	3.37114E-001	0.00000E+000	1.87520E+000	-2.43806E-004	11	...........
	1871	187.2	1.87430E+000	3.37246E-001	0.00000E+000	1.87620E+000	-2.53008E-004	11	...........
	1872	187.3	1.87530E+000	3.37370E-001	0.00000E+000	1.87720E+000	-2.39156E-004	11	...........
	1873	187.4	1.87630E+000	3.37425E-001	0.00000E+000	1.87820E+000	-2.51307E-004	11	...........
	1874	187.5	1.87729E+000	3.37442E-001	0.00000E+000	1.87920E+000	-2.52424E-004	11	...........
	1875	187.6	1.87830E+000	3.37624E-001	0.00000E+000	1.88020E+000	-2.41473E-004	11	...........
	1876	187.7	1.87928E+000	3.37614E-001	0.00000E+000	1.88120E+000	-2.60109E-004	11	...........
	1877	187.8	1.88028E+000	3.37658E-001	0.00000E+000	1.88220E+000	-2.50441E-004	11	...........
	1878	187.9	1.88127E+000	3.37701E-001	0.00000E+000	1.88320E+000	-2.62576E-004	11	...........
	1879	188	1.88227E+000	3.37850E-001	0.00000E+000	1.88420E+000	-2.64109E-004	11	...........
	1880	188.1	1.88328E+000	3.37996E-001	0.00000E+000	1.88520E+000	-2.55591E-004	11	...........
	1881	188.2	1.88427E+000	3.38062E-001	0.00000E+000	1.88620E+000	-2.58325E-004	11	...........
	1882	188.3	1.88527E+000	3.38041E-001	0.00000E+000	1.88720E+000	-2.54624E-004	11	...........
	1883	188.4	1.88627E+000	3.38269E-001	0.00000E+000	1.88820E+000	-2.51307E-004	11	...........
	1884	188.5	1.88725E+000	3.38216E-001	0.00000E+000	1.88920E+000	-2.56075E-004	11	...........
	1885	188.6	1.88827E+000	3.38299E-001	0.00000E+000	1.89020E+000	-2.40772E-004	11	...........
	1886	188.7	1.88926E+000	3.38378E-001	0.00000E+000	1.89120E+000	-2.54258E-004	11	...........
	1887	188.8	1.89026E+000	3.38473E-001	0.00000E+000	1.89220E+000	-2.56208E-004	11	...........
	1888	188.9	1.89126E+000	3.38555E-001	0.00000E+000	1.89320E+000	-2.41656E-004	11	...........
	1889	189	1.89224E+000	3.38538E-001	0.00000E+000	1.89420E+000	-2.57142E-004	11	...........
	1890	189.1	1.89325E+000	3.38594E-001	0.00000E+000	1.89520E+000	-2.49274E-004	11	...........
	1891	189.2	1.89424E+000	3.38833E-001	0.00000E+000	1.89620E+000	-2.38339E-004	11	...........
	1892	189.3	1.89527E+000	3.38740E-001	0.00000E+000	1.89720E+000	-2.55391E-004	11	...........
	1893	189.4	1.89628E+000	3.38896E-001	0.00000E+000	1.89820E+000	-2.45206E-004	11	...........
	1894	189.5	1.89727E+000	3.38877E-001	0.00000E+000	1.89920E+000	-2.46840E-004	11	...........
	1895	189.6	1.89827E+000	3.38867E-001	0.00000E+000	1.90020E+000	-2.50074E-004	11	...........
	1896	189.7	1.89927E+000	3.39023E-001	0.00000E+000	1.90120E+000	-2.44956E-004	11	...........
	1897	189.8	1.90026E+000	3.39109E-001	0.00000E+000	1.90220E+000	-2.51574E-004	11	...........
	1898	189.9	1.90126E+000	3.39107E-001	0.00000E+000	1.90320E+000	-2.47440E-004	11	...........
	1899	190	1.90226E+000	3.39276E-001	0.00000E+000	1.90420E+000	-2.46157E-004	11	...........
	1900	190.1	1.90325E+000	3.39342E-001	0.00000E+000	1.90520E+000	-2.57342E-004	11	...........
	1901	190.2	1.90425E+000	3.39452E-001	0.00000E+000	1.90620E+000	-2.48840E-004	11	...........
	1902	190.3	1.90524E+000	3.39424E-001	0.00000E+000	1.90720E+000	-2.58358E-004	11	...........
	1903	190.4	1.90625E+000	3.39514E-001	0.00000E+000	1.90820E+000	-2.66626E-004	11	...........
	1904	190.5	1.90723E+000	3.39632E-001	0.00000E+000	1.90920E+000	-2.53491E-004	11	...........
	1905	190.6	1.90823E+000	3.40014E-001	0.00000E+000	1.91020E+000	-2.60525E-004	11	...........
	1906	190.7	1.90924E+000	3.39994E-001	0.00000E+000	1.91120E+000	-2.61042E-004	11	...........
	1907	190.8	1.91025E+000	3.40222E-001	0.00000E+000	1.91220E+000	-2.51807E-004	11	...........
	1908	190.9	1.91123E+000	3.40176E-001	0.00000E+000	1.91320E+000	-2.58292E-004	11	...........
	1909	191	1.91223E+000	3.40198E-001	0.00000E+000	1.91420E+000	-2.48857E-004	11	...........
	1910	191.1	1.91323E+000	3.40227E-001	0.00000E+000	1.91520E+000	-2.50791E-004	11	...........
	1911	191.2	1.91423E+000	3.40402E-001	0.00000E+000	1.91620E+000	-2.53858E-004	11	...........
	1912	191.3	1.91524E+000	3.40496E-001	0.00000E+000	1.91720E+000	-2.46157E-004	11	...........
	1913	191.4	1.91623E+000	3.40571E-001	0.00000E+000	1.91820E+000	-2.52474E-004	11	...........
	1914	191.5	1.91722E+000	3.40388E-001	0.00000E+000	1.91920E+000	-2.43489E-004	11	...........
	1915	191.6	1.91822E+000	3.40565E-001	0.00000E+000	1.92020E+000	-2.45240E-004	11	...........
	1916	191.7	1.91921E+000	3.40635E-001	0.00000E+000	1.92120E+000	-2.58192E-004	11	...........
	1917	191.8	1.92024E+000	3.40707E-001	0.00000E+000	1.92220E+000	-2.42673E-004	11	...........
	1918	191.9	1.92124E+000	3.40704E-001	0.00000E+000	1.92320E+000	-2.51591E-004	11	...........
	1919	192	1.92224E+000	3.40806E-001	0.00000E+000	1.92420E+000	-2.59392E-004	11	...........
	1920	192.1	1.92324E+000	3.40876E-001	0.00000E+000	1.92520E+000	-2.40956E-004	11	...........
	1921	192.2	1.92422E+000	3.40879E-001	0.00000E+000	1.92620E+000	-2.59692E-004	11	...........
	1922	192.3	1.92522E+000	3.40944E-001	0.00000E+000	1.92720E+000	-2.50290E-004	11	...........
	1923	192.4	1.92623E+000	3.41072E-001	0.00000E+000	1.92820E+000	-2.45523E-004	11	...........
	1924	192.5	1.92722E+000	3.41105E-001	0.00000E+000	1.92920E+000	-2.59975E-004	11	...........
	1925	192.6	1.92822E+000	3.41271E-001	0.00000E+000	1.93020E+000	-2.53141E-004	11	...........
	1926	192.7	1.92922E+000	3.41324E-001	0.00000E+000	1.93120E+000	-2.54841E-004	11	...........
	1927	192.8	1.93022E+000	3.41377E-001	0.00000E+000	1.93220E+000	-2.58525E-004	11	...........
	1928	192.9	1.93121E+000	3.41481E-001	0.00000E+000	1.93320E+000	-2.57092E-004	11	...........
	1929	193	1.93220E+000	3.41447E-001	0.00000E+000	1.93420E+000	-2.65910E-004	11	...........
	1930	193.1	1.93318E+000	3.41478E-001	0.00000E+000	1.93520E+000	-2.60425E-004	11	...........
	1931	193.2	1.93420E+000	3.41619E-001	0.00000E+000	1.93620E+000	-2.67576E-004	11	...........
	1932	193.3	1.93518E+000	3.41866E-001	0.00000E+000	1.93720E+000	-2.56942E-004	11	...........
	1933	193.4	1.93620E+000	3.41955E-001	0.00000E+000	1.93820E+000	-2.54875E-004	11	...........
	1934	193.5	1.93719E+000	3.41948E-001	0.00000E+000	1.93920E+000	-2.63276E-004	11	...........
	1935	193.6	1.93818E+000	3.41937E-001	0.00000E+000	1.94020E+000	-2.64176E-004	11	...........
	1936	193.7	1.93919E+000	3.42093E-001	0.00000E+000	1.94120E+000	-2.48607E-004	11	...........
	1937	193.8	1.94018E+000	3.42152E-001	0.00000E+000	1.94220E+000	-2.63476E-004	11	...........
	1938	193.9	1.94118E+000	3.42210E-001	0.00000E+000	1.94320E+000	-2.56208E-004	11	...........
	1939	194	1.94219E+000	3.42423E-001	0.00000E+000	1.94420E+000	-2.48290E-004	11	...........
	1940	194.1	1.94318E+000	3.42378E-001	0.00000E+000	1.94520E+000	-2.55258E-004	11	...........
	1941	194.2	1.94418E+000	3.42499E-001	0.00000E+000	1.94620E+000	-2.50274E-004	11	...........
	1942	194.3	1.94517E+000	3.42504E-001	0.00000E+000	1.94720E+000	-2.53324E-004	11	...........
	1943	194.4	1.94619E+000	3.42501E-001	0.00000E+000	1.94820E+000	-2.57208E-004	11	...........
	1944	194.5	1.94721E+000	3.42623E-001	0.00000E+000	1.94920E+000	-2.45790E-004	11	...........
	1945	194.6	1.94819E+000	3.42683E-001	0.00000E+000	1.95020E+000	-2.55375E-004	11	...........
	1946	194.7	1.94919E+000	3.42603E-001	0.00000E+000	1.95120E+000	-2.48140E-004	11	...........
	1947	194.8	1.95019E+000	3.42751E-001	0.00000E+000	1.95220E+000	-2.49107E-004	11	...........
	1948	194.9	1.95118E+000	3.42822E-001	0.00000E+000	1.95320E+000	-2.57825E-004	11	...........
	1949	195	1.95219E+000	3.42935E-001	0.00000E+000	1.95420E+000	-2.44956E-004	11	...........
	1950	195.1	1.95317E+000	3.42955E-001	0.00000E+000	1.95520E+000	-2.57542E-004	11	...........
	1951	195.2	1.95417E+000	3.43101E-001	0.00000E+000	1.95620E+000	-2.61892E-004	11	...........
	1952	195.3	1.95517E+000	3.43129E-001	0.00000E+000	1.95720E+000	-2.46707E-004	11	...........
	1953	195.4	1.95616E+000	3.43195E-001	0.00000E+000	1.95820E+000	-2.64743E-004	11	...........
	1954	195.5	1.95716E+000	3.43159E-001	0.00000E+000	1.95920E+000	-2.57875E-004	11	...........
	1955	195.6	1.95815E+000	3.43382E-001	0.00000E+000	1.96020E+000	-2.63426E-004	11	...........
	1956	195.7	1.95913E+000	3.43476E-001	0.00000E+000	1.96120E+000	-2.59042E-004	11	...........
	1957	195.8	1.96015E+000	3.43615E-001	0.00000E+000	1.96220E+000	-2.59058E-004	11	...........
	1958	195.9	1.96115E+000	3.43627E-001	0.00000E+000	1.96320E+000	-2.55475E-004	11	...........
	1959	196	1.96215E+000	3.43640E-001	0.00000E+000	1.96420E+000	-2.55391E-004	11	...........
	1960	196.1	1.96316E+000	3.43768E-001	0.00000E+000	1.96520E+000	-2.48374E-004	11	...........
	1961	196.2	1.96414E+000	3.43830E-001	0.00000E+000	1.96620E+000	-2.56308E-004	11	...........
	1962	196.3	1.96515E+000	3.43835E-001	0.00000E+000	1.96720E+000	-2.43573E-004	11	...........
	1963	196.4	1.96614E+000	3.44012E-001	0.00000E+000	1.96820E+000	-2.45073E-004	11	...........
	1964	196.5	1.96714E+000	3.44076E-001	0.00000E+000	1.96920E+000	-2.53608E-004	11	...........
	1965	196.6	1.96815E+000	3.44241E-001	0.00000E+000	1.97020E+000	-2.37989E-004	11	...........
	1966	196.7	1.96913E+000	3.44145E-001	0.00000E+000	1.97120E+000	-2.52541E-004	11	...........
	1967	196.8	1.97013E+000	3.44265E-001	0.00000E+000	1.97220E+000	-2.48407E-004	11	...........
	1968	196.9	1.97114E+000	3.44414E-001	0.00000E+000	1.97320E+000	-2.38989E-004	11	...........
	1969	197	1.97215E+000	3.44294E-001	0.00000E+000	1.97420E+000	-2.58842E-004	11	...........
	1970	197.1	1.97315E+000	3.44300E-001	0.00000E+000	1.97520E+000	-2.47473E-004	11	...........
	1971	197.2	1.97415E+000	3.44541E-001	0.00000E+000	1.97620E+000	-2.42123E-004	11	...........
	1972	197.3	1.97515E+000	3.44564E-001	0.00000E+000	1.97720E+000	-2.53041E-004	11	...........
	1973	197.4	1.97615E+000	3.44690E-001	0.00000E+000	1.97820E+000	-2.45173E-004	11	...........
	1974	197.5	1.97714E+000	3.44730E-001	0.00000E+000	1.97920E+000	-2.50541E-004	11	...........
	1975	197.6	1.97814E+000	3.44882E-001	0.00000E+000	1.98020E+000	-2.50991E-004	11	...........
	1976	197.7	1.97915E+000	3.44904E-001	0.00000E+000	1.98120E+000	-2.49290E-004	11	...........
	1977	197.8	1.98013E+000	3.45047E-001	0.00000E+000	1.98220E+000	-2.61392E-004	11	...........
	1978	197.9	1.98113E+000	3.44993E-001	0.00000E+000	1.98320E+000	-2.53291E-004	11	...........
	1979	198	1.98213E+000	3.45187E-001	0.00000E+000	1.98420E+000	-2.59859E-004	11	...........
	1980	198.1	1.98312E+000	3.45168E-001	0.00000E+000	1.98520E+000	-2.64559E-004	11	...........
	1981	198.2	1.98411E+000	3.45247E-001	0.00000E+000	1.98620E+000	-2.59375E-004	11	...........
	1982	198.3	1.98511E+000	3.45351E-001	0.00000E+000	1.98720E+000	-2.64376E-004	11	...........
	1983	198.4	1.98611E+000	3.45435E-001	0.00000E+000	1.98820E+000	-2.67276E-004	11	...........
	1984	198.5	1.98713E+000	3.45553E-001	0.00000E+000	1.98920E+000	-2.51541E-004	11	...........
	1985	198.6	1.98810E+000	3.45610E-001	0.00000E+000	1.99020E+000	-2.59592E-004	11	...........
	1986	198.7	1.98911E+000	3.45648E-001	0.00000E+000	1.99120E+000	-2.54341E-004	11	...........
	1987	198.8	1.99011E+000	3.45746E-001	0.00000E+000	1.99220E+000	-2.53424E-004	11	...........
	1988	198.9	1.99110E+000	3.45819E-001	0.00000E+000	1.99320E+000	-2.56541E-004	11	...........
	1989	199	1.99211E+000	3.45908E-001	0.00000E+000	1.99420E+000	-2.50607E-004	11	...........
	1990	199.1	1.99310E+000	3.46001E-001	0.00000E+000	1.99520E+000	-2.54891E-004	11	...........
	1991	199.2	1.99410E+000	3.46071E-001	0.00000E+000	1.99620E+000	-2.50357E-004	11	...........
	1992	199.3	1.99510E+000	3.46119E-001	0.00000E+000	1.99720E+000	-2.48557E-004	11	...........
	1993	199.4	1.99608E+000	3.46176E-001	0.00000E+000	1.99820E+000	-2.58658E-004	11	...........
	1994	199.5	1.99712E+000	3.46124E-001	0.00000E+000	1.99920E+000	-2.49040E-004	11	...........
	1995	199.6	1.99812E+000	3.46347E-001	0.00000E+000	2.00020E+000	-2.53608E-004	11	...........
	1996	199.7	1.99912E+000	3.46360E-001	0.00000E+000	2.00120E+000	-2.56325E-004	11	...........
	1997	199.8	2.00012E+000	3.46399E-001	0.00000E+000	2.00220E+000	-2.44606E-004	11	...........
	1998	199.9	2.00111E+000	3.46346E-001	0.00000E+000	2.00320E+000	-2.57458E-004	11	...........
	1999	200	2.00210E+000	3.46523E-001	0.00000E+000	2.00420E+000	-2.57958E-004	11	...........
	2000	200.1	2.00311E+000	3.46614E-001	0.00000E+000	2.00520E+000	-2.40906E-004	11	...........
	2001	200.2	2.00410E+000	3.46691E-001	0.00000E+000	2.00620E+000	-2.64493E-004	11	...........
	2002	200.3	2.00511E+000	3.46703E-001	0.00000E+000	2.00720E+000	-2.55158E-004	11	...........
	2003	200.4	2.00610E+000	3.46882E-001	0.00000E+000	2.00820E+000	-2.53224E-004	11	...........
	2004	200.5	2.00709E+000	3.46788E-001	0.00000E+000	2.00920E+000	-2.61342E-004	11	...........
	2005	200.6	2.00809E+000	3.46908E-001	0.00000E+000	2.01020E+000	-2.54208E-004	11	...........
	2006	200.7	2.00908E+000	3.46948E-001	0.00000E+000	2.01120E+000	-2.63826E-004	11	...........
	2007	200.8	2.01006E+000	3.46982E-001	0.00000E+000	2.01220E+000	-2.64359E-004	11	...........
	2008	200.9	2.01110E+000	3.47166E-001	0.00000E+000	2.01320E+000	-2.58175E-004	11	...........
	2009	201	2.01206E+000	3.47240E-001	0.00000E+000	2.01420E+000	-2.57975E-004	11	...........
	2010	201.1	2.01307E+000	3.47172E-001	0.00000E+000	2.01520E+000	-2.53274E-004	11	...........
	2011	201.2	2.01407E+000	3.47450E-001	0.00000E+000	2.01620E+000	-2.58975E-004	11	...........
	2012	201.3	2.01506E+000	3.47449E-001	0.00000E+000	2.01720E+000	-2.61342E-004	11	...........
	2013	201.4	2.01607E+000	3.47560E-001	0.00000E+000	2.01820E+000	-2.46223E-004	11	...........
	2014	201.5	2.01706E+000	3.47594E-001	0.00000E+000	2.01920E+000	-2.59208E-004	11	...........
	2015	201.6	2.01806E+000	3.47751E-001	0.00000E+000	2.02020E+000	-2.54341E-004	11	...........
	2016	201.7	2.01907E+000	3.47840E-001	0.00000E+000	2.02120E+000	-2.42356E-004	11	...........
	2017	201.8	2.02005E+000	3.47915E-001	0.00000E+000	2.02220E+000	-2.56158E-004	11	...........
	2018	201.9	2.02105E+000	3.47905E-001	0.00000E+000	2.02320E+000	-2.46590E-004	11	...........
	2019	202	2.02205E+000	3.48068E-001	0.00000E+000	2.02420E+000	-2.46807E-004	11	...........
	2020	202.1	2.02307E+000	3.48006E-001	0.00000E+000	2.02520E+000	-2.53691E-004	11	...........
	2021	202.2	2.02408E+000	3.48158E-001	0.00000E+000	2.02620E+000	-2.46273E-004	11	...........
	2022	202.3	2.02507E+000	3.48157E-001	0.00000E+000	2.02720E+000	-2.54191E-004	11	...........
	2023	202.4	2.02607E+000	3.48213E-001	0.00000E+000	2.02820E+000	-2.48757E-004	11	...........
	2024	202.5	2.02707E+000	3.48254E-001	0.00000E+000	2.02920E+000	-2.48824E-004	11	...........
	2025	202.6	2.02805E+000	3.48321E-001	0.00000E+000	2.03020E+000	-2.61009E-004	11	...........
	2026	202.7	2.02906E+000	3.48392E-001	0.00000E+000	2.03120E+000	-2.46523E-004	11	...........
	2027	202.8	2.03006E+000	3.48590E-001	0.00000E+000	2.03220E+000	-2.57342E-004	11	...........
	2028	202.9	2.03106E+000	3.48591E-001	0.00000E+000	2.03320E+000	-2.63409E-004	11	...........
	2029	203	2.03206E+000	3.48708E-001	0.00000E+000	2.03420E+000	-2.52274E-004	11	...........
	2030	203.1	2.03304E+000	3.48726E-001	0.00000E+000	2.03520E+000	-2.65793E-004	11	...........
	2031	203.2	2.03404E+000	3.48726E-001	0.00000E+000	2.03620E+000	-2.62359E-004	11	...........
	2032	203.3	2.03504E+000	3.48848E-001	0.00000E+000	2.03720E+000	-2.61992E-004	11	...........
	2033	203.4	2.03600E+000	3.48970E-001	0.00000E+000	2.03820E+000	-2.57308E-004	11	...........
	2034	203.5	2.03702E+000	3.48997E-001	0.00000E+000	2.03920E+000	-2.62609E-004	11	...........
	2035	203.6	2.03802E+000	3.49142E-001	0.00000E+000	2.04020E+000	-2.56441E-004	11	...........
	2036	203.7	2.03902E+000	3.49145E-001	0.00000E+000	2.04120E+000	-2.61126E-004	11	...........
	2037	203.8	2.04002E+000	3.49310E-001	0.00000E+000	2.04220E+000	-2.50474E-004	11	...........
	2038	203.9	2.04101E+000	3.49340E-001	0.00000E+000	2.04320E+000	-2.55225E-004	11	...........
	2039	204	2.04202E+000	3.49408E-001	0.00000E+000	2.04420E+000	-2.50324E-004	11	...........
	2040	204.1	2.04303E+000	3.49556E-001	0.00000E+000	2.04520E+000	-2.51607E-004	11	...........
	2041	204.2	2.04400E+000	3.49613E-001	0.00000E+000	2.04620E+000	-2.57208E-004	11	...........
	2042	204.3	2.04501E+000	3.49623E-001	0.00000E+000	2.04720E+000	-2.44056E-004	11	...........
	2043	204.4	2.04600E+000	3.49718E-001	0.00000E+000	2.04820E+000	-2.55691E-004	11	...........
	2044	204.5	2.04700E+000	3.49722E-001	0.00000E+000	2.04920E+000	-2.58108E-004	11	...........
	2045	204.6	2.04803E+000	3.49914E-001	0.00000E+000	2.05020E+000	-2.46423E-004	11	...........
	2046	204.7	2.04902E+000	3.49873E-001	0.00000E+000	2.05120E+000	-2.58258E-004	11	...........
	2047	204.8	2.05002E+000	3.49958E-001	0.00000E+000	2.05220E+000	-2.51857E-004	11	...........
	2048	204.9	2.05104E+000	3.50018E-001	0.00000E+000	2.05320E+000	-2.42089E-004	11	...........
	2049	205	2.05201E+000	3.50068E-001	0.00000E+000	2.05420E+000	-2.57275E-004	11	...........
	2050	205.1	2.05302E+000	3.50130E-001	0.00000E+000	2.05520E+000	-2.46790E-004	11	...........
	2051	205.2	2.05401E+000	3.50231E-001	0.00000E+000	2.05620E+000	-2.51291E-004	11	...........
	2052	205.3	2.05501E+000	3.50338E-001	0.00000E+000	2.05720E+000	-2.52974E-004	11	...........
	2053	205.4	2.05602E+000	3.50535E-001	0.00000E+000	2.05820E+000	-2.46657E-004	11	...........
	2054	205.5	2.05701E+000	3.50481E-001	0.00000E+000	2.05920E+000	-2.59459E-004	11	...........
	2055	205.6	2.05800E+000	3.50529E-001	0.00000E+000	2.06020E+000	-2.53491E-004	11	...........
	2056	205.7	2.05901E+000	3.50578E-001	0.00000E+000	2.06120E+000	-2.61326E-004	11	...........
	2057	205.8	2.05999E+000	3.50637E-001	0.00000E+000	2.06220E+000	-2.59942E-004	11	...........
	2058	205.9	2.06098E+000	3.50718E-001	0.00000E+000	2.06320E+000	-2.59075E-004	11	...........
	2059	206	2.06199E+000	3.50876E-001	0.00000E+000	2.06420E+000	-2.50107E-004	11	...........
	2060	206.1	2.06299E+000	3.50975E-001	0.00000E+000	2.06520E+000	-2.51674E-004	11	...........
	2061	206.2	2.06399E+000	3.51055E-001	0.00000E+000	2.06620E+000	-2.35605E-004	11	...........
	2062	206.3	2.06498E+000	3.51056E-001	0.00000E+000	2.06720E+000	-2.51441E-004	11	...........
	2063	206.4	2.06599E+000	3.51197E-001	0.00000E+000	2.06820E+000	-2.37555E-004	11	...........
	2064	206.5	2.06698E+000	3.51258E-001	0.00000E+000	2.06920E+000	-2.25303E-004	11	...........
	2065	206.6	2.06797E+000	3.51370E-001	0.00000E+000	2.07020E+000	-2.47157E-004	11	...........
	2066	206.7	2.06898E+000	3.51392E-001	0.00000E+000	2.07120E+000	-2.29804E-004	11	...........
	2067	206.8	2.06998E+000	3.51545E-001	0.00000E+000	2.07220E+000	-2.37539E-004	11	...........
	2068	206.9	2.07097E+000	3.51499E-001	0.00000E+000	2.07320E+000	-2.34938E-004	11	...........
	2069	207	2.07197E+000	3.51585E-001	0.00000E+000	2.07420E+000	-2.35488E-004	11	...........
	2070	207.1	2.07296E+000	3.51623E-001	0.00000E+000	2.07520E+000	-2.45957E-004	11	...........
	2071	207.2	2.07398E+000	3.51586E-001	0.00000E+000	2.07620E+000	-2.34905E-004	11	...........
	2072	207.3	2.07499E+000	3.51716E-001	0.00000E+000	2.07720E+000	-2.36805E-004	11	...........
	2073	207.4	2.07598E+000	3.51788E-001	0.00000E+000	2.07820E+000	-2.50124E-004	11	...........
	2074	207.5	2.07698E+000	3.51796E-001	0.00000E+000	2.07920E+000	-2.27754E-004	11	...........
	2075	207.6	2.07798E+000	3.51961E-001	0.00000E+000	2.08020E+000	-2.44323E-004	11	...........
	2076	207.7	2.07897E+000	3.51952E-001	0.00000E+000	2.08120E+000	-2.45823E-004	11	...........
	2077	207.8	2.07998E+000	3.52129E-001	0.00000E+000	2.08220E+000	-2.34538E-004	11	...........
	2078	207.9	2.08097E+000	3.52227E-001	0.00000E+000	2.08320E+000	-2.55275E-004	11	...........
	2079	208	2.08197E+000	3.52260E-001	0.00000E+000	2.08420E+000	-2.45856E-004	11	...........
	2080	208.1	2.08297E+000	3.52387E-001	0.00000E+000	2.08520E+000	-2.40772E-004	11	...........
	2081	208.2	2.08396E+000	3.52310E-001	0.00000E+000	2.08620E+000	-2.54341E-004	11	...........
	2082	208.3	2.08495E+000	3.52310E-001	0.00000E+000	2.08720E+000	-2.49590E-004	11	...........
	2083	208.4	2.08595E+000	3.52467E-001	0.00000E+000	2.08820E+000	-2.56725E-004	11	...........
	2084	208.5	2.08693E+000	3.52623E-001	0.00000E+000	2.08920E+000	-2.65043E-004	11	...........
	2085	208.6	2.08796E+000	3.52771E-001	0.00000E+000	2.09020E+000	-2.50774E-004	11	...........
	2086	208.7	2.08893E+000	3.52820E-001	0.00000E+000	2.09120E+000	-2.56942E-004	11	...........
	2087	208.8	2.08994E+000	3.52863E-001	0.00000E+000	2.09220E+000	-2.48824E-004	11	...........
	2088	208.9	2.09094E+000	3.52968E-001	0.00000E+000	2.09320E+000	-2.52307E-004	11	...........
	2089	209	2.09193E+000	3.53055E-001	0.00000E+000	2.09420E+000	-2.52674E-004	11	...........
	2090	209.1	2.09294E+000	3.53073E-001	0.00000E+000	2.09520E+000	-2.37839E-004	11	...........
	2091	209.2	2.09393E+000	3.53277E-001	0.00000E+000	2.09620E+000	-2.48357E-004	11	...........
	2092	209.3	2.09493E+000	3.53273E-001	0.00000E+000	2.09720E+000	-2.49407E-004	11	...........
	2093	209.4	2.09594E+000	3.53389E-001	0.00000E+000	2.09820E+000	-2.37139E-004	11	...........
	2094	209.5	2.09692E+000	3.53297E-001	0.00000E+000	2.09920E+000	-2.55925E-004	11	...........
	2095	209.6	2.09792E+000	3.53381E-001	0.00000E+000	2.10020E+000	-2.42139E-004	11	...........
	2096	209.7	2.09891E+000	3.53459E-001	0.00000E+000	2.10120E+000	-2.38322E-004	11	...........
	2097	209.8	2.09994E+000	3.53433E-001	0.00000E+000	2.10220E+000	-2.50257E-004	11	...........
	2098	209.9	2.10095E+000	3.53551E-001	0.00000E+000	2.10320E+000	-2.39189E-004	11	...........
	2099	210	2.10194E+000	3.53703E-001	0.00000E+000	2.10420E+000	-2.41673E-004	11	...........
	2100	210.1	2.10293E+000	3.53677E-001	0.00000E+000	2.10520E+000	-2.44106E-004	11	...........
	2101	210.2	2.10395E+000	3.53801E-001	0.00000E+000	2.10620E+000	-2.38872E-004	11	...........
	2102	210.3	2.10493E+000	3.53805E-001	0.00000E+000	2.10720E+000	-2.52658E-004	11	...........
	2103	210.4	2.10593E+000	3.53948E-001	0.00000E+000	2.10820E+000	-2.44306E-004	11	...........
	2104	210.5	2.10693E+000	3.54114E-001	0.00000E+000	2.10920E+000	-2.46340E-004	11	...........
	2105	210.6	2.10793E+000	3.54162E-001	0.00000E+000	2.11020E+000	-2.54891E-004	11	...........
	2106	210.7	2.10893E+000	3.54134E-001	0.00000E+000	2.11120E+000	-2.43189E-004	11	...........
	2107	210.8	2.10992E+000	3.54303E-001	0.00000E+000	2.11220E+000	-2.55708E-004	11	...........
	2108	210.9	2.11092E+000	3.54308E-001	0.00000E+000	2.11320E+000	-2.61526E-004	11	...........
	2109	211	2.11191E+000	3.54414E-001	0.00000E+000	2.11420E+000	-2.49907E-004	11	...........
	2110	211.1	2.11288E+000	3.54483E-001	0.00000E+000	2.11520E+000	-2.57275E-004	11	...........
	2111	211.2	2.11390E+000	3.54604E-001	0.00000E+000	2.11620E+000	-2.52474E-004	11	...........
	2112	211.3	2.11490E+000	3.54697E-001	0.00000E+000	2.11720E+000	-2.49424E-004	11	...........
	2113	211.4	2.11590E+000	3.54757E-001	0.00000E+000	2.11820E+000	-2.50107E-004	11	...........
	2114	211.5	2.11690E+000	3.54775E-001	0.00000E+000	2.11920E+000	-2.43640E-004	11	...........
	2115	211.6	2.11789E+000	3.54921E-001	0.00000E+000	2.12020E+000	-2.47723E-004	11	...........
	2116	211.7	2.11890E+000	3.55030E-001	0.00000E+000	2.12120E+000	-2.42456E-004	11	...........
	2117	211.8	2.11991E+000	3.55047E-001	0.00000E+000	2.12220E+000	-2.41339E-004	11	...........
	2118	211.9	2.12088E+000	3.55153E-001	0.00000E+000	2.12320E+000	-2.53258E-004	11	...........
	2119	212	2.12189E+000	3.55245E-001	0.00000E+000	2.12420E+000	-2.38639E-004	11	...........
	2120	212.1	2.12288E+000	3.55349E-001	0.00000E+000	2.12520E+000	-2.45190E-004	11	...........
	2121	212.2	2.12388E+000	3.55399E-001	0.00000E+000	2.12620E+000	-2.51557E-004	11	...........
	2122	212.3	2.12490E+000	3.55326E-001	0.00000E+000	2.12720E+000	-2.37372E-004	11	...........
	2123	212.4	2.12591E+000	3.55483E-001	0.00000E+000	2.12820E+000	-2.49774E-004	11	...........
	2124	212.5	2.12690E+000	3.55569E-001	0.00000E+000	2.12920E+000	-2.46990E-004	11	...........
	2125	212.6	2.12792E+000	3.55701E-001	0.00000E+000	2.13020E+000	-2.36088E-004	11	...........
	2126	212.7	2.12889E+000	3.55701E-001	0.00000E+000	2.13120E+000	-2.55541E-004	11	...........
	2127	212.8	2.12990E+000	3.55796E-001	0.00000E+000	2.13220E+000	-2.41523E-004	11	...........
	2128	212.9	2.13089E+000	3.55872E-001	0.00000E+000	2.13320E+000	-2.44023E-004	11	...........
	2129	213	2.13189E+000	3.56010E-001	0.00000E+000	2.13420E+000	-2.52041E-004	11	...........
	2130	213.1	2.13289E+000	3.56022E-001	0.00000E+000	2.13520E+000	-2.47040E-004	11	...........
	2131	213.2	2.13388E+000	3.56142E-001	0.00000E+000	2.13620E+000	-2.54424E-004	11	...........
	2132	213.3	2.13487E+000	3.56203E-001	0.00000E+000	2.13720E+000	-2.53408E-004	11	...........
	2133	213.4	2.13589E+000	3.56331E-001	0.00000E+000	2.13820E+000	-2.53591E-004	11	...........
	2134	213.5	2.13687E+000	3.56300E-001	0.00000E+000	2.13920E+000	-2.60325E-004	11	...........
	2135	213.6	2.13786E+000	3.56527E-001	0.00000E+000	2.14020E+000	-2.57375E-004	11	...........
	2136	213.7	2.13884E+000	3.56674E-001	0.00000E+000	2.14120E+000	-2.65776E-004	11	...........
	2137	213.8	2.13984E+000	3.56734E-001	0.00000E+000	2.14220E+000	-2.66493E-004	11	...........
	2138	213.9	2.14086E+000	3.56713E-001	0.00000E+000	2.14320E+000	-2.48457E-004	11	...........
	2139	214	2.14185E+000	3.56893E-001	0.00000E+000	2.14420E+000	-2.57708E-004	11	...........
	2140	214.1	2.14285E+000	3.56951E-001	0.00000E+000	2.14520E+000	-2.54791E-004	11	...........
	2141	214.2	2.14387E+000	3.56972E-001	0.00000E+000	2.14620E+000	-2.44173E-004	11	...........
	2142	214.3	2.14484E+000	3.57133E-001	0.00000E+000	2.14720E+000	-2.57775E-004	11	...........
	2143	214.4	2.14585E+000	3.57249E-001	0.00000E+000	2.14820E+000	-2.45623E-004	11	...........
	2144	214.5	2.14685E+000	3.57204E-001	0.00000E+000	2.14920E+000	-2.47173E-004	11	...........
	2145	214.6	2.14784E+000	3.57270E-001	0.00000E+000	2.15020E+000	-2.51241E-004	11	...........
	2146	214.7	2.14884E+000	3.57268E-001	0.00000E+000	2.15120E+000	-2.44473E-004	11	...........
	2147	214.8	2.14983E+000	3.57430E-001	0.00000E+000	2.15220E+000	-2.49824E-004	11	...........
	2148	214.9	2.15085E+000	3.57422E-001	0.00000E+000	2.15320E+000	-2.46107E-004	11	...........
	2149	215	2.15189E+000	3.57541E-001	0.00000E+000	2.15420E+000	-2.44623E-004	11	...........
	2150	215.1	2.15285E+000	3.57593E-001	0.00000E+000	2.15520E+000	-2.52274E-004	11	...........
	2151	215.2	2.15386E+000	3.57609E-001	0.00000E+000	2.15620E+000	-2.40006E-004	11	...........
	2152	215.3	2.15485E+000	3.57726E-001	0.00000E+000	2.15720E+000	-2.45640E-004	11	...........
	2153	215.4	2.15585E+000	3.57749E-001	0.00000E+000	2.15820E+000	-2.55491E-004	11	...........
	2154	215.5	2.15685E+000	3.57868E-001	0.00000E+000	2.15920E+000	-2.41122E-004	11	...........
	2155	215.6	2.15785E+000	3.57994E-001	0.00000E+000	2.16020E+000	-2.56358E-004	11	...........
	2156	215.7	2.15884E+000	3.58086E-001	0.00000E+000	2.16120E+000	-2.52524E-004	11	...........
	2157	215.8	2.15985E+000	3.58138E-001	0.00000E+000	2.16220E+000	-2.44873E-004	11	...........
	2158	215.9	2.16083E+000	3.58110E-001	0.00000E+000	2.16320E+000	-2.57042E-004	11	...........
	2159	216	2.16183E+000	3.58199E-001	0.00000E+000	2.16420E+000	-2.55408E-004	11	...........
	2160	216.1	2.16283E+000	3.58365E-001	0.00000E+000	2.16520E+000	-2.58158E-004	11	...........
	2161	216.2	2.16380E+000	3.58511E-001	0.00000E+000	2.16620E+000	-2.66626E-004	11	...........
	2162	216.3	2.16481E+000	3.58484E-001	0.00000E+000	2.16720E+000	-2.51557E-004	11	...........
	2163	216.4	2.16581E+000	3.58688E-001	0.00000E+000	2.16820E+000	-2.54858E-004	11	...........
	2164	216.5	2.16680E+000	3.58602E-001	0.00000E+000	2.16920E+000	-2.46723E-004	11	...........
	2165	216.6	2.16783E+000	3.58851E-001	0.00000E+000	2.17020E+000	-2.44890E-004	11	...........
	2166	216.7	2.16879E+000	3.58812E-001	0.00000E+000	2.17120E+000	-2.51674E-004	11	...........
	2167	216.8	2.16981E+000	3.58984E-001	0.00000E+000	2.17220E+000	-2.33955E-004	11	...........
	2168	216.9	2.17080E+000	3.59123E-001	0.00000E+000	2.17320E+000	-2.45023E-004	11	...........
	2169	217	2.17180E+000	3.59220E-001	0.00000E+000	2.17420E+000	-2.50574E-004	11	...........
	2170	217.1	2.17280E+000	3.59142E-001	0.00000E+000	2.17520E+000	-2.36405E-004	11	...........
	2171	217.2	2.17379E+000	3.59274E-001	0.00000E+000	2.17620E+000	-2.52824E-004	11	...........
	2172	217.3	2.17479E+000	3.59300E-001	0.00000E+000	2.17720E+000	-2.39306E-004	11	...........
	2173	217.4	2.17580E+000	3.59467E-001	0.00000E+000	2.17820E+000	-2.33721E-004	11	...........
	2174	217.5	2.17680E+000	3.59453E-001	0.00000E+000	2.17920E+000	-2.53724E-004	11	...........
	2175	217.6	2.17782E+000	3.59550E-001	0.00000E+000	2.18020E+000	-2.39722E-004	11	...........
	2176	217.7	2.17881E+000	3.59657E-001	0.00000E+000	2.18120E+000	-2.41523E-004	11	...........
	2177	217.8	2.17981E+000	3.59652E-001	0.00000E+000	2.18220E+000	-2.47723E-004	11	...........
	2178	217.9	2.18081E+000	3.59705E-001	0.00000E+000	2.18320E+000	-2.41789E-004	11	...........
	2179	218	2.18180E+000	3.59939E-001	0.00000E+000	2.18420E+000	-2.48057E-004	11	...........
	2180	218.1	2.18280E+000	3.59953E-001	0.00000E+000	2.18520E+000	-2.44490E-004	11	...........
	2181	218.2	2.18381E+000	3.60044E-001	0.00000E+000	2.18620E+000	-2.49174E-004	11	...........
	2182	218.3	2.18479E+000	3.60080E-001	0.00000E+000	2.18720E+000	-2.58508E-004	11	...........
	2183	218.4	2.18580E+000	3.60074E-001	0.00000E+000	2.18820E+000	-2.44256E-004	11	...........
	2184	218.5	2.18679E+000	3.60227E-001	0.00000E+000	2.18920E+000	-2.55625E-004	11	...........
	2185	218.6	2.18779E+000	3.60323E-001	0.00000E+000	2.19020E+000	-2.66360E-004	11	...........
	2186	218.7	2.18877E+000	3.60425E-001	0.00000E+000	2.19120E+000	-2.48374E-004	11	...........
	2187	218.8	2.18976E+000	3.60568E-001	0.00000E+000	2.19220E+000	-2.58458E-004	11	...........
	2188	218.9	2.19076E+000	3.60592E-001	0.00000E+000	2.19320E+000	-2.55625E-004	11	...........
	2189	219	2.19178E+000	3.60672E-001	0.00000E+000	2.19420E+000	-2.56541E-004	11	...........
	2190	219.1	2.19275E+000	3.60674E-001	0.00000E+000	2.19520E+000	-2.55258E-004	11	...........
	2191	219.2	2.19376E+000	3.60831E-001	0.00000E+000	2.19620E+000	-2.52174E-004	11	...........
	2192	219.3	2.19476E+000	3.60969E-001	0.00000E+000	2.19720E+000	-2.50707E-004	11	...........
	2193	219.4	2.19576E+000	3.61005E-001	0.00000E+000	2.19820E+000	-2.49290E-004	11	...........
	2194	219.5	2.19677E+000	3.61044E-001	0.00000E+000	2.19920E+000	-2.40922E-004	11	...........
	2195	219.6	2.19776E+000	3.61279E-001	0.00000E+000	2.20020E+000	-2.50257E-004	11	...........
	2196	219.7	2.19875E+000	3.61144E-001	0.00000E+000	2.20120E+000	-2.42873E-004	11	...........
	2197	219.8	2.19975E+000	3.61249E-001	0.00000E+000	2.20220E+000	-2.46907E-004	11	...........
	2198	219.9	2.20074E+000	3.61352E-001	0.00000E+000	2.20320E+000	-2.53141E-004	11	...........
	2199	220	2.20177E+000	3.61403E-001	0.00000E+000	2.20420E+000	-2.42106E-004	11	...........
	2200	220.1	2.20278E+000	3.61490E-001	0.00000E+000	2.20520E+000	-2.50124E-004	11	...........
	2201	220.2	2.20378E+000	3.61627E-001	0.00000E+000	2.20620E+000	-2.55941E-004	11	...........
	2202	220.3	2.20478E+000	3.61497E-001	0.00000E+000	2.20720E+000	-2.40639E-004	11	...........
	2203	220.4	2.20576E+000	3.61713E-001	0.00000E+000	2.20820E+000	-2.58775E-004	11	...........
	2204	220.5	2.20676E+000	3.61698E-001	0.00000E+000	2.20920E+000	-2.47607E-004	11	...........
	2205	220.6	2.20777E+000	3.61929E-001	0.00000E+000	2.21020E+000	-2.44873E-004	11	...........
	2206	220.7	2.20876E+000	3.62036E-001	0.00000E+000	2.21120E+000	-2.53441E-004	11	...........
	2207	220.8	2.20976E+000	3.62173E-001	0.00000E+000	2.21220E+000	-2.45740E-004	11	...........
	2208	220.9	2.21076E+000	3.62233E-001	0.00000E+000	2.21320E+000	-2.51674E-004	11	...........
	2209	221	2.21175E+000	3.62229E-001	0.00000E+000	2.21420E+000	-2.56441E-004	11	...........
	2210	221.1	2.21276E+000	3.62205E-001	0.00000E+000	2.21520E+000	-2.47973E-004	11	...........
	2211	221.2	2.21374E+000	3.62372E-001	0.00000E+000	2.21620E+000	-2.62209E-004	11	...........
	2212	221.3	2.21473E+000	3.62338E-001	0.00000E+000	2.21720E+000	-2.57192E-004	11	...........
	2213	221.4	2.21573E+000	3.62649E-001	0.00000E+000	2.21820E+000	-2.66960E-004	11	...........
	2214	221.5	2.21673E+000	3.62771E-001	0.00000E+000	2.21920E+000	-2.55025E-004	11	...........
	2215	221.6	2.21773E+000	3.62797E-001	0.00000E+000	2.22020E+000	-2.44473E-004	11	...........
	2216	221.7	2.21872E+000	3.62924E-001	0.00000E+000	2.22120E+000	-2.54424E-004	11	...........
	2217	221.8	2.21972E+000	3.62976E-001	0.00000E+000	2.22220E+000	-2.56141E-004	11	...........
	2218	221.9	2.22074E+000	3.63076E-001	0.00000E+000	2.22320E+000	-2.39372E-004	11	...........
	2219	222	2.22172E+000	3.63290E-001	0.00000E+000	2.22420E+000	-2.54741E-004	11	...........
	2220	222.1	2.22273E+000	3.63318E-001	0.00000E+000	2.22520E+000	-2.43206E-004	11	...........
	2221	222.2	2.22373E+000	3.63424E-001	0.00000E+000	2.22620E+000	-2.39589E-004	11	...........
	2222	222.3	2.22471E+000	3.63402E-001	0.00000E+000	2.22720E+000	-2.49174E-004	11	...........
	2223	222.4	2.22572E+000	3.63487E-001	0.00000E+000	2.22820E+000	-2.42973E-004	11	...........
	2224	222.5	2.22671E+000	3.63648E-001	0.00000E+000	2.22920E+000	-2.48157E-004	11	...........
	2225	222.6	2.22773E+000	3.63649E-001	0.00000E+000	2.23020E+000	-2.48240E-004	11	...........
	2226	222.7	2.22875E+000	3.63724E-001	0.00000E+000	2.23120E+000	-2.40789E-004	11	...........
	2227	222.8	2.22973E+000	3.63856E-001	0.00000E+000	2.23220E+000	-2.53224E-004	11	...........
	2228	222.9	2.23073E+000	3.63826E-001	0.00000E+000	2.23320E+000	-2.45123E-004	11	...........
	2229	223	2.23172E+000	3.63948E-001	0.00000E+000	2.23420E+000	-2.48307E-004	11	...........
	2230	223.1	2.23272E+000	3.63951E-001	0.00000E+000	2.23520E+000	-2.56191E-004	11	...........
	2231	223.2	2.23372E+000	3.64124E-001	0.00000E+000	2.23620E+000	-2.41056E-004	11	...........
	2232	223.3	2.23472E+000	3.64351E-001	0.00000E+000	2.23720E+000	-2.54758E-004	11	...........
	2233	223.4	2.23572E+000	3.64424E-001	0.00000E+000	2.23820E+000	-2.56558E-004	11	...........
	2234	223.5	2.23672E+000	3.64340E-001	0.00000E+000	2.23920E+000	-2.44923E-004	11	...........
	2235	223.6	2.23771E+000	3.64550E-001	0.00000E+000	2.24020E+000	-2.57125E-004	11	...........
	2236	223.7	2.23871E+000	3.64577E-001	0.00000E+000	2.24120E+000	-2.56091E-004	11	...........
	2237	223.8	2.23971E+000	3.64699E-001	0.00000E+000	2.24220E+000	-2.63676E-004	11	...........
	2238	223.9	2.24069E+000	3.64829E-001	0.00000E+000	2.24320E+000	-2.58558E-004	11	...........
	2239	224	2.24168E+000	3.64962E-001	0.00000E+000	2.24420E+000	-2.54208E-004	11	...........
	2240	224.1	2.24269E+000	3.65043E-001	0.00000E+000	2.24520E+000	-2.60159E-004	11	...........
	2241	224.2	2.24368E+000	3.65095E-001	0.00000E+000	2.24620E+000	-2.57075E-004	11	...........
	2242	224.3	2.24471E+000	3.65141E-001	0.00000E+000	2.24720E+000	-2.48807E-004	11	...........
	2243	224.4	2.24568E+000	3.65329E-001	0.00000E+000	2.24820E+000	-2.57408E-004	11	...........
	2244	224.5	2.24669E+000	3.65384E-001	0.00000E+000	2.24920E+000	-2.44190E-004	11	...........
	2245	224.6	2.24768E+000	3.65529E-001	0.00000E+000	2.25020E+000	-2.53391E-004	11	...........
	2246	224.7	2.24868E+000	3.65534E-001	0.00000E+000	2.25120E+000	-2.57792E-004	11	...........
	2247	224.8	2.24968E+000	3.65510E-001	0.00000E+000	2.25220E+000	-2.40839E-004	11	...........
	2248	224.9	2.25068E+000	3.65677E-001	0.00000E+000	2.25320E+000	-2.54524E-004	11	...........
	2249	225	2.25167E+000	3.65786E-001	0.00000E+000	2.25420E+000	-2.49674E-004	11	...........
	2250	225.1	2.25268E+000	3.65712E-001	0.00000E+000	2.25520E+000	-2.37572E-004	11	...........
	2251	225.2	2.25368E+000	3.65977E-001	0.00000E+000	2.25620E+000	-2.55758E-004	11	...........
	2252	225.3	2.25469E+000	3.65800E-001	0.00000E+000	2.25720E+000	-2.44273E-004	11	...........
	2253	225.4	2.25568E+000	3.66074E-001	0.00000E+000	2.25820E+000	-2.43139E-004	11	...........
	2254	225.5	2.25668E+000	3.66077E-001	0.00000E+000	2.25920E+000	-2.53358E-004	11	...........
	2255	225.6	2.25768E+000	3.66156E-001	0.00000E+000	2.26020E+000	-2.37339E-004	11	...........
	2256	225.7	2.25868E+000	3.66228E-001	0.00000E+000	2.26120E+000	-2.49207E-004	11	...........
	2257	225.8	2.25967E+000	3.66389E-001	0.00000E+000	2.26220E+000	-2.44140E-004	11	...........
	2258	225.9	2.26069E+000	3.66454E-001	0.00000E+000	2.26320E+000	-2.45156E-004	11	...........
	2259	226	2.26167E+000	3.66540E-001	0.00000E+000	2.26420E+000	-2.54458E-004	11	...........
	2260	226.1	2.26267E+000	3.66565E-001	0.00000E+000	2.26520E+000	-2.43573E-004	11	...........
	2261	226.2	2.26366E+000	3.66660E-001	0.00000E+000	2.26620E+000	-2.54941E-004	11	...........
	2262	226.3	2.26465E+000	3.66725E-001	0.00000E+000	2.26720E+000	-2.62426E-004	11	...........
	2263	226.4	2.26562E+000	3.66950E-001	0.00000E+000	2.26820E+000	-2.51557E-004	11	...........
	2264	226.5	2.26664E+000	3.67114E-001	0.00000E+000	2.26920E+000	-2.59825E-004	11	...........
	2265	226.6	2.26764E+000	3.67218E-001	0.00000E+000	2.27020E+000	-2.51457E-004	11	...........
	2266	226.7	2.26866E+000	3.67078E-001	0.00000E+000	2.27120E+000	-2.35905E-004	11	...........
	2267	226.8	2.26962E+000	3.67315E-001	0.00000E+000	2.27220E+000	-2.49724E-004	11	...........
	2268	226.9	2.27064E+000	3.67335E-001	0.00000E+000	2.27320E+000	-2.37355E-004	11	...........
	2269	227	2.27163E+000	3.67524E-001	0.00000E+000	2.27420E+000	-2.35855E-004	11	...........
	2270	227.1	2.27263E+000	3.67635E-001	0.00000E+000	2.27520E+000	-2.39372E-004	11	...........
	2271	227.2	2.27364E+000	3.67756E-001	0.00000E+000	2.27620E+000	-2.36522E-004	11	...........
	2272	227.3	2.27463E+000	3.67785E-001	0.00000E+000	2.27720E+000	-2.38939E-004	11	...........
	2273	227.4	2.27562E+000	3.67759E-001	0.00000E+000	2.27820E+000	-2.33671E-004	11	...........
	2274	227.5	2.27663E+000	3.67852E-001	0.00000E+000	2.27920E+000	-2.34038E-004	11	...........
	2275	227.6	2.27761E+000	3.68012E-001	0.00000E+000	2.28020E+000	-2.53808E-004	11	...........
	2276	227.7	2.27864E+000	3.67941E-001	0.00000E+000	2.28120E+000	-2.33138E-004	11	...........
	2277	227.8	2.27964E+000	3.68133E-001	0.00000E+000	2.28220E+000	-2.38339E-004	11	...........
	2278	227.9	2.28064E+000	3.68192E-001	0.00000E+000	2.28320E+000	-2.45440E-004	11	...........
	2279	228	2.28164E+000	3.68146E-001	0.00000E+000	2.28420E+000	-2.30671E-004	11	...........
	2280	228.1	2.28263E+000	3.68339E-001	0.00000E+000	2.28520E+000	-2.48257E-004	11	...........
	2281	228.2	2.28363E+000	3.68464E-001	0.00000E+000	2.28620E+000	-2.43623E-004	11	...........
	2282	228.3	2.28464E+000	3.68486E-001	0.00000E+000	2.28720E+000	-2.30221E-004	11	...........
	2283	228.4	2.28563E+000	3.68671E-001	0.00000E+000	2.28820E+000	-2.55258E-004	11	...........
	2284	228.5	2.28663E+000	3.68716E-001	0.00000E+000	2.28920E+000	-2.43556E-004	11	...........
	2285	228.6	2.28762E+000	3.68819E-001	0.00000E+000	2.29020E+000	-2.47790E-004	11	...........
	2286	228.7	2.28861E+000	3.68796E-001	0.00000E+000	2.29120E+000	-2.56725E-004	11	...........
	2287	228.8	2.28961E+000	3.68868E-001	0.00000E+000	2.29220E+000	-2.46440E-004	11	...........
	2288	228.9	2.29061E+000	3.69035E-001	0.00000E+000	2.29320E+000	-2.61526E-004	11	...........
	2289	229	2.29157E+000	3.69136E-001	0.00000E+000	2.29420E+000	-2.61259E-004	11	...........
	2290	229.1	2.29261E+000	3.69226E-001	0.00000E+000	2.29520E+000	-2.62542E-004	11	...........
	2291	229.2	2.29357E+000	3.69463E-001	0.00000E+000	2.29620E+000	-2.54475E-004	11	...........
	2292	229.3	2.29459E+000	3.69530E-001	0.00000E+000	2.29720E+000	-2.43990E-004	11	...........
	2293	229.4	2.29558E+000	3.69714E-001	0.00000E+000	2.29820E+000	-2.53224E-004	11	...........
	2294	229.5	2.29658E+000	3.69668E-001	0.00000E+000	2.29920E+000	-2.60025E-004	11	...........
	2295	229.6	2.29759E+000	3.69831E-001	0.00000E+000	2.30020E+000	-2.39322E-004	11	...........
	2296	229.7	2.29858E+000	3.69947E-001	0.00000E+000	2.30120E+000	-2.55091E-004	11	...........
	2297	229.8	2.29958E+000	3.70056E-001	0.00000E+000	2.30220E+000	-2.48023E-004	11	...........
	2298	229.9	2.30059E+000	3.70005E-001	0.00000E+000	2.30320E+000	-2.41122E-004	11	...........
	2299	230	2.30157E+000	3.70148E-001	0.00000E+000	2.30420E+000	-2.49457E-004	11	...........
	2300	230.1	2.30257E+000	3.70193E-001	0.00000E+000	2.30520E+000	-2.41022E-004	11	...........
	2301	230.2	2.30357E+000	3.70329E-001	0.00000E+000	2.30620E+000	-2.45756E-004	11	...........
	2302	230.3	2.30459E+000	3.70332E-001	0.00000E+000	2.30720E+000	-2.55775E-004	11	...........
	2303	230.4	2.30560E+000	3.70427E-001	0.00000E+000	2.30820E+000	-2.41639E-004	11	...........
	2304	230.5	2.30660E+000	3.70525E-001	0.00000E+000	2.30920E+000	-2.52824E-004	11	...........
	2305	230.6	2.30759E+000	3.70608E-001	0.00000E+000	2.31020E+000	-2.42256E-004	11	...........
	2306	230.7	2.30860E+000	3.70635E-001	0.00000E+000	2.31120E+000	-2.46457E-004	11	...........
	2307	230.8	2.30958E+000	3.70767E-001	0.00000E+000	2.31220E+000	-2.53941E-004	11	...........
	2308	230.9	2.31059E+000	3.70816E-001	0.00000E+000	2.31320E+000	-2.40656E-004	11	...........
	2309	231	2.31158E+000	3.71030E-001	0.00000E+000	2.31420E+000	-2.54558E-004	11	...........
	2310	231.1	2.31258E+000	3.71113E-001	0.00000E+000	2.31520E+000	-2.55108E-004	11	...........
	2311	231.2	2.31358E+000	3.71137E-001	0.00000E+000	2.31620E+000	-2.42023E-004	11	...........
	2312	231.3	2.31457E+000	3.71275E-001	0.00000E+000	2.31720E+000	-2.58558E-004	11	...........
	2313	231.4	2.31557E+000	3.71356E-001	0.00000E+000	2.31820E+000	-2.54558E-004	11	...........
	2314	231.5	2.31656E+000	3.71355E-001	0.00000E+000	2.31920E+000	-2.59642E-004	11	...........
	2315	231.6	2.31754E+000	3.71621E-001	0.00000E+000	2.32020E+000	-2.55241E-004	11	...........
	2316	231.7	2.31855E+000	3.71638E-001	0.00000E+000	2.32120E+000	-2.57992E-004	11	...........
	2317	231.8	2.31955E+000	3.71793E-001	0.00000E+000	2.32220E+000	-2.52924E-004	11	...........
	2318	231.9	2.32053E+000	3.71751E-001	0.00000E+000	2.32320E+000	-2.53074E-004	11	...........
	2319	232	2.32155E+000	3.71899E-001	0.00000E+000	2.32420E+000	-2.40372E-004	11	...........
	2320	232.1	2.32254E+000	3.72014E-001	0.00000E+000	2.32520E+000	-2.51224E-004	11	...........
	2321	232.2	2.32354E+000	3.72090E-001	0.00000E+000	2.32620E+000	-2.38439E-004	11	...........
	2322	232.3	2.32454E+000	3.72217E-001	0.00000E+000	2.32720E+000	-2.45306E-004	11	...........
	2323	232.4	2.32554E+000	3.72395E-001	0.00000E+000	2.32820E+000	-2.50741E-004	11	...........
	2324	232.5	2.32654E+000	3.72302E-001	0.00000E+000	2.32920E+000	-2.38189E-004	11	...........
	2325	232.6	2.32753E+000	3.72515E-001	0.00000E+000	2.33020E+000	-2.48957E-004	11	...........
	2326	232.7	2.32853E+000	3.72536E-001	0.00000E+000	2.33120E+000	-2.49574E-004	11	...........
	2327	232.8	2.32954E+000	3.72539E-001	0.00000E+000	2.33220E+000	-2.37272E-004	11	...........
	2328	232.9	2.33055E+000	3.72696E-001	0.00000E+000	2.33320E+000	-2.55075E-004	11	...........
	2329	233	2.33155E+000	3.72823E-001	0.00000E+000	2.33420E+000	-2.44673E-004	11	...........
	2330	233.1	2.33256E+000	3.72784E-001	0.00000E+000	2.33520E+000	-2.41056E-004	11	...........
	2331	233.2	2.33354E+000	3.72907E-001	0.00000E+000	2.33620E+000	-2.49774E-004	11	...........
	2332	233.3	2.33455E+000	3.73065E-001	0.00000E+000	2.33720E+000	-2.42606E-004	11	...........
	2333	233.4	2.33555E+000	3.73177E-001	0.00000E+000	2.33820E+000	-2.47223E-004	11	...........
	2334	233.5	2.33654E+000	3.73279E-001	0.00000E+000	2.33920E+000	-2.51074E-004	11	...........
	2335	233.6	2.33755E+000	3.73310E-001	0.00000E+000	2.34020E+000	-2.42806E-004	11	...........
	2336	233.7	2.33853E+000	3.73395E-001	0.00000E+000	2.34120E+000	-2.57442E-004	11	...........
	2337	233.8	2.33954E+000	3.73435E-001	0.00000E+000	2.34220E+000	-2.50574E-004	11	...........
	2338	233.9	2.34053E+000	3.73473E-001	0.00000E+000	2.34320E+000	-2.61276E-004	11	...........
	2339	234	2.34153E+000	3.73649E-001	0.00000E+000	2.34420E+000	-2.60709E-004	11	...........
	2340	234.1	2.34250E+000	3.73796E-001	0.00000E+000	2.34520E+000	-2.51124E-004	11	...........
	2341	234.2	2.34351E+000	3.73945E-001	0.00000E+000	2.34620E+000	-2.60809E-004	11	...........
	2342	234.3	2.34450E+000	3.73970E-001	0.00000E+000	2.34720E+000	-2.67410E-004	11	...........
	2343	234.4	2.34552E+000	3.74002E-001	0.00000E+000	2.34820E+000	-2.46907E-004	11	...........
	2344	234.5	2.34649E+000	3.74127E-001	0.00000E+000	2.34920E+000	-2.55091E-004	11	...........
	2345	234.6	2.34751E+000	3.74231E-001	0.00000E+000	2.35020E+000	-2.50074E-004	11	...........
	2346	234.7	2.34849E+000	3.74342E-001	0.00000E+000	2.35120E+000	-2.49540E-004	11	...........
	2347	234.8	2.34949E+000	3.74595E-001	0.00000E+000	2.35220E+000	-2.52441E-004	11	...........
	2348	234.9	2.35050E+000	3.74612E-001	0.00000E+000	2.35320E+000	-2.43756E-004	11	...........
	2349	235	2.35150E+000	3.74666E-001	0.00000E+000	2.35420E+000	-2.49157E-004	11	...........
	2350	235.1	2.35249E+000	3.74610E-001	0.00000E+000	2.35520E+000	-2.49224E-004	11	...........
	2351	235.2	2.35350E+000	3.74770E-001	0.00000E+000	2.35620E+000	-2.43389E-004	11	...........
	2352	235.3	2.35448E+000	3.74864E-001	0.00000E+000	2.35720E+000	-2.54508E-004	11	...........
	2353	235.4	2.35551E+000	3.74921E-001	0.00000E+000	2.35820E+000	-2.41122E-004	11	...........
	2354	235.5	2.35650E+000	3.74948E-001	0.00000E+000	2.35920E+000	-2.46273E-004	11	...........
	2355	235.6	2.35750E+000	3.75122E-001	0.00000E+000	2.36020E+000	-2.54424E-004	11	...........
	2356	235.7	2.35850E+000	3.75116E-001	0.00000E+000	2.36120E+000	-2.38372E-004	11	...........
	2357	235.8	2.35950E+000	3.75289E-001	0.00000E+000	2.36220E+000	-2.50491E-004	11	...........
	2358	235.9	2.36049E+000	3.75282E-001	0.00000E+000	2.36320E+000	-2.49624E-004	11	...........
	2359	236	2.36150E+000	3.75448E-001	0.00000E+000	2.36420E+000	-2.37839E-004	11	...........
	2360	236.1	2.36249E+000	3.75608E-001	0.00000E+000	2.36520E+000	-2.54658E-004	11	...........
	2361	236.2	2.36349E+000	3.75627E-001	0.00000E+000	2.36620E+000	-2.45406E-004	11	...........
	2362	236.3	2.36448E+000	3.75684E-001	0.00000E+000	2.36720E+000	-2.46207E-004	11	...........
	2363	236.4	2.36548E+000	3.75932E-001	0.00000E+000	2.36820E+000	-2.54641E-004	11	...........
	2364	236.5	2.36648E+000	3.75930E-001	0.00000E+000	2.36920E+000	-2.48807E-004	11	...........
	2365	236.6	2.36748E+000	3.76056E-001	0.00000E+000	2.37020E+000	-2.59142E-004	11	...........
	2366	236.7	2.36844E+000	3.76230E-001	0.00000E+000	2.37120E+000	-2.61126E-004	11	...........
	2367	236.8	2.36949E+000	3.76344E-001	0.00000E+000	2.37220E+000	-2.54708E-004	11	...........
	2368	236.9	2.37044E+000	3.76392E-001	0.00000E+000	2.37320E+000	-2.52374E-004	11	...........
	2369	237	2.37147E+000	3.76494E-001	0.00000E+000	2.37420E+000	-2.39972E-004	11	...........
	2370	237.1	2.37244E+000	3.76460E-001	0.00000E+000	2.37520E+000	-2.50991E-004	11	...........
	2371	237.2	2.37344E+000	3.76691E-001	0.00000E+000	2.37620E+000	-2.53858E-004	11	...........
	2372	237.3	2.37446E+000	3.76815E-001	0.00000E+000	2.37720E+000	-2.33538E-004	11	...........
	2373	237.4	2.37546E+000	3.76926E-001	0.00000E+000	2.37820E+000	-2.51557E-004	11	...........
	2374	237.5	2.37645E+000	3.76999E-001	0.00000E+000	2.37920E+000	-2.41206E-004	11	...........
	2375	237.6	2.37747E+000	3.77032E-001	0.00000E+000	2.38020E+000	-2.30754E-004	11	...........
	2376	237.7	2.37844E+000	3.77165E-001	0.00000E+000	2.38120E+000	-2.52007E-004	11	...........
	2377	237.8	2.37945E+000	3.77251E-001	0.00000E+000	2.38220E+000	-2.35805E-004	11	...........
	2378	237.9	2.38043E+000	3.77214E-001	0.00000E+000	2.38320E+000	-2.38222E-004	11	...........
	2379	238	2.38145E+000	3.77397E-001	0.00000E+000	2.38420E+000	-2.48890E-004	11	...........
	2380	238.1	2.38247E+000	3.77514E-001	0.00000E+000	2.38520E+000	-2.35438E-004	11	...........
	2381	238.2	2.38347E+000	3.77649E-001	0.00000E+000	2.38620E+000	-2.41689E-004	11	...........
	2382	238.3	2.38446E+000	3.77619E-001	0.00000E+000	2.38720E+000	-2.40089E-004	11	...........
	2383	238.4	2.38548E+000	3.77737E-001	0.00000E+000	2.38820E+000	-2.37589E-004	11	...........
	2384	238.5	2.38645E+000	3.77896E-001	0.00000E+000	2.38920E+000	-2.51391E-004	11	...........
	2385	238.6	2.38747E+000	3.78036E-001	0.00000E+000	2.39020E+000	-2.34772E-004	11	...........
	2386	238.7	2.38845E+000	3.78094E-001	0.00000E+000	2.39120E+000	-2.48007E-004	11	...........
	2387	238.8	2.38945E+000	3.78228E-001	0.00000E+000	2.39220E+000	-2.55791E-004	11	...........
	2388	238.9	2.39045E+000	3.78159E-001	0.00000E+000	2.39320E+000	-2.39622E-004	11	...........
	2389	239	2.39146E+000	3.78364E-001	0.00000E+000	2.39420E+000	-2.58458E-004	11	...........
	2390	239.1	2.39244E+000	3.78358E-001	0.00000E+000	2.39520E+000	-2.57692E-004	11	...........
	2391	239.2	2.39344E+000	3.78548E-001	0.00000E+000	2.39620E+000	-2.56908E-004	11	...........
	2392	239.3	2.39441E+000	3.78756E-001	0.00000E+000	2.39720E+000	-2.49924E-004	11	...........
	2393	239.4	2.39543E+000	3.78801E-001	0.00000E+000	2.39820E+000	-2.56691E-004	11	...........
	2394	239.5	2.39641E+000	3.78780E-001	0.00000E+000	2.39920E+000	-2.54558E-004	11	...........
	2395	239.6	2.39741E+000	3.78954E-001	0.00000E+000	2.40020E+000	-2.60459E-004	11	...........
	2396	239.7	2.39841E+000	3.79003E-001	0.00000E+000	2.40120E+000	-2.43606E-004	11	...........
	2397	239.8	2.39941E+000	3.79176E-001	0.00000E+000	2.40220E+000	-2.52824E-004	11	...........
	2398	239.9	2.40041E+000	3.79220E-001	0.00000E+000	2.40320E+000	-2.44106E-004	11	...........
	2399	240	2.40142E+000	3.79354E-001	0.00000E+000	2.40420E+000	-2.47290E-004	11	...........
	2400	240.1	2.40240E+000	3.79447E-001	0.00000E+000	2.40520E+000	-2.50524E-004	11	...........
	2401	240.2	2.40341E+000	3.79408E-001	0.00000E+000	2.40620E+000	-2.38205E-004	11	...........
	2402	240.3	2.40439E+000	3.79525E-001	0.00000E+000	2.40720E+000	-2.45406E-004	11	...........
	2403	240.4	2.40539E+000	3.79760E-001	0.00000E+000	2.40820E+000	-2.52307E-004	11	...........
	2404	240.5	2.40642E+000	3.79649E-001	0.00000E+000	2.40920E+000	-2.40389E-004	11	...........
	2405	240.6	2.40744E+000	3.79885E-001	0.00000E+000	2.41020E+000	-2.51457E-004	11	...........
	2406	240.7	2.40843E+000	3.79931E-001	0.00000E+000	2.41120E+000	-2.47690E-004	11	...........
	2407	240.8	2.40944E+000	3.79879E-001	0.00000E+000	2.41220E+000	-2.37322E-004	11	...........
	2408	240.9	2.41042E+000	3.80126E-001	0.00000E+000	2.41320E+000	-2.50541E-004	11	...........
	2409	241	2.41143E+000	3.80264E-001	0.00000E+000	2.41420E+000	-2.41389E-004	11	...........
	2410	241.1	2.41242E+000	3.80316E-001	0.00000E+000	2.41520E+000	-2.44023E-004	11	...........
	2411	241.2	2.41342E+000	3.80475E-001	0.00000E+000	2.41620E+000	-2.50891E-004	11	...........
	2412	241.3	2.41442E+000	3.80561E-001	0.00000E+000	2.41720E+000	-2.39506E-004	11	...........
	2413	241.4	2.41542E+000	3.80618E-001	0.00000E+000	2.41820E+000	-2.55725E-004	11	...........
	2414	241.5	2.41641E+000	3.80698E-001	0.00000E+000	2.41920E+000	-2.48374E-004	11	...........
	2415	241.6	2.41741E+000	3.80776E-001	0.00000E+000	2.42020E+000	-2.53808E-004	11	...........
	2416	241.7	2.41841E+000	3.80873E-001	0.00000E+000	2.42120E+000	-2.53341E-004	11	...........
	2417	241.8	2.41938E+000	3.80933E-001	0.00000E+000	2.42220E+000	-2.51457E-004	11	...........
	2418	241.9	2.42037E+000	3.81003E-001	0.00000E+000	2.42320E+000	-2.58458E-004	11	...........
	2419	242	2.42137E+000	3.81267E-001	0.00000E+000	2.42420E+000	-2.64543E-004	11	...........
	2420	242.1	2.42238E+000	3.81240E-001	0.00000E+000	2.42520E+000	-2.42189E-004	11	...........
	2421	242.2	2.42338E+000	3.81511E-001	0.00000E+000	2.42620E+000	-2.54558E-004	11	...........
	2422	242.3	2.42437E+000	3.81489E-001	0.00000E+000	2.42720E+000	-2.48057E-004	11	...........
	2423	242.4	2.42539E+000	3.81583E-001	0.00000E+000	2.42820E+000	-2.40856E-004	11	...........
	2424	242.5	2.42637E+000	3.81751E-001	0.00000E+000	2.42920E+000	-2.50207E-004	11	...........
	2425	242.6	2.42739E+000	3.81855E-001	0.00000E+000	2.43020E+000	-2.43556E-004	11	...........
	2426	242.7	2.42837E+000	3.81788E-001	0.00000E+000	2.43120E+000	-2.44523E-004	11	...........
	2427	242.8	2.42937E+000	3.82020E-001	0.00000E+000	2.43220E+000	-2.43990E-004	11	...........
	2428	242.9	2.43037E+000	3.82050E-001	0.00000E+000	2.43320E+000	-2.37422E-004	11	...........
	2429	243	2.43137E+000	3.82129E-001	0.00000E+000	2.43420E+000	-2.49557E-004	11	...........
	2430	243.1	2.43238E+000	3.82166E-001	0.00000E+000	2.43520E+000	-2.41956E-004	11	...........
	2431	243.2	2.43341E+000	3.82298E-001	0.00000E+000	2.43620E+000	-2.41873E-004	11	...........
	2432	243.3	2.43439E+000	3.82437E-001	0.00000E+000	2.43720E+000	-2.50524E-004	11	...........
	2433	243.4	2.43539E+000	3.82455E-001	0.00000E+000	2.43820E+000	-2.34255E-004	11	...........
	2434	243.5	2.43638E+000	3.82493E-001	0.00000E+000	2.43920E+000	-2.47090E-004	11	...........
	2435	243.6	2.43737E+000	3.82651E-001	0.00000E+000	2.44020E+000	-2.52724E-004	11	...........
	2436	243.7	2.43838E+000	3.82724E-001	0.00000E+000	2.44120E+000	-2.34822E-004	11	...........
	2437	243.8	2.43938E+000	3.82934E-001	0.00000E+000	2.44220E+000	-2.54891E-004	11	...........
	2438	243.9	2.44037E+000	3.82923E-001	0.00000E+000	2.44320E+000	-2.41973E-004	11	...........
	2439	244	2.44137E+000	3.82987E-001	0.00000E+000	2.44420E+000	-2.44223E-004	11	...........
	2440	244.1	2.44237E+000	3.83126E-001	0.00000E+000	2.44520E+000	-2.51707E-004	11	...........
	2441	244.2	2.44337E+000	3.83183E-001	0.00000E+000	2.44620E+000	-2.48107E-004	11	...........
	2442	244.3	2.44436E+000	3.83279E-001	0.00000E+000	2.44720E+000	-2.57908E-004	11	...........
	2443	244.4	2.44532E+000	3.83487E-001	0.00000E+000	2.44820E+000	-2.66243E-004	11	...........
	2444	244.5	2.44635E+000	3.83540E-001	0.00000E+000	2.44920E+000	-2.47840E-004	11	...........
	2445	244.6	2.44734E+000	3.83703E-001	0.00000E+000	2.45020E+000	-2.55975E-004	11	...........
	2446	244.7	2.44834E+000	3.83712E-001	0.00000E+000	2.45120E+000	-2.50974E-004	11	...........
	2447	244.8	2.44933E+000	3.83797E-001	0.00000E+000	2.45220E+000	-2.57792E-004	11	...........
	2448	244.9	2.45032E+000	3.83848E-001	0.00000E+000	2.45320E+000	-2.54108E-004	11	...........
	2449	245	2.45133E+000	3.84113E-001	0.00000E+000	2.45420E+000	-2.37955E-004	11	...........
	2450	245.1	2.45233E+000	3.84152E-001	0.00000E+000	2.45520E+000	-2.50124E-004	11	...........
	2451	245.2	2.45333E+000	3.84316E-001	0.00000E+000	2.45620E+000	-2.51657E-004	11	...........
	2452	245.3	2.45434E+000	3.84338E-001	0.00000E+000	2.45720E+000	-2.38305E-004	11	...........
	2453	245.4	2.45532E+000	3.84413E-001	0.00000E+000	2.45820E+000	-2.53674E-004	11	...........
	2454	245.5	2.45633E+000	3.84516E-001	0.00000E+000	2.45920E+000	-2.40222E-004	11	...........
	2455	245.6	2.45732E+000	3.84491E-001	0.00000E+000	2.46020E+000	-2.37889E-004	11	...........
	2456	245.7	2.45837E+000	3.84680E-001	0.00000E+000	2.46120E+000	-2.44273E-004	11	...........
	2457	245.8	2.45937E+000	3.84631E-001	0.00000E+000	2.46220E+000	-2.36205E-004	11	...........
	2458	245.9	2.46036E+000	3.84647E-001	0.00000E+000	2.46320E+000	-2.37705E-004	11	...........
	2459	246	2.46136E+000	3.84896E-001	0.00000E+000	2.46420E+000	-2.45023E-004	11	...........
	2460	246.1	2.46237E+000	3.84987E-001	0.00000E+000	2.46520E+000	-2.31288E-004	11	...........
	2461	246.2	2.46336E+000	3.85189E-001	0.00000E+000	2.46620E+000	-2.45973E-004	11	...........
	2462	246.3	2.46436E+000	3.85204E-001	0.00000E+000	2.46720E+000	-2.35822E-004	11	...........
	2463	246.4	2.46536E+000	3.85258E-001	0.00000E+000	2.46820E+000	-2.48107E-004	11	...........
	2464	246.5	2.46635E+000	3.85417E-001	0.00000E+000	2.46920E+000	-2.50574E-004	11	...........
	2465	246.6	2.46736E+000	3.85454E-001	0.00000E+000	2.47020E+000	-2.34571E-004	11	...........
	2466	246.7	2.46835E+000	3.85444E-001	0.00000E+000	2.47120E+000	-2.54224E-004	11	...........
	2467	246.8	2.46934E+000	3.85636E-001	0.00000E+000	2.47220E+000	-2.61959E-004	11	...........
	2468	246.9	2.47033E+000	3.85707E-001	0.00000E+000	2.47320E+000	-2.41256E-004	11	...........
	2469	247	2.47132E+000	3.85927E-001	0.00000E+000	2.47420E+000	-2.53758E-004	11	...........
	2470	247.1	2.47233E+000	3.85924E-001	0.00000E+000	2.47520E+000	-2.38422E-004	11	...........
	2471	247.2	2.47333E+000	3.85969E-001	0.00000E+000	2.47620E+000	-2.27370E-004	11	...........
	2472	247.3	2.47431E+000	3.86126E-001	0.00000E+000	2.47720E+000	-2.34705E-004	11	...........
	2473	247.4	2.47532E+000	3.86190E-001	0.00000E+000	2.47820E+000	-2.19986E-004	11	...........
	2474	247.5	2.47632E+000	3.86321E-001	0.00000E+000	2.47920E+000	-2.25153E-004	11	...........
	2475	247.6	2.47732E+000	3.86479E-001	0.00000E+000	2.48020E+000	-2.17319E-004	11	...........
	2476	247.7	2.47833E+000	3.86520E-001	0.00000E+000	2.48120E+000	-2.19369E-004	11	...........
	2477	247.8	2.47931E+000	3.86614E-001	0.00000E+000	2.48220E+000	-2.33871E-004	11	...........
	2478	247.9	2.48032E+000	3.86568E-001	0.00000E+000	2.48320E+000	-2.15585E-004	11	...........
	2479	248	2.48131E+000	3.86732E-001	0.00000E+000	2.48420E+000	-2.18819E-004	11	...........
	2480	248.1	2.48229E+000	3.86836E-001	0.00000E+000	2.48520E+000	-2.35938E-004	11	...........
	2481	248.2	2.48332E+000	3.86868E-001	0.00000E+000	2.48620E+000	-2.19086E-004	11	...........
	2482	248.3	2.48433E+000	3.86886E-001	0.00000E+000	2.48720E+000	-2.32655E-004	11	...........
	2483	248.4	2.48532E+000	3.87105E-001	0.00000E+000	2.48820E+000	-2.29321E-004	11	...........
	2484	248.5	2.48634E+000	3.87135E-001	0.00000E+000	2.48920E+000	-2.18386E-004	11	...........
	2485	248.6	2.48732E+000	3.87319E-001	0.00000E+000	2.49020E+000	-2.40572E-004	11	...........
	2486	248.7	2.48832E+000	3.87299E-001	0.00000E+000	2.49120E+000	-2.23686E-004	11	...........
	2487	248.8	2.48932E+000	3.87522E-001	0.00000E+000	2.49220E+000	-2.20103E-004	11	...........
	2488	248.9	2.49032E+000	3.87681E-001	0.00000E+000	2.49320E+000	-2.39589E-004	11	...........
	2489	249	2.49132E+000	3.87728E-001	0.00000E+000	2.49420E+000	-2.25737E-004	11	...........
	2490	249.1	2.49232E+000	3.87693E-001	0.00000E+000	2.49520E+000	-2.34421E-004	11	...........
	2491	249.2	2.49331E+000	3.87840E-001	0.00000E+000	2.49620E+000	-2.37155E-004	11	...........
	2492	249.3	2.49432E+000	3.87900E-001	0.00000E+000	2.49720E+000	-2.36438E-004	11	...........
	2493	249.4	2.49531E+000	3.88081E-001	0.00000E+000	2.49820E+000	-2.55225E-004	11	...........
	2494	249.5	2.49630E+000	3.88270E-001	0.00000E+000	2.49920E+000	-2.47240E-004	11	...........
	2495	249.6	2.49728E+000	3.88327E-001	0.00000E+000	2.50020E+000	-2.57608E-004	11	...........
	2496	249.7	2.49827E+000	3.88382E-001	0.00000E+000	2.50120E+000	-2.59075E-004	11	...........
	2497	249.8	2.49928E+000	3.88413E-001	0.00000E+000	2.50220E+000	-2.31471E-004	11	...........
	2498	249.9	2.50029E+000	3.88470E-001	0.00000E+000	2.50320E+000	-2.45856E-004	11	...........
	2499	250	2.50127E+000	3.88640E-001	0.00000E+000	2.50420E+000	-2.39989E-004	11	...........
	2500	250.1	2.50230E+000	3.88781E-001	0.00000E+000	2.50520E+000	-2.23970E-004	11	...........
	2501	250.2	2.50327E+000	3.88831E-001	0.00000E+000	2.50620E+000	-2.46690E-004	11	...........
	2502	250.3	2.50429E+000	3.88931E-001	0.00000E+000	2.50720E+000	-2.29037E-004	11	...........
	2503	250.4	2.50527E+000	3.88952E-001	0.00000E+000	2.50820E+000	-2.23553E-004	11	...........
	2504	250.5	2.50626E+000	3.89046E-001	0.00000E+000	2.50920E+000	-2.36955E-004	11	...........
	2505	250.6	2.50727E+000	3.89146E-001	0.00000E+000	2.51020E+000	-2.29204E-004	11	...........
	2506	250.7	2.50827E+000	3.89156E-001	0.00000E+000	2.51120E+000	-2.38555E-004	11	...........
	2507	250.8	2.50928E+000	3.89401E-001	0.00000E+000	2.51220E+000	-2.33271E-004	11	...........
	2508	250.9	2.51032E+000	3.89442E-001	0.00000E+000	2.51320E+000	-2.26437E-004	11	...........
	2509	251	2.51129E+000	3.89623E-001	0.00000E+000	2.51420E+000	-2.44340E-004	11	...........
	2510	251.1	2.51230E+000	3.89499E-001	0.00000E+000	2.51520E+000	-2.22620E-004	11	...........
	2511	251.2	2.51328E+000	3.89601E-001	0.00000E+000	2.51620E+000	-2.31688E-004	11	...........
	2512	251.3	2.51428E+000	3.89738E-001	0.00000E+000	2.51720E+000	-2.42773E-004	11	...........
	2513	251.4	2.51528E+000	3.89820E-001	0.00000E+000	2.51820E+000	-2.24737E-004	11	...........
	2514	251.5	2.51629E+000	3.89890E-001	0.00000E+000	2.51920E+000	-2.43073E-004	11	...........
	2515	251.6	2.51728E+000	3.89998E-001	0.00000E+000	2.52020E+000	-2.41473E-004	11	...........
	2516	251.7	2.51829E+000	3.90012E-001	0.00000E+000	2.52120E+000	-2.31154E-004	11	...........
	2517	251.8	2.51927E+000	3.90184E-001	0.00000E+000	2.52220E+000	-2.52391E-004	11	...........
	2518	251.9	2.52028E+000	3.90236E-001	0.00000E+000	2.52320E+000	-2.42423E-004	11	...........
	2519	252	2.52126E+000	3.90360E-001	0.00000E+000	2.52420E+000	-2.50591E-004	11	...........
	2520	252.1	2.52223E+000	3.90474E-001	0.00000E+000	2.52520E+000	-2.63242E-004	11	...........
	2521	252.2	2.52324E+000	3.90582E-001	0.00000E+000	2.52620E+000	-2.42923E-004	11	...........
	2522	252.3	2.52425E+000	3.90528E-001	0.00000E+000	2.52720E+000	-2.44840E-004	11	...........
	2523	252.4	2.52523E+000	3.90823E-001	0.00000E+000	2.52820E+000	-2.36138E-004	11	...........
	2524	252.5	2.52626E+000	3.90825E-001	0.00000E+000	2.52920E+000	-2.35022E-004	11	...........
	2525	252.6	2.52723E+000	3.90944E-001	0.00000E+000	2.53020E+000	-2.44956E-004	11	...........
	2526	252.7	2.52825E+000	3.91091E-001	0.00000E+000	2.53120E+000	-2.26087E-004	11	...........
	2527	252.8	2.52923E+000	3.91254E-001	0.00000E+000	2.53220E+000	-2.36555E-004	11	...........
	2528	252.9	2.53023E+000	3.91265E-001	0.00000E+000	2.53320E+000	-2.41473E-004	11	...........
	2529	253	2.53123E+000	3.91353E-001	0.00000E+000	2.53420E+000	-2.21353E-004	11	...........
	2530	253.1	2.53224E+000	3.91358E-001	0.00000E+000	2.53520E+000	-2.41956E-004	11	...........
	2531	253.2	2.53322E+000	3.91506E-001	0.00000E+000	2.53620E+000	-2.28804E-004	11	...........
	2532	253.3	2.53423E+000	3.91503E-001	0.00000E+000	2.53720E+000	-2.20853E-004	11	...........
	2533	253.4	2.53524E+000	3.91627E-001	0.00000E+000	2.53820E+000	-2.48023E-004	11	...........
	2534	253.5	2.53626E+000	3.91711E-001	0.00000E+000	2.53920E+000	-2.27487E-004	11	...........
	2535	253.6	2.53724E+000	3.91734E-001	0.00000E+000	2.54020E+000	-2.26454E-004	11	...........
	2536	253.7	2.53824E+000	3.91864E-001	0.00000E+000	2.54120E+000	-2.34872E-004	11	...........
	2537	253.8	2.53924E+000	3.91995E-001	0.00000E+000	2.54220E+000	-2.25170E-004	11	...........
	2538	253.9	2.54025E+000	3.92070E-001	0.00000E+000	2.54320E+000	-2.35805E-004	11	...........
	2539	254	2.54124E+000	3.92262E-001	0.00000E+000	2.54420E+000	-2.29821E-004	11	...........
	2540	254.1	2.54225E+000	3.92259E-001	0.00000E+000	2.54520E+000	-2.33038E-004	11	...........
	2541	254.2	2.54323E+000	3.92321E-001	0.00000E+000	2.54620E+000	-2.48824E-004	11	...........
	2542	254.3	2.54424E+000	3.92345E-001	0.00000E+000	2.54720E+000	-2.36305E-004	11	...........
	2543	254.4	2.54522E+000	3.92517E-001	0.00000E+000	2.54820E+000	-2.48640E-004	11	...........
	2544	254.5	2.54622E+000	3.92615E-001	0.00000E+000	2.54920E+000	-2.58642E-004	11	...........
	2545	254.6	2.54719E+000	3.92691E-001	0.00000E+000	2.55020E+000	-2.38539E-004	11	...........
	2546	254.7	2.54821E+000	3.92783E-001	0.00000E+000	2.55120E+000	-2.54158E-004	11	...........
	2547	254.8	2.54919E+000	3.92989E-001	0.00000E+000	2.55220E+000	-2.50090E-004	11	...........
	2548	254.9	2.55022E+000	3.92916E-001	0.00000E+000	2.55320E+000	-2.47473E-004	11	...........
	2549	255	2.55118E+000	3.93124E-001	0.00000E+000	2.55420E+000	-2.47040E-004	11	...........
	2550	255.1	2.55219E+000	3.93157E-001	0.00000E+000	2.55520E+000	-2.38455E-004	11	...........
	2551	255.2	2.55319E+000	3.93328E-001	0.00000E+000	2.55620E+000	-2.36822E-004	11	...........
	2552	255.3	2.55418E+000	3.93450E-001	0.00000E+000	2.55720E+000	-2.37038E-004	11	...........
	2553	255.4	2.55519E+000	3.93500E-001	0.00000E+000	2.55820E+000	-2.30588E-004	11	...........
	2554	255.5	2.55619E+000	3.93429E-001	0.00000E+000	2.55920E+000	-2.42873E-004	11	...........
	2555	255.6	2.55718E+000	3.93639E-001	0.00000E+000	2.56020E+000	-2.29121E-004	11	...........
	2556	255.7	2.55818E+000	3.93689E-001	0.00000E+000	2.56120E+000	-2.33038E-004	11	...........
	2557	255.8	2.55917E+000	3.93855E-001	0.00000E+000	2.56220E+000	-2.45373E-004	11	...........
	2558	255.9	2.56020E+000	3.93810E-001	0.00000E+000	2.56320E+000	-2.29904E-004	11	...........
	2559	256	2.56120E+000	3.93885E-001	0.00000E+000	2.56420E+000	-2.36172E-004	11	...........
	2560	256.1	2.56219E+000	3.93965E-001	0.00000E+000	2.56520E+000	-2.40539E-004	11	...........
	2561	256.2	2.56320E+000	3.93984E-001	0.00000E+000	2.56620E+000	-2.24353E-004	11	...........
	2562	256.3	2.56420E+000	3.94147E-001	0.00000E+000	2.56720E+000	-2.47190E-004	11	...........
	2563	256.4	2.56520E+000	3.94261E-001	0.00000E+000	2.56820E+000	-2.34155E-004	11	...........
	2564	256.5	2.56620E+000	3.94355E-001	0.00000E+000	2.56920E+000	-2.29187E-004	11	...........
	2565	256.6	2.56719E+000	3.94455E-001	0.00000E+000	2.57020E+000	-2.45756E-004	11	...........
	2566	256.7	2.56820E+000	3.94499E-001	0.00000E+000	2.57120E+000	-2.36338E-004	11	...........
	2567	256.8	2.56919E+000	3.94520E-001	0.00000E+000	2.57220E+000	-2.39189E-004	11	...........
	2568	256.9	2.57018E+000	3.94612E-001	0.00000E+000	2.57320E+000	-2.45606E-004	11	...........
	2569	257	2.57118E+000	3.94668E-001	0.00000E+000	2.57420E+000	-2.39806E-004	11	...........
	2570	257.1	2.57218E+000	3.94722E-001	0.00000E+000	2.57520E+000	-2.55291E-004	11	...........
	2571	257.2	2.57315E+000	3.94967E-001	0.00000E+000	2.57620E+000	-2.51157E-004	11	...........
	2572	257.3	2.57417E+000	3.95045E-001	0.00000E+000	2.57720E+000	-2.53924E-004	11	...........
	2573	257.4	2.57514E+000	3.95180E-001	0.00000E+000	2.57820E+000	-2.47173E-004	11	...........
	2574	257.5	2.57615E+000	3.95139E-001	0.00000E+000	2.57920E+000	-2.28804E-004	11	...........
	2575	257.6	2.57715E+000	3.95248E-001	0.00000E+000	2.58020E+000	-2.41072E-004	11	...........
	2576	257.7	2.57814E+000	3.95450E-001	0.00000E+000	2.58120E+000	-2.36988E-004	11	...........
	2577	257.8	2.57916E+000	3.95625E-001	0.00000E+000	2.58220E+000	-2.20753E-004	11	...........
	2578	257.9	2.58015E+000	3.95623E-001	0.00000E+000	2.58320E+000	-2.44240E-004	11	...........
	2579	258	2.58115E+000	3.95828E-001	0.00000E+000	2.58420E+000	-2.25803E-004	11	...........
	2580	258.1	2.58215E+000	3.95721E-001	0.00000E+000	2.58520E+000	-2.20069E-004	11	...........
	2581	258.2	2.58313E+000	3.95845E-001	0.00000E+000	2.58620E+000	-2.38422E-004	11	...........
	2582	258.3	2.58414E+000	3.95861E-001	0.00000E+000	2.58720E+000	-2.22853E-004	11	...........
	2583	258.4	2.58514E+000	3.95903E-001	0.00000E+000	2.58820E+000	-2.28537E-004	11	...........
	2584	258.5	2.58614E+000	3.96026E-001	0.00000E+000	2.58920E+000	-2.29654E-004	11	...........
	2585	258.6	2.58717E+000	3.96215E-001	0.00000E+000	2.59020E+000	-2.22286E-004	11	...........
	2586	258.7	2.58816E+000	3.96119E-001	0.00000E+000	2.59120E+000	-2.37755E-004	11	...........
	2587	258.8	2.58916E+000	3.96223E-001	0.00000E+000	2.59220E+000	-2.25620E-004	11	...........
	2588	258.9	2.59016E+000	3.96316E-001	0.00000E+000	2.59320E+000	-2.28187E-004	11	...........
	2589	259	2.59114E+000	3.96397E-001	0.00000E+000	2.59420E+000	-2.42789E-004	11	...........
	2590	259.1	2.59216E+000	3.96547E-001	0.00000E+000	2.59520E+000	-2.24270E-004	11	...........
	2591	259.2	2.59315E+000	3.96692E-001	0.00000E+000	2.59620E+000	-2.37439E-004	11	...........
	2592	259.3	2.59415E+000	3.96753E-001	0.00000E+000	2.59720E+000	-2.42756E-004	11	...........
	2593	259.4	2.59515E+000	3.96747E-001	0.00000E+000	2.59820E+000	-2.25987E-004	11	...........
	2594	259.5	2.59614E+000	3.96758E-001	0.00000E+000	2.59920E+000	-2.50357E-004	11	...........
	2595	259.6	2.59714E+000	3.96917E-001	0.00000E+000	2.60020E+000	-2.42456E-004	11	...........
	2596	259.7	2.59813E+000	3.97064E-001	0.00000E+000	2.60120E+000	-2.49940E-004	11	...........
	2597	259.8	2.59911E+000	3.97163E-001	0.00000E+000	2.60220E+000	-2.52207E-004	11	...........
	2598	259.9	2.60011E+000	3.97256E-001	0.00000E+000	2.60320E+000	-2.44956E-004	11	...........
	2599	260	2.60112E+000	3.97286E-001	0.00000E+000	2.60420E+000	-2.44973E-004	11	...........
	2600	260.1	2.60210E+000	3.97375E-001	0.00000E+000	2.60520E+000	-2.45573E-004	11	...........
	2601	260.2	2.60312E+000	3.97457E-001	0.00000E+000	2.60620E+000	-2.30921E-004	11	...........
	2602	260.3	2.60410E+000	3.97532E-001	0.00000E+000	2.60720E+000	-2.47357E-004	11	...........
	2603	260.4	2.60512E+000	3.97740E-001	0.00000E+000	2.60820E+000	-2.29121E-004	11	...........
	2604	260.5	2.60610E+000	3.97807E-001	0.00000E+000	2.60920E+000	-2.35155E-004	11	...........
	2605	260.6	2.60710E+000	3.97985E-001	0.00000E+000	2.61020E+000	-2.42206E-004	11	...........
	2606	260.7	2.60810E+000	3.97903E-001	0.00000E+000	2.61120E+000	-2.25820E-004	11	...........
	2607	260.8	2.60911E+000	3.97994E-001	0.00000E+000	2.61220E+000	-2.40672E-004	11	...........
	2608	260.9	2.61009E+000	3.98078E-001	0.00000E+000	2.61320E+000	-2.39106E-004	11	...........
	2609	261	2.61111E+000	3.98132E-001	0.00000E+000	2.61420E+000	-2.28371E-004	11	...........
	2610	261.1	2.61212E+000	3.98137E-001	0.00000E+000	2.61520E+000	-2.46423E-004	11	...........
	2611	261.2	2.61313E+000	3.98327E-001	0.00000E+000	2.61620E+000	-2.29987E-004	11	...........
	2612	261.3	2.61412E+000	3.98363E-001	0.00000E+000	2.61720E+000	-2.25853E-004	11	...........
	2613	261.4	2.61512E+000	3.98488E-001	0.00000E+000	2.61820E+000	-2.41856E-004	11	...........
	2614	261.5	2.61612E+000	3.98513E-001	0.00000E+000	2.61920E+000	-2.29771E-004	11	...........
	2615	261.6	2.61712E+000	3.98667E-001	0.00000E+000	2.62020E+000	-2.34955E-004	11	...........
	2616	261.7	2.61811E+000	3.98785E-001	0.00000E+000	2.62120E+000	-2.37255E-004	11	...........
	2617	261.8	2.61913E+000	3.98805E-001	0.00000E+000	2.62220E+000	-2.30171E-004	11	...........
	2618	261.9	2.62011E+000	3.98773E-001	0.00000E+000	2.62320E+000	-2.47723E-004	11	...........
	2619	262	2.62112E+000	3.98932E-001	0.00000E+000	2.62420E+000	-2.32504E-004	11	...........
	2620	262.1	2.62210E+000	3.99022E-001	0.00000E+000	2.62520E+000	-2.46057E-004	11	...........
	2621	262.2	2.62310E+000	3.99116E-001	0.00000E+000	2.62620E+000	-2.50541E-004	11	...........
	2622	262.3	2.62407E+000	3.99134E-001	0.00000E+000	2.62720E+000	-2.40272E-004	11	...........
	2623	262.4	2.62510E+000	3.99295E-001	0.00000E+000	2.62820E+000	-2.58342E-004	11	...........
	2624	262.5	2.62607E+000	3.99452E-001	0.00000E+000	2.62920E+000	-2.52724E-004	11	...........
	2625	262.6	2.62711E+000	3.99414E-001	0.00000E+000	2.63020E+000	-2.35255E-004	11	...........
	2626	262.7	2.62806E+000	3.99414E-001	0.00000E+000	2.63120E+000	-2.45240E-004	11	...........
	2627	262.8	2.62909E+000	3.99620E-001	0.00000E+000	2.63220E+000	-2.31771E-004	11	...........
	2628	262.9	2.63007E+000	3.99702E-001	0.00000E+000	2.63320E+000	-2.27787E-004	11	...........
	2629	263	2.63106E+000	3.99793E-001	0.00000E+000	2.63420E+000	-2.33638E-004	11	...........
	2630	263.1	2.63207E+000	3.99786E-001	0.00000E+000	2.63520E+000	-2.28320E-004	11	...........
	2631	263.2	2.63308E+000	3.99827E-001	0.00000E+000	2.63620E+000	-2.34355E-004	11	...........
	2632	263.3	2.63406E+000	3.99976E-001	0.00000E+000	2.63720E+000	-2.30171E-004	11	...........
	2633	263.4	2.63508E+000	4.00109E-001	0.00000E+000	2.63820E+000	-2.27870E-004	11	...........
	2634	263.5	2.63605E+000	4.00016E-001	0.00000E+000	2.63920E+000	-2.42689E-004	11	...........
	2635	263.6	2.63709E+000	4.00214E-001	0.00000E+000	2.64020E+000	-2.27304E-004	11	...........
	2636	263.7	2.63808E+000	4.00315E-001	0.00000E+000	2.64120E+000	-2.34972E-004	11	...........
	2637	263.8	2.63908E+000	4.00376E-001	0.00000E+000	2.64220E+000	-2.44490E-004	11	...........
	2638	263.9	2.64008E+000	4.00409E-001	0.00000E+000	2.64320E+000	-2.23036E-004	11	...........
	2639	264	2.64109E+000	4.00464E-001	0.00000E+000	2.64420E+000	-2.38739E-004	11	...........
	2640	264.1	2.64207E+000	4.00567E-001	0.00000E+000	2.64520E+000	-2.35355E-004	11	...........
	2641	264.2	2.64309E+000	4.00669E-001	0.00000E+000	2.64620E+000	-2.26570E-004	11	...........
	2642	264.3	2.64407E+000	4.00670E-001	0.00000E+000	2.64720E+000	-2.46973E-004	11	...........
	2643	264.4	2.64509E+000	4.00824E-001	0.00000E+000	2.64820E+000	-2.37122E-004	11	...........
	2644	264.5	2.64607E+000	4.00890E-001	0.00000E+000	2.64920E+000	-2.38172E-004	11	...........
	2645	264.6	2.64706E+000	4.00911E-001	0.00000E+000	2.65020E+000	-2.47523E-004	11	...........
	2646	264.7	2.64806E+000	4.00961E-001	0.00000E+000	2.65120E+000	-2.41539E-004	11	...........
	2647	264.8	2.64907E+000	4.01079E-001	0.00000E+000	2.65220E+000	-2.52574E-004	11	...........
	2648	264.9	2.65002E+000	4.01301E-001	0.00000E+000	2.65320E+000	-2.51191E-004	11	...........
	2649	265	2.65107E+000	4.01386E-001	0.00000E+000	2.65420E+000	-2.52991E-004	11	...........
	2650	265.1	2.65202E+000	4.01245E-001	0.00000E+000	2.65520E+000	-2.45856E-004	11	...........
	2651	265.2	2.65304E+000	4.01443E-001	0.00000E+000	2.65620E+000	-2.40022E-004	11	...........
	2652	265.3	2.65402E+000	4.01585E-001	0.00000E+000	2.65720E+000	-2.42056E-004	11	...........
	2653	265.4	2.65501E+000	4.01665E-001	0.00000E+000	2.65820E+000	-2.49407E-004	11	...........
	2654	265.5	2.65602E+000	4.01715E-001	0.00000E+000	2.65920E+000	-2.26387E-004	11	...........
	2655	265.6	2.65704E+000	4.01843E-001	0.00000E+000	2.66020E+000	-2.46923E-004	11	...........
	2656	265.7	2.65802E+000	4.01985E-001	0.00000E+000	2.66120E+000	-2.36305E-004	11	...........
	2657	265.8	2.65903E+000	4.01898E-001	0.00000E+000	2.66220E+000	-2.28304E-004	11	...........
	2658	265.9	2.66001E+000	4.02010E-001	0.00000E+000	2.66320E+000	-2.39206E-004	11	...........
	2659	266	2.66102E+000	4.02078E-001	0.00000E+000	2.66420E+000	-2.32688E-004	11	...........
	2660	266.1	2.66200E+000	4.02060E-001	0.00000E+000	2.66520E+000	-2.29037E-004	11	...........
	2661	266.2	2.66302E+000	4.02189E-001	0.00000E+000	2.66620E+000	-2.40272E-004	11	...........
	2662	266.3	2.66402E+000	4.02218E-001	0.00000E+000	2.66720E+000	-2.27654E-004	11	...........
	2663	266.4	2.66502E+000	4.02247E-001	0.00000E+000	2.66820E+000	-2.35188E-004	11	...........
	2664	266.5	2.66601E+000	4.02417E-001	0.00000E+000	2.66920E+000	-2.28504E-004	11	...........
	2665	266.6	2.66703E+000	4.02432E-001	0.00000E+000	2.67020E+000	-2.27037E-004	11	...........
	2666	266.7	2.66801E+000	4.02572E-001	0.00000E+000	2.67120E+000	-2.41639E-004	11	...........
	2667	266.8	2.66903E+000	4.02733E-001	0.00000E+000	2.67220E+000	-2.25187E-004	11	...........
	2668	266.9	2.67001E+000	4.02769E-001	0.00000E+000	2.67320E+000	-2.35205E-004	11	...........
	2669	267	2.67101E+000	4.02785E-001	0.00000E+000	2.67420E+000	-2.45590E-004	11	...........
	2670	267.1	2.67201E+000	4.02919E-001	0.00000E+000	2.67520E+000	-2.29654E-004	11	...........
	2671	267.2	2.67301E+000	4.03014E-001	0.00000E+000	2.67620E+000	-2.49724E-004	11	...........
	2672	267.3	2.67400E+000	4.03025E-001	0.00000E+000	2.67720E+000	-2.43706E-004	11	...........
	2673	267.4	2.67500E+000	4.03268E-001	0.00000E+000	2.67820E+000	-2.49407E-004	11	...........
	2674	267.5	2.67597E+000	4.03287E-001	0.00000E+000	2.67920E+000	-2.43573E-004	11	...........
	2675	267.6	2.67699E+000	4.03421E-001	0.00000E+000	2.68020E+000	-2.32538E-004	11	...........
	2676	267.7	2.67797E+000	4.03458E-001	0.00000E+000	2.68120E+000	-2.27120E-004	11	...........
	2677	267.8	2.67896E+000	4.03640E-001	0.00000E+000	2.68220E+000	-2.30354E-004	11	...........
	2678	267.9	2.67997E+000	4.03691E-001	0.00000E+000	2.68320E+000	-2.17686E-004	11	...........
	2679	268	2.68098E+000	4.03813E-001	0.00000E+000	2.68420E+000	-2.27954E-004	11	...........
	2680	268.1	2.68197E+000	4.03848E-001	0.00000E+000	2.68520E+000	-2.12952E-004	11	...........
	2681	268.2	2.68298E+000	4.03935E-001	0.00000E+000	2.68620E+000	-2.14235E-004	11	...........
	2682	268.3	2.68396E+000	4.03950E-001	0.00000E+000	2.68720E+000	-2.33338E-004	11	...........
	2683	268.4	2.68497E+000	4.04088E-001	0.00000E+000	2.68820E+000	-2.11068E-004	11	...........
	2684	268.5	2.68596E+000	4.04121E-001	0.00000E+000	2.68920E+000	-2.27037E-004	11	...........
	2685	268.6	2.68695E+000	4.04180E-001	0.00000E+000	2.69020E+000	-2.22953E-004	11	...........
	2686	268.7	2.68797E+000	4.04220E-001	0.00000E+000	2.69120E+000	-2.18469E-004	11	...........
	2687	268.8	2.68899E+000	4.04365E-001	0.00000E+000	2.69220E+000	-2.34205E-004	11	...........
	2688	268.9	2.68998E+000	4.04463E-001	0.00000E+000	2.69320E+000	-2.18936E-004	11	...........
	2689	269	2.69099E+000	4.04522E-001	0.00000E+000	2.69420E+000	-2.13918E-004	11	...........
	2690	269.1	2.69197E+000	4.04449E-001	0.00000E+000	2.69520E+000	-2.36038E-004	11	...........
	2691	269.2	2.69298E+000	4.04641E-001	0.00000E+000	2.69620E+000	-2.20336E-004	11	...........
	2692	269.3	2.69397E+000	4.04776E-001	0.00000E+000	2.69720E+000	-2.26337E-004	11	...........
	2693	269.4	2.69497E+000	4.04901E-001	0.00000E+000	2.69820E+000	-2.26554E-004	11	...........
	2694	269.5	2.69597E+000	4.04906E-001	0.00000E+000	2.69920E+000	-2.21803E-004	11	...........
	2695	269.6	2.69697E+000	4.04973E-001	0.00000E+000	2.70020E+000	-2.39822E-004	11	...........
	2696	269.7	2.69797E+000	4.05066E-001	0.00000E+000	2.70120E+000	-2.27337E-004	11	...........
	2697	269.8	2.69896E+000	4.05079E-001	0.00000E+000	2.70220E+000	-2.34088E-004	11	...........
	2698	269.9	2.69995E+000	4.05166E-001	0.00000E+000	2.70320E+000	-2.44573E-004	11	...........
	2699	270	2.70093E+000	4.05352E-001	0.00000E+000	2.70420E+000	-2.35838E-004	11	...........
	2700	270.1	2.70194E+000	4.05415E-001	0.00000E+000	2.70520E+000	-2.46940E-004	11	...........
	2701	270.2	2.70292E+000	4.05572E-001	0.00000E+000	2.70620E+000	-2.50757E-004	11	...........
	2702	270.3	2.70394E+000	4.05511E-001	0.00000E+000	2.70720E+000	-2.27037E-004	11	...........
	2703	270.4	2.70492E+000	4.05607E-001	0.00000E+000	2.70820E+000	-2.41739E-004	11	...........
	2704	270.5	2.70594E+000	4.05746E-001	0.00000E+000	2.70920E+000	-2.31554E-004	11	...........
	2705	270.6	2.70693E+000	4.05872E-001	0.00000E+000	2.71020E+000	-2.25137E-004	11	...........
	2706	270.7	2.70792E+000	4.05901E-001	0.00000E+000	2.71120E+000	-2.35122E-004	11	...........
	2707	270.8	2.70893E+000	4.06129E-001	0.00000E+000	2.71220E+000	-2.27420E-004	11	...........
	2708	270.9	2.70993E+000	4.06031E-001	0.00000E+000	2.71320E+000	-2.28804E-004	11	...........
	2709	271	2.71091E+000	4.06128E-001	0.00000E+000	2.71420E+000	-2.29304E-004	11	...........
	2710	271.1	2.71193E+000	4.06123E-001	0.00000E+000	2.71520E+000	-2.23303E-004	11	...........
	2711	271.2	2.71290E+000	4.06159E-001	0.00000E+000	2.71620E+000	-2.37872E-004	11	...........
	2712	271.3	2.71394E+000	4.06272E-001	0.00000E+000	2.71720E+000	-2.24487E-004	11	...........
	2713	271.4	2.71495E+000	4.06413E-001	0.00000E+000	2.71820E+000	-2.27304E-004	11	...........
	2714	271.5	2.71593E+000	4.06353E-001	0.00000E+000	2.71920E+000	-2.36872E-004	11	...........
	2715	271.6	2.71694E+000	4.06479E-001	0.00000E+000	2.72020E+000	-2.17752E-004	11	...........
	2716	271.7	2.71794E+000	4.06584E-001	0.00000E+000	2.72120E+000	-2.31888E-004	11	...........
	2717	271.8	2.71893E+000	4.06657E-001	0.00000E+000	2.72220E+000	-2.33688E-004	11	...........
	2718	271.9	2.71994E+000	4.06773E-001	0.00000E+000	2.72320E+000	-2.23203E-004	11	...........
	2719	272	2.72093E+000	4.06850E-001	0.00000E+000	2.72420E+000	-2.43606E-004	11	...........
	2720	272.1	2.72194E+000	4.06930E-001	0.00000E+000	2.72520E+000	-2.30688E-004	11	...........
	2721	272.2	2.72292E+000	4.06910E-001	0.00000E+000	2.72620E+000	-2.29121E-004	11	...........
	2722	272.3	2.72392E+000	4.07025E-001	0.00000E+000	2.72720E+000	-2.40289E-004	11	...........
	2723	272.4	2.72492E+000	4.07120E-001	0.00000E+000	2.72820E+000	-2.34888E-004	11	...........
	2724	272.5	2.72593E+000	4.07309E-001	0.00000E+000	2.72920E+000	-2.44740E-004	11	...........
	2725	272.6	2.72688E+000	4.07428E-001	0.00000E+000	2.73020E+000	-2.50007E-004	11	...........
	2726	272.7	2.72792E+000	4.07444E-001	0.00000E+000	2.73120E+000	-2.36988E-004	11	...........
	2727	272.8	2.72888E+000	4.07500E-001	0.00000E+000	2.73220E+000	-2.42289E-004	11	...........
	2728	272.9	2.72991E+000	4.07654E-001	0.00000E+000	2.73320E+000	-2.28387E-004	11	...........
	2729	273	2.73089E+000	4.07696E-001	0.00000E+000	2.73420E+000	-2.35522E-004	11	...........
	2730	273.1	2.73188E+000	4.07753E-001	0.00000E+000	2.73520E+000	-2.38605E-004	11	...........
	2731	273.2	2.73289E+000	4.07898E-001	0.00000E+000	2.73620E+000	-2.22670E-004	11	...........
	2732	273.3	2.73390E+000	4.08014E-001	0.00000E+000	2.73720E+000	-2.38372E-004	11	...........
	2733	273.4	2.73488E+000	4.08166E-001	0.00000E+000	2.73820E+000	-2.32488E-004	11	...........
	2734	273.5	2.73590E+000	4.08078E-001	0.00000E+000	2.73920E+000	-2.17986E-004	11	...........
	2735	273.6	2.73687E+000	4.08236E-001	0.00000E+000	2.74020E+000	-2.37155E-004	11	...........
	2736	273.7	2.73789E+000	4.08277E-001	0.00000E+000	2.74120E+000	-2.24887E-004	11	...........
	2737	273.8	2.73886E+000	4.08250E-001	0.00000E+000	2.74220E+000	-2.19036E-004	11	...........
	2738	273.9	2.73989E+000	4.08327E-001	0.00000E+000	2.74320E+000	-2.33271E-004	11	...........
	2739	274	2.74090E+000	4.08460E-001	0.00000E+000	2.74420E+000	-2.19519E-004	11	...........
	2740	274.1	2.74191E+000	4.08437E-001	0.00000E+000	2.74520E+000	-2.29704E-004	11	...........
	2741	274.2	2.74289E+000	4.08603E-001	0.00000E+000	2.74620E+000	-2.30604E-004	11	...........
	2742	274.3	2.74391E+000	4.08638E-001	0.00000E+000	2.74720E+000	-2.24637E-004	11	...........
	2743	274.4	2.74489E+000	4.08746E-001	0.00000E+000	2.74820E+000	-2.38522E-004	11	...........
	2744	274.5	2.74591E+000	4.08893E-001	0.00000E+000	2.74920E+000	-2.26370E-004	11	...........
	2745	274.6	2.74689E+000	4.08942E-001	0.00000E+000	2.75020E+000	-2.31554E-004	11	...........
	2746	274.7	2.74789E+000	4.08930E-001	0.00000E+000	2.75120E+000	-2.39356E-004	11	...........
	2747	274.8	2.74889E+000	4.09078E-001	0.00000E+000	2.75220E+000	-2.28887E-004	11	...........
	2748	274.9	2.74990E+000	4.09120E-001	0.00000E+000	2.75320E+000	-2.44490E-004	11	...........
	2749	275	2.75088E+000	4.09197E-001	0.00000E+000	2.75420E+000	-2.46090E-004	11	...........
	2750	275.1	2.75188E+000	4.09445E-001	0.00000E+000	2.75520E+000	-2.38755E-004	11	...........
	2751	275.2	2.75285E+000	4.09514E-001	0.00000E+000	2.75620E+000	-2.39956E-004	11	...........
	2752	275.3	2.75388E+000	4.09524E-001	0.00000E+000	2.75720E+000	-2.44673E-004	11	...........
	2753	275.4	2.75484E+000	4.09542E-001	0.00000E+000	2.75820E+000	-2.43006E-004	11	...........
	2754	275.5	2.75584E+000	4.09672E-001	0.00000E+000	2.75920E+000	-2.46273E-004	11	...........
	2755	275.6	2.75684E+000	4.09769E-001	0.00000E+000	2.76020E+000	-2.29537E-004	11	...........
	2756	275.7	2.75786E+000	4.09830E-001	0.00000E+000	2.76120E+000	-2.38689E-004	11	...........
	2757	275.8	2.75884E+000	4.10009E-001	0.00000E+000	2.76220E+000	-2.27454E-004	11	...........
	2758	275.9	2.75987E+000	4.10034E-001	0.00000E+000	2.76320E+000	-2.29071E-004	11	...........
	2759	276	2.76084E+000	4.10094E-001	0.00000E+000	2.76420E+000	-2.35222E-004	11	...........
	2760	276.1	2.76186E+000	4.10235E-001	0.00000E+000	2.76520E+000	-2.24937E-004	11	...........
	2761	276.2	2.76283E+000	4.10309E-001	0.00000E+000	2.76620E+000	-2.27770E-004	11	...........
	2762	276.3	2.76382E+000	4.10237E-001	0.00000E+000	2.76720E+000	-2.39322E-004	11	...........
	2763	276.4	2.76485E+000	4.10505E-001	0.00000E+000	2.76820E+000	-2.23486E-004	11	...........
	2764	276.5	2.76588E+000	4.10486E-001	0.00000E+000	2.76920E+000	-2.32905E-004	11	...........
	2765	276.6	2.76685E+000	4.10631E-001	0.00000E+000	2.77020E+000	-2.31121E-004	11	...........
	2766	276.7	2.76787E+000	4.10652E-001	0.00000E+000	2.77120E+000	-2.17202E-004	11	...........
	2767	276.8	2.76885E+000	4.10704E-001	0.00000E+000	2.77220E+000	-2.35505E-004	11	...........
	2768	276.9	2.76986E+000	4.10800E-001	0.00000E+000	2.77320E+000	-2.24353E-004	11	...........
	2769	277	2.77084E+000	4.10932E-001	0.00000E+000	2.77420E+000	-2.23370E-004	11	...........
	2770	277.1	2.77184E+000	4.10991E-001	0.00000E+000	2.77520E+000	-2.33488E-004	11	...........
	2771	277.2	2.77285E+000	4.11199E-001	0.00000E+000	2.77620E+000	-2.23103E-004	11	...........
	2772	277.3	2.77385E+000	4.11169E-001	0.00000E+000	2.77720E+000	-2.39372E-004	11	...........
	2773	277.4	2.77484E+000	4.11265E-001	0.00000E+000	2.77820E+000	-2.29554E-004	11	...........
	2774	277.5	2.77584E+000	4.11335E-001	0.00000E+000	2.77920E+000	-2.32538E-004	11	...........
	2775	277.6	2.77683E+000	4.11364E-001	0.00000E+000	2.78020E+000	-2.41172E-004	11	...........
	2776	277.7	2.77782E+000	4.11542E-001	0.00000E+000	2.78120E+000	-2.36172E-004	11	...........
	2777	277.8	2.77880E+000	4.11712E-001	0.00000E+000	2.78220E+000	-2.44440E-004	11	...........
	2778	277.9	2.77980E+000	4.11680E-001	0.00000E+000	2.78320E+000	-2.50957E-004	11	...........
	2779	278	2.78080E+000	4.11853E-001	0.00000E+000	2.78420E+000	-2.15652E-004	11	...........
	2780	278.1	2.78182E+000	4.11899E-001	0.00000E+000	2.78520E+000	-2.32671E-004	11	...........
	2781	278.2	2.78280E+000	4.11980E-001	0.00000E+000	2.78620E+000	-2.22203E-004	11	...........
	2782	278.3	2.78382E+000	4.12138E-001	0.00000E+000	2.78720E+000	-2.12335E-004	11	...........
	2783	278.4	2.78480E+000	4.12261E-001	0.00000E+000	2.78820E+000	-2.26937E-004	11	...........
	2784	278.5	2.78582E+000	4.12351E-001	0.00000E+000	2.78920E+000	-2.20336E-004	11	...........
	2785	278.6	2.78680E+000	4.12360E-001	0.00000E+000	2.79020E+000	-2.18469E-004	11	...........
	2786	278.7	2.78779E+000	4.12379E-001	0.00000E+000	2.79120E+000	-2.23853E-004	11	...........
	2787	278.8	2.78880E+000	4.12533E-001	0.00000E+000	2.79220E+000	-2.17519E-004	11	...........
	2788	278.9	2.78980E+000	4.12518E-001	0.00000E+000	2.79320E+000	-2.33421E-004	11	...........
	2789	279	2.79081E+000	4.12685E-001	0.00000E+000	2.79420E+000	-2.18486E-004	11	...........
	2790	279.1	2.79184E+000	4.12714E-001	0.00000E+000	2.79520E+000	-2.19769E-004	11	...........
	2791	279.2	2.79281E+000	4.12755E-001	0.00000E+000	2.79620E+000	-2.35605E-004	11	...........
	2792	279.3	2.79383E+000	4.12875E-001	0.00000E+000	2.79720E+000	-2.14818E-004	11	...........
	2793	279.4	2.79481E+000	4.12971E-001	0.00000E+000	2.79820E+000	-2.24253E-004	11	...........
	2794	279.5	2.79581E+000	4.12999E-001	0.00000E+000	2.79920E+000	-2.30988E-004	11	...........
	2795	279.6	2.79681E+000	4.13210E-001	0.00000E+000	2.80020E+000	-2.19386E-004	11	...........
	2796	279.7	2.79782E+000	4.13279E-001	0.00000E+000	2.80120E+000	-2.33388E-004	11	...........
	2797	279.8	2.79881E+000	4.13345E-001	0.00000E+000	2.80220E+000	-2.27820E-004	11	...........
	2798	279.9	2.79981E+000	4.13371E-001	0.00000E+000	2.80320E+000	-2.21453E-004	11	...........
	2799	280	2.80081E+000	4.13559E-001	0.00000E+000	2.80420E+000	-2.34471E-004	11	...........
	2800	280.1	2.80181E+000	4.13592E-001	0.00000E+000	2.80520E+000	-2.32938E-004	11	...........
	2801	280.2	2.80280E+000	4.13785E-001	0.00000E+000	2.80620E+000	-2.41956E-004	11	...........
	2802	280.3	2.80376E+000	4.13780E-001	0.00000E+000	2.80720E+000	-2.53791E-004	11	...........
	2803	280.4	2.80478E+000	4.13977E-001	0.00000E+000	2.80820E+000	-2.32438E-004	11	...........
	2804	280.5	2.80578E+000	4.13951E-001	0.00000E+000	2.80920E+000	-2.41406E-004	11	...........
	2805	280.6	2.80677E+000	4.14037E-001	0.00000E+000	2.81020E+000	-2.31038E-004	11	...........
	2806	280.7	2.80777E+000	4.14024E-001	0.00000E+000	2.81120E+000	-2.31738E-004	11	...........
	2807	280.8	2.80876E+000	4.14149E-001	0.00000E+000	2.81220E+000	-2.34288E-004	11	...........
	2808	280.9	2.80977E+000	4.14347E-001	0.00000E+000	2.81320E+000	-2.22203E-004	11	...........
	2809	281	2.81076E+000	4.14416E-001	0.00000E+000	2.81420E+000	-2.32621E-004	11	...........
	2810	281.1	2.81175E+000	4.14392E-001	0.00000E+000	2.81520E+000	-2.34638E-004	11	...........
	2811	281.2	2.81276E+000	4.14540E-001	0.00000E+000	2.81620E+000	-2.17952E-004	11	...........
	2812	281.3	2.81376E+000	4.14591E-001	0.00000E+000	2.81720E+000	-2.36372E-004	11	...........
	2813	281.4	2.81475E+000	4.14680E-001	0.00000E+000	2.81820E+000	-2.25303E-004	11	...........
	2814	281.5	2.81575E+000	4.14665E-001	0.00000E+000	2.81920E+000	-2.18519E-004	11	...........
	2815	281.6	2.81678E+000	4.14812E-001	0.00000E+000	2.82020E+000	-2.33588E-004	11	...........
	2816	281.7	2.81779E+000	4.14960E-001	0.00000E+000	2.82120E+000	-2.20069E-004	11	...........
	2817	281.8	2.81878E+000	4.15054E-001	0.00000E+000	2.82220E+000	-2.20036E-004	11	...........
	2818	281.9	2.81977E+000	4.15020E-001	0.00000E+000	2.82320E+000	-2.28454E-004	11	...........
	2819	282	2.82078E+000	4.15205E-001	0.00000E+000	2.82420E+000	-2.19719E-004	11	...........
	2820	282.1	2.82178E+000	4.15299E-001	0.00000E+000	2.82520E+000	-2.31221E-004	11	...........
	2821	282.2	2.82278E+000	4.15462E-001	0.00000E+000	2.82620E+000	-2.15885E-004	11	...........
	2822	282.3	2.82377E+000	4.15510E-001	0.00000E+000	2.82720E+000	-2.23703E-004	11	...........
	2823	282.4	2.82477E+000	4.15555E-001	0.00000E+000	2.82820E+000	-2.34822E-004	11	...........
	2824	282.5	2.82577E+000	4.15652E-001	0.00000E+000	2.82920E+000	-2.22253E-004	11	...........
	2825	282.6	2.82676E+000	4.15701E-001	0.00000E+000	2.83020E+000	-2.34471E-004	11	...........
	2826	282.7	2.82776E+000	4.15721E-001	0.00000E+000	2.83120E+000	-2.44706E-004	11	...........
	2827	282.8	2.82874E+000	4.15958E-001	0.00000E+000	2.83220E+000	-2.26820E-004	11	...........
	2828	282.9	2.82973E+000	4.16035E-001	0.00000E+000	2.83320E+000	-2.42689E-004	11	...........
	2829	283	2.83074E+000	4.16179E-001	0.00000E+000	2.83420E+000	-2.39706E-004	11	...........
	2830	283.1	2.83173E+000	4.16196E-001	0.00000E+000	2.83520E+000	-2.33188E-004	11	...........
	2831	283.2	2.83273E+000	4.16296E-001	0.00000E+000	2.83620E+000	-2.33971E-004	11	...........
	2832	283.3	2.83373E+000	4.16462E-001	0.00000E+000	2.83720E+000	-2.27687E-004	11	...........
	2833	283.4	2.83474E+000	4.16597E-001	0.00000E+000	2.83820E+000	-2.25920E-004	11	...........
	2834	283.5	2.83572E+000	4.16588E-001	0.00000E+000	2.83920E+000	-2.23670E-004	11	...........
	2835	283.6	2.83674E+000	4.16742E-001	0.00000E+000	2.84020E+000	-2.22153E-004	11	...........
	2836	283.7	2.83772E+000	4.16818E-001	0.00000E+000	2.84120E+000	-2.30504E-004	11	...........
	2837	283.8	2.83873E+000	4.16948E-001	0.00000E+000	2.84220E+000	-2.17452E-004	11	...........
	2838	283.9	2.83971E+000	4.16951E-001	0.00000E+000	2.84320E+000	-2.20186E-004	11	...........
	2839	284	2.84071E+000	4.16917E-001	0.00000E+000	2.84420E+000	-2.33721E-004	11	...........
	2840	284.1	2.84173E+000	4.17180E-001	0.00000E+000	2.84520E+000	-2.17786E-004	11	...........
	2841	284.2	2.84274E+000	4.17289E-001	0.00000E+000	2.84620E+000	-2.27670E-004	11	...........
	2842	284.3	2.84373E+000	4.17196E-001	0.00000E+000	2.84720E+000	-2.28504E-004	11	...........
	2843	284.4	2.84475E+000	4.17434E-001	0.00000E+000	2.84820E+000	-2.14952E-004	11	...........
	2844	284.5	2.84574E+000	4.17485E-001	0.00000E+000	2.84920E+000	-2.34188E-004	11	...........
	2845	284.6	2.84674E+000	4.17563E-001	0.00000E+000	2.85020E+000	-2.22736E-004	11	...........
	2846	284.7	2.84773E+000	4.17688E-001	0.00000E+000	2.85120E+000	-2.22186E-004	11	...........
	2847	284.8	2.84873E+000	4.17861E-001	0.00000E+000	2.85220E+000	-2.30404E-004	11	...........
	2848	284.9	2.84973E+000	4.17982E-001	0.00000E+000	2.85320E+000	-2.24037E-004	11	...........
	2849	285	2.85073E+000	4.17968E-001	0.00000E+000	2.85420E+000	-2.32538E-004	11	...........
	2850	285.1	2.85172E+000	4.18052E-001	0.00000E+000	2.85520E+000	-2.34671E-004	11	...........
	2851	285.2	2.85273E+000	4.18220E-001	0.00000E+000	2.85620E+000	-2.26320E-004	11	...........
	2852	285.3	2.85373E+000	4.18372E-001	0.00000E+000	2.85720E+000	-2.40522E-004	11	...........
	2853	285.4	2.85471E+000	4.18489E-001	0.00000E+000	2.85820E+000	-2.36722E-004	11	...........
	2854	285.5	2.85568E+000	4.18547E-001	0.00000E+000	2.85920E+000	-2.46140E-004	11	...........
	2855	285.6	2.85670E+000	4.18632E-001	0.00000E+000	2.86020E+000	-2.39022E-004	11	...........
	2856	285.7	2.85768E+000	4.18793E-001	0.00000E+000	2.86120E+000	-2.27287E-004	11	...........
	2857	285.8	2.85870E+000	4.18829E-001	0.00000E+000	2.86220E+000	-2.37589E-004	11	...........
	2858	285.9	2.85967E+000	4.18849E-001	0.00000E+000	2.86320E+000	-2.34855E-004	11	...........
	2859	286	2.86070E+000	4.19058E-001	0.00000E+000	2.86420E+000	-2.17502E-004	11	...........
	2860	286.1	2.86168E+000	4.19183E-001	0.00000E+000	2.86520E+000	-2.34805E-004	11	...........
	2861	286.2	2.86270E+000	4.19332E-001	0.00000E+000	2.86620E+000	-2.23253E-004	11	...........
	2862	286.3	2.86367E+000	4.19309E-001	0.00000E+000	2.86720E+000	-2.22853E-004	11	...........
	2863	286.4	2.86468E+000	4.19391E-001	0.00000E+000	2.86820E+000	-2.28504E-004	11	...........
	2864	286.5	2.86567E+000	4.19464E-001	0.00000E+000	2.86920E+000	-2.21620E-004	11	...........
	2865	286.6	2.86668E+000	4.19442E-001	0.00000E+000	2.87020E+000	-2.26320E-004	11	...........
	2866	286.7	2.86768E+000	4.19603E-001	0.00000E+000	2.87120E+000	-2.29587E-004	11	...........
	2867	286.8	2.86872E+000	4.19766E-001	0.00000E+000	2.87220E+000	-2.14435E-004	11	...........
	2868	286.9	2.86969E+000	4.19735E-001	0.00000E+000	2.87320E+000	-2.29037E-004	11	...........
	2869	287	2.87070E+000	4.19902E-001	0.00000E+000	2.87420E+000	-2.18952E-004	11	...........
	2870	287.1	2.87168E+000	4.20014E-001	0.00000E+000	2.87520E+000	-2.22853E-004	11	...........
	2871	287.2	2.87268E+000	4.20088E-001	0.00000E+000	2.87620E+000	-2.28054E-004	11	...........
	2872	287.3	2.87368E+000	4.20263E-001	0.00000E+000	2.87720E+000	-2.14535E-004	11	...........
	2873	287.4	2.87469E+000	4.20337E-001	0.00000E+000	2.87820E+000	-2.31504E-004	11	...........
	2874	287.5	2.87567E+000	4.20294E-001	0.00000E+000	2.87920E+000	-2.27170E-004	11	...........
	2875	287.6	2.87669E+000	4.20509E-001	0.00000E+000	2.88020E+000	-2.21486E-004	11	...........
	2876	287.7	2.87767E+000	4.20579E-001	0.00000E+000	2.88120E+000	-2.38872E-004	11	...........
	2877	287.8	2.87868E+000	4.20749E-001	0.00000E+000	2.88220E+000	-2.30671E-004	11	...........
	2878	287.9	2.87967E+000	4.20866E-001	0.00000E+000	2.88320E+000	-2.37372E-004	11	...........
	2879	288	2.88065E+000	4.21066E-001	0.00000E+000	2.88420E+000	-2.42406E-004	11	...........
	2880	288.1	2.88164E+000	4.21075E-001	0.00000E+000	2.88520E+000	-2.22203E-004	11	...........
	2881	288.2	2.88266E+000	4.21159E-001	0.00000E+000	2.88620E+000	-2.22470E-004	11	...........
	2882	288.3	2.88363E+000	4.21272E-001	0.00000E+000	2.88720E+000	-2.09584E-004	11	...........
	2883	288.4	2.88467E+000	4.21437E-001	0.00000E+000	2.88820E+000	-2.09601E-004	11	...........
	2884	288.5	2.88563E+000	4.21555E-001	0.00000E+000	2.88920E+000	-2.23186E-004	11	...........
	2885	288.6	2.88666E+000	4.21656E-001	0.00000E+000	2.89020E+000	-2.01800E-004	11	...........
	2886	288.7	2.88763E+000	4.21755E-001	0.00000E+000	2.89120E+000	-2.11468E-004	11	...........
	2887	288.8	2.88863E+000	4.21796E-001	0.00000E+000	2.89220E+000	-2.16435E-004	11	...........
	2888	288.9	2.88963E+000	4.21984E-001	0.00000E+000	2.89320E+000	-2.01016E-004	11	...........
	2889	289	2.89064E+000	4.22003E-001	0.00000E+000	2.89420E+000	-2.18902E-004	11	...........
	2890	289.1	2.89161E+000	4.21925E-001	0.00000E+000	2.89520E+000	-2.08418E-004	11	...........
	2891	289.2	2.89263E+000	4.22235E-001	0.00000E+000	2.89620E+000	-1.98083E-004	11	...........
	2892	289.3	2.89364E+000	4.22207E-001	0.00000E+000	2.89720E+000	-2.25337E-004	11	...........
	2893	289.4	2.89466E+000	4.22321E-001	0.00000E+000	2.89820E+000	-2.06317E-004	11	...........
	2894	289.5	2.89564E+000	4.22388E-001	0.00000E+000	2.89920E+000	-2.00916E-004	11	...........
	2895	289.6	2.89664E+000	4.22592E-001	0.00000E+000	2.90020E+000	-2.13935E-004	11	...........
	2896	289.7	2.89764E+000	4.22637E-001	0.00000E+000	2.90120E+000	-2.06351E-004	11	...........
	2897	289.8	2.89865E+000	4.22832E-001	0.00000E+000	2.90220E+000	-2.15502E-004	11	...........
	2898	289.9	2.89963E+000	4.22825E-001	0.00000E+000	2.90320E+000	-2.06884E-004	11	...........
	2899	290	2.90065E+000	4.23027E-001	0.00000E+000	2.90420E+000	-2.10018E-004	11	...........
	2900	290.1	2.90163E+000	4.23061E-001	0.00000E+000	2.90520E+000	-2.29254E-004	11	...........
	2901	290.2	2.90264E+000	4.23214E-001	0.00000E+000	2.90620E+000	-2.13468E-004	11	...........
	2902	290.3	2.90363E+000	4.23273E-001	0.00000E+000	2.90720E+000	-2.20636E-004	11	...........
	2903	290.4	2.90463E+000	4.23448E-001	0.00000E+000	2.90820E+000	-2.32955E-004	11	...........
	2904	290.5	2.90559E+000	4.23533E-001	0.00000E+000	2.90920E+000	-2.17536E-004	11	...........
	2905	290.6	2.90661E+000	4.23675E-001	0.00000E+000	2.91020E+000	-2.40206E-004	11	...........
	2906	290.7	2.90759E+000	4.23754E-001	0.00000E+000	2.91120E+000	-2.28204E-004	11	...........
	2907	290.8	2.90862E+000	4.23940E-001	0.00000E+000	2.91220E+000	-2.21970E-004	11	...........
	2908	290.9	2.90959E+000	4.24058E-001	0.00000E+000	2.91320E+000	-2.26470E-004	11	...........
	2909	291	2.91061E+000	4.24173E-001	0.00000E+000	2.91420E+000	-2.19686E-004	11	...........
	2910	291.1	2.91159E+000	4.24262E-001	0.00000E+000	2.91520E+000	-2.15085E-004	11	...........
	2911	291.2	2.91259E+000	4.24358E-001	0.00000E+000	2.91620E+000	-2.19086E-004	11	...........
	2912	291.3	2.91359E+000	4.24444E-001	0.00000E+000	2.91720E+000	-2.13685E-004	11	...........
	2913	291.4	2.91460E+000	4.24568E-001	0.00000E+000	2.91820E+000	-2.22953E-004	11	...........
	2914	291.5	2.91558E+000	4.24658E-001	0.00000E+000	2.91920E+000	-2.11818E-004	11	...........
	2915	291.6	2.91659E+000	4.24847E-001	0.00000E+000	2.92020E+000	-2.13918E-004	11	...........
	2916	291.7	2.91757E+000	4.24742E-001	0.00000E+000	2.92120E+000	-2.27970E-004	11	...........
	2917	291.8	2.91862E+000	4.24971E-001	0.00000E+000	2.92220E+000	-2.12985E-004	11	...........
	2918	291.9	2.91961E+000	4.25051E-001	0.00000E+000	2.92320E+000	-2.12768E-004	11	...........
	2919	292	2.92062E+000	4.25137E-001	0.00000E+000	2.92420E+000	-2.22436E-004	11	...........
	2920	292.1	2.92161E+000	4.25242E-001	0.00000E+000	2.92520E+000	-2.06034E-004	11	...........
	2921	292.2	2.92261E+000	4.25363E-001	0.00000E+000	2.92620E+000	-2.21136E-004	11	...........
	2922	292.3	2.92360E+000	4.25476E-001	0.00000E+000	2.92720E+000	-2.12768E-004	11	...........
	2923	292.4	2.92461E+000	4.25657E-001	0.00000E+000	2.92820E+000	-2.05284E-004	11	...........
	2924	292.5	2.92560E+000	4.25690E-001	0.00000E+000	2.92920E+000	-2.25837E-004	11	...........
	2925	292.6	2.92661E+000	4.25899E-001	0.00000E+000	2.93020E+000	-2.14852E-004	11	...........
	2926	292.7	2.92759E+000	4.25879E-001	0.00000E+000	2.93120E+000	-2.16919E-004	11	...........
	2927	292.8	2.92859E+000	4.25998E-001	0.00000E+000	2.93220E+000	-2.26370E-004	11	...........
	2928	292.9	2.92959E+000	4.26115E-001	0.00000E+000	2.93320E+000	-2.21920E-004	11	...........
	2929	293	2.93059E+000	4.26262E-001	0.00000E+000	2.93420E+000	-2.37222E-004	11	...........
	2930	293.1	2.93155E+000	4.26326E-001	0.00000E+000	2.93520E+000	-2.30421E-004	11	...........
	2931	293.2	2.93257E+000	4.26609E-001	0.00000E+000	2.93620E+000	-2.37305E-004	11	...........
	2932	293.3	2.93356E+000	4.26548E-001	0.00000E+000	2.93720E+000	-2.29321E-004	11	...........
	2933	293.4	2.93456E+000	4.26720E-001	0.00000E+000	2.93820E+000	-2.15502E-004	11	...........
	2934	293.5	2.93555E+000	4.26783E-001	0.00000E+000	2.93920E+000	-2.21986E-004	11	...........
	2935	293.6	2.93654E+000	4.26952E-001	0.00000E+000	2.94020E+000	-2.27354E-004	11	...........
	2936	293.7	2.93756E+000	4.27093E-001	0.00000E+000	2.94120E+000	-2.11885E-004	11	...........
	2937	293.8	2.93856E+000	4.27257E-001	0.00000E+000	2.94220E+000	-2.29821E-004	11	...........
	2938	293.9	2.93955E+000	4.27211E-001	0.00000E+000	2.94320E+000	-2.12418E-004	11	...........
	2939	294	2.94054E+000	4.27369E-001	0.00000E+000	2.94420E+000	-2.06284E-004	11	...........
	2940	294.1	2.94155E+000	4.27452E-001	0.00000E+000	2.94520E+000	-2.20303E-004	11	...........
	2941	294.2	2.94254E+000	4.27627E-001	0.00000E+000	2.94620E+000	-2.10801E-004	11	...........
	2942	294.3	2.94354E+000	4.27587E-001	0.00000E+000	2.94720E+000	-2.12401E-004	11	...........
	2943	294.4	2.94456E+000	4.27823E-001	0.00000E+000	2.94820E+000	-2.16585E-004	11	...........
	2944	294.5	2.94557E+000	4.27927E-001	0.00000E+000	2.94920E+000	-2.10018E-004	11	...........
	2945	294.6	2.94657E+000	4.28038E-001	0.00000E+000	2.95020E+000	-2.22236E-004	11	...........
	2946	294.7	2.94756E+000	4.28039E-001	0.00000E+000	2.95120E+000	-2.06584E-004	11	...........
	2947	294.8	2.94856E+000	4.28293E-001	0.00000E+000	2.95220E+000	-2.09801E-004	11	...........
	2948	294.9	2.94956E+000	4.28365E-001	0.00000E+000	2.95320E+000	-2.22086E-004	11	...........
	2949	295	2.95056E+000	4.28549E-001	0.00000E+000	2.95420E+000	-2.08934E-004	11	...........
	2950	295.1	2.95156E+000	4.28619E-001	0.00000E+000	2.95520E+000	-2.17035E-004	11	...........
	2951	295.2	2.95255E+000	4.28685E-001	0.00000E+000	2.95620E+000	-2.21403E-004	11	...........
	2952	295.3	2.95356E+000	4.28843E-001	0.00000E+000	2.95720E+000	-2.14335E-004	11	...........
	2953	295.4	2.95455E+000	4.28947E-001	0.00000E+000	2.95820E+000	-2.34371E-004	11	...........
	2954	295.5	2.95555E+000	4.29080E-001	0.00000E+000	2.95920E+000	-2.28054E-004	11	...........
	2955	295.6	2.95654E+000	4.29312E-001	0.00000E+000	2.96020E+000	-2.29554E-004	11	...........
	2956	295.7	2.95753E+000	4.29401E-001	0.00000E+000	2.96120E+000	-2.30988E-004	11	...........
	2957	295.8	2.95851E+000	4.29458E-001	0.00000E+000	2.96220E+000	-2.30421E-004	11	...........
	2958	295.9	2.95952E+000	4.29506E-001	0.00000E+000	2.96320E+000	-2.28771E-004	11	...........
	2959	296	2.96050E+000	4.29653E-001	0.00000E+000	2.96420E+000	-2.30187E-004	11	...........
	2960	296.1	2.96153E+000	4.29835E-001	0.00000E+000	2.96520E+000	-2.15319E-004	11	...........
	2961	296.2	2.96251E+000	4.29969E-001	0.00000E+000	2.96620E+000	-2.27954E-004	11	...........
	2962	296.3	2.96352E+000	4.30036E-001	0.00000E+000	2.96720E+000	-2.14985E-004	11	...........
	2963	296.4	2.96450E+000	4.30245E-001	0.00000E+000	2.96820E+000	-2.17986E-004	11	...........
	2964	296.5	2.96552E+000	4.30354E-001	0.00000E+000	2.96920E+000	-2.23786E-004	11	...........
	2965	296.6	2.96650E+000	4.30460E-001	0.00000E+000	2.97020E+000	-2.10851E-004	11	...........
	2966	296.7	2.96751E+000	4.30570E-001	0.00000E+000	2.97120E+000	-2.24553E-004	11	...........
	2967	296.8	2.96849E+000	4.30559E-001	0.00000E+000	2.97220E+000	-2.22353E-004	11	...........
	2968	296.9	2.96951E+000	4.30694E-001	0.00000E+000	2.97320E+000	-2.10951E-004	11	...........
	2969	297	2.97052E+000	4.30826E-001	0.00000E+000	2.97420E+000	-2.32938E-004	11	...........
	2970	297.1	2.97153E+000	4.30805E-001	0.00000E+000	2.97520E+000	-2.20136E-004	11	...........
	2971	297.2	2.97252E+000	4.31086E-001	0.00000E+000	2.97620E+000	-2.09184E-004	11	...........
	2972	297.3	2.97352E+000	4.31133E-001	0.00000E+000	2.97720E+000	-2.24187E-004	11	...........
	2973	297.4	2.97451E+000	4.31243E-001	0.00000E+000	2.97820E+000	-2.12185E-004	11	...........
	2974	297.5	2.97552E+000	4.31455E-001	0.00000E+000	2.97920E+000	-2.18036E-004	11	...........
	2975	297.6	2.97651E+000	4.31552E-001	0.00000E+000	2.98020E+000	-2.16369E-004	11	...........
	2976	297.7	2.97752E+000	4.31675E-001	0.00000E+000	2.98120E+000	-2.14685E-004	11	...........
	2977	297.8	2.97851E+000	4.31651E-001	0.00000E+000	2.98220E+000	-2.31104E-004	11	...........
	2978	297.9	2.97951E+000	4.31766E-001	0.00000E+000	2.98320E+000	-2.15135E-004	11	...........
	2979	298	2.98050E+000	4.31978E-001	0.00000E+000	2.98420E+000	-2.25737E-004	11	...........
	2980	298.1	2.98150E+000	4.32082E-001	0.00000E+000	2.98520E+000	-2.33188E-004	11	...........
	2981	298.2	2.98246E+000	4.32314E-001	0.00000E+000	2.98620E+000	-2.19619E-004	11	...........
	2982	298.3	2.98349E+000	4.32435E-001	0.00000E+000	2.98720E+000	-2.38405E-004	11	...........
	2983	298.4	2.98447E+000	4.32554E-001	0.00000E+000	2.98820E+000	-2.32721E-004	11	...........
	2984	298.5	2.98550E+000	4.32625E-001	0.00000E+000	2.98920E+000	-2.12151E-004	11	...........
	2985	298.6	2.98646E+000	4.32758E-001	0.00000E+000	2.99020E+000	-2.23586E-004	11	...........
	2986	298.7	2.98748E+000	4.32870E-001	0.00000E+000	2.99120E+000	-2.13852E-004	11	...........
	2987	298.8	2.98846E+000	4.33117E-001	0.00000E+000	2.99220E+000	-2.08034E-004	11	...........
	2988	298.9	2.98949E+000	4.33214E-001	0.00000E+000	2.99320E+000	-2.11118E-004	11	...........
	2989	299	2.99046E+000	4.33322E-001	0.00000E+000	2.99420E+000	-2.05184E-004	11	...........
	2990	299.1	2.99147E+000	4.33320E-001	0.00000E+000	2.99520E+000	-2.13452E-004	11	...........
	2991	299.2	2.99245E+000	4.33491E-001	0.00000E+000	2.99620E+000	-2.06717E-004	11	...........
	2992	299.3	2.99347E+000	4.33647E-001	0.00000E+000	2.99720E+000	-2.07434E-004	11	...........
	2993	299.4	2.99445E+000	4.33693E-001	0.00000E+000	2.99820E+000	-2.24187E-004	11	...........
	2994	299.5	2.99549E+000	4.33825E-001	0.00000E+000	2.99920E+000	-2.09334E-004	11	...........
	2995	299.6	2.99648E+000	4.34043E-001	0.00000E+000	3.00020E+000	-2.09101E-004	11	...........
	2996	299.7	2.99556E+000	3.78746E-001	0.00000E+000	2.99920E+000	-2.08167E-004	11	...........
	2997	299.8	2.99462E+000	3.33947E-001	0.00000E+000	2.99820E+000	-2.17436E-004	11	...........
	2998	299.9	2.99367E+000	2.94544E-001	0.00000E+000	2.99720E+000	-2.04050E-004	11	...........
	2999	300	2.99274E+000	2.58560E-001	0.00000E+000	2.99620E+000	-2.13402E-004	11	...........
	3000	300.1	2.99179E+000	2.25507E-001	0.00000E+000	2.99520E+000	-2.02383E-004	11	...........
	3001	300.2	2.99084E+000	1.95072E-001	0.00000E+000	2.99420E+000	-2.08217E-004	11	...........
	3002	300.3	2.98989E+000	1.66748E-001	0.00000E+000	2.99320E+000	-2.17219E-004	11	...........
	3003	300.4	2.98893E+000	1.40572E-001	0.00000E+000	2.99220E+000	-2.00983E-004	11	...........
	3004	300.5	2.98797E+000	1.15992E-001	0.00000E+000	2.99120E+000	-2.18302E-004	11	...........
	3005	300.6	2.98700E+000	9.32321E-002	0.00000E+000	2.99020E+000	-2.12568E-004	11	...........
	3006	300.7	2.98602E+000	7.20537E-002	0.00000E+000	2.98920E+000	-2.11235E-004	11	...........
	3007	300.8	2.98508E+000	5.22803E-002	0.00000E+000	2.98820E+000	-2.19403E-004	11	...........
	3008	300.9	2.98409E+000	3.39173E-002	0.00000E+000	2.98720E+000	-2.17152E-004	11	...........
	3009	301	2.98314E+000	1.67395E-002	0.00000E+000	2.98620E+000	-2.23653E-004	11	...........
	3010	301.1	2.98217E+000	6.40672E-004	0.00000E+000	2.98520E+000	-2.22286E-004	11	...........
	3011	301.2	2.98120E+000	-1.43949E-002	0.00000E+000	2.98420E+000	-2.19519E-004	11	...........
	3012	301.3	2.98022E+000	-2.85097E-002	0.00000E+000	2.98320E+000	-2.25870E-004	11	...........
	3013	301.4	2.97924E+000	-4.15946E-002	0.00000E+000	2.98220E+000	-2.10201E-004	11	...........
	3014	301.5	2.97827E+000	-5.38398E-002	0.00000E+000	2.98120E+000	-2.21970E-004	11	...........
	3015	301.6	2.97728E+000	-6.53854E-002	0.00000E+000	2.98020E+000	-2.16702E-004	11	...........
	3016	301.7	2.97631E+000	-7.61702E-002	0.00000E+000	2.97920E+000	-2.07384E-004	11	...........
	3017	301.8	2.97531E+000	-8.62917E-002	0.00000E+000	2.97820E+000	-2.18802E-004	11	...........
	3018	301.9	2.97435E+000	-9.57816E-002	0.00000E+000	2.97720E+000	-2.05284E-004	11	...........
	3019	302	2.97334E+000	-1.04642E-001	0.00000E+000	2.97620E+000	-2.11968E-004	11	...........
	3020	302.1	2.97236E+000	-1.13068E-001	0.00000E+000	2.97520E+000	-2.08251E-004	11	...........
	3021	302.2	2.97138E+000	-1.20795E-001	0.00000E+000	2.97420E+000	-2.03667E-004	11	...........
	3022	302.3	2.97039E+000	-1.28204E-001	0.00000E+000	2.97320E+000	-2.15702E-004	11	...........
	3023	302.4	2.96937E+000	-1.35122E-001	0.00000E+000	2.97220E+000	-2.01100E-004	11	...........
	3024	302.5	2.96839E+000	-1.41579E-001	0.00000E+000	2.97120E+000	-2.09068E-004	11	...........
	3025	302.6	2.96740E+000	-1.47602E-001	0.00000E+000	2.97020E+000	-2.22353E-004	11	...........
	3026	302.7	2.96641E+000	-1.53479E-001	0.00000E+000	2.96920E+000	-2.03350E-004	11	...........
	3027	302.8	2.96545E+000	-1.58776E-001	0.00000E+000	2.96820E+000	-2.19269E-004	11	...........
	3028	302.9	2.96443E+000	-1.64064E-001	0.00000E+000	2.96720E+000	-2.16752E-004	11	...........
	3029	303	2.96346E+000	-1.68848E-001	0.00000E+000	2.96620E+000	-2.06867E-004	11	...........
	3030	303.1	2.96245E+000	-1.73460E-001	0.00000E+000	2.96520E+000	-2.20403E-004	11	...........
	3031	303.2	2.96148E+000	-1.77786E-001	0.00000E+000	2.96420E+000	-2.16002E-004	11	...........
	3032	303.3	2.96046E+000	-1.81833E-001	0.00000E+000	2.96320E+000	-2.19186E-004	11	...........
	3033	303.4	2.95949E+000	-1.85569E-001	0.00000E+000	2.96220E+000	-2.26070E-004	11	...........
	3034	303.5	2.95848E+000	-1.89294E-001	0.00000E+000	2.96120E+000	-2.23053E-004	11	...........
	3035	303.6	2.95753E+000	-1.92704E-001	0.00000E+000	2.96020E+000	-2.24237E-004	11	...........
	3036	303.7	2.95651E+000	-1.96116E-001	0.00000E+000	2.95920E+000	-2.23170E-004	11	...........
	3037	303.8	2.95553E+000	-1.99182E-001	0.00000E+000	2.95820E+000	-2.18586E-004	11	...........
	3038	303.9	2.95453E+000	-2.02007E-001	0.00000E+000	2.95720E+000	-2.26104E-004	11	...........
	3039	304	2.95355E+000	-2.04789E-001	0.00000E+000	2.95620E+000	-2.07251E-004	11	...........
	3040	304.1	2.95255E+000	-2.07337E-001	0.00000E+000	2.95520E+000	-2.15519E-004	11	...........
	3041	304.2	2.95156E+000	-2.09814E-001	0.00000E+000	2.95420E+000	-2.16319E-004	11	...........
	3042	304.3	2.95056E+000	-2.12222E-001	0.00000E+000	2.95320E+000	-2.05767E-004	11	...........
	3043	304.4	2.94957E+000	-2.14394E-001	0.00000E+000	2.95220E+000	-2.17919E-004	11	...........
	3044	304.5	2.94857E+000	-2.16672E-001	0.00000E+000	2.95120E+000	-2.06267E-004	11	...........
	3045	304.6	2.94757E+000	-2.18640E-001	0.00000E+000	2.95020E+000	-2.06867E-004	11	...........
	3046	304.7	2.94659E+000	-2.20439E-001	0.00000E+000	2.94920E+000	-2.17819E-004	11	...........
	3047	304.8	2.94559E+000	-2.22344E-001	0.00000E+000	2.94820E+000	-2.04184E-004	11	...........
	3048	304.9	2.94458E+000	-2.24138E-001	0.00000E+000	2.94720E+000	-2.11701E-004	11	...........
	3049	305	2.94357E+000	-2.25746E-001	0.00000E+000	2.94620E+000	-2.05667E-004	11	...........
	3050	305.1	2.94257E+000	-2.27362E-001	0.00000E+000	2.94520E+000	-2.02583E-004	11	...........
	3051	305.2	2.94158E+000	-2.28856E-001	0.00000E+000	2.94420E+000	-2.15785E-004	11	...........
	3052	305.3	2.94058E+000	-2.30485E-001	0.00000E+000	2.94320E+000	-2.01700E-004	11	...........
	3053	305.4	2.93959E+000	-2.31637E-001	0.00000E+000	2.94220E+000	-2.08768E-004	11	...........
	3054	305.5	2.93859E+000	-2.33072E-001	0.00000E+000	2.94120E+000	-2.25720E-004	11	...........
	3055	305.6	2.93759E+000	-2.34325E-001	0.00000E+000	2.94020E+000	-2.01033E-004	11	...........
	3056	305.7	2.93659E+000	-2.35587E-001	0.00000E+000	2.93920E+000	-2.20453E-004	11	...........
	3057	305.8	2.93559E+000	-2.36803E-001	0.00000E+000	2.93820E+000	-2.16535E-004	11	...........
	3058	305.9	2.93460E+000	-2.37904E-001	0.00000E+000	2.93720E+000	-2.08934E-004	11	...........
	3059	306	2.93361E+000	-2.38936E-001	0.00000E+000	2.93620E+000	-2.18936E-004	11	...........
	3060	306.1	2.93262E+000	-2.40125E-001	0.00000E+000	2.93520E+000	-2.32104E-004	11	...........
	3061	306.2	2.93160E+000	-2.41043E-001	0.00000E+000	2.93420E+000	-2.24120E-004	11	...........
	3062	306.3	2.93064E+000	-2.42007E-001	0.00000E+000	2.93320E+000	-2.31188E-004	11	...........
	3063	306.4	2.92964E+000	-2.42909E-001	0.00000E+000	2.93220E+000	-2.13802E-004	11	...........
	3064	306.5	2.92865E+000	-2.43862E-001	0.00000E+000	2.93120E+000	-2.21303E-004	11	...........
	3065	306.6	2.92765E+000	-2.44556E-001	0.00000E+000	2.93020E+000	-2.11551E-004	11	...........
	3066	306.7	2.92667E+000	-2.45373E-001	0.00000E+000	2.92920E+000	-2.08951E-004	11	...........
	3067	306.8	2.92566E+000	-2.46130E-001	0.00000E+000	2.92820E+000	-2.21519E-004	11	...........
	3068	306.9	2.92467E+000	-2.47036E-001	0.00000E+000	2.92720E+000	-1.99466E-004	11	...........
	3069	307	2.92366E+000	-2.47709E-001	0.00000E+000	2.92620E+000	-2.09884E-004	11	...........
	3070	307.1	2.92267E+000	-2.48473E-001	0.00000E+000	2.92520E+000	-2.13752E-004	11	...........
	3071	307.2	2.92166E+000	-2.49209E-001	0.00000E+000	2.92420E+000	-2.00533E-004	11	...........
	3072	307.3	2.92069E+000	-2.49788E-001	0.00000E+000	2.92320E+000	-2.15852E-004	11	...........
	3073	307.4	2.91967E+000	-2.50458E-001	0.00000E+000	2.92220E+000	-2.09484E-004	11	...........
	3074	307.5	2.91868E+000	-2.51150E-001	0.00000E+000	2.92120E+000	-2.05200E-004	11	...........
	3075	307.6	2.91764E+000	-2.51635E-001	0.00000E+000	2.92020E+000	-2.18469E-004	11	...........
	3076	307.7	2.91666E+000	-2.52310E-001	0.00000E+000	2.91920E+000	-2.04717E-004	11	...........
	3077	307.8	2.91564E+000	-2.52923E-001	0.00000E+000	2.91820E+000	-2.05600E-004	11	...........
	3078	307.9	2.91467E+000	-2.53366E-001	0.00000E+000	2.91720E+000	-2.11818E-004	11	...........
	3079	308	2.91365E+000	-2.53898E-001	0.00000E+000	2.91620E+000	-2.06134E-004	11	...........
	3080	308.1	2.91266E+000	-2.54474E-001	0.00000E+000	2.91520E+000	-2.12285E-004	11	...........
	3081	308.2	2.91165E+000	-2.54971E-001	0.00000E+000	2.91420E+000	-2.08768E-004	11	...........
	3082	308.3	2.91067E+000	-2.55544E-001	0.00000E+000	2.91320E+000	-2.11635E-004	11	...........
	3083	308.4	2.90966E+000	-2.55975E-001	0.00000E+000	2.91220E+000	-2.23036E-004	11	...........
	3084	308.5	2.90868E+000	-2.56590E-001	0.00000E+000	2.91120E+000	-2.13668E-004	11	...........
	3085	308.6	2.90766E+000	-2.56919E-001	0.00000E+000	2.91020E+000	-2.28287E-004	11	...........
	3086	308.7	2.90667E+000	-2.57363E-001	0.00000E+000	2.90920E+000	-2.37189E-004	11	...........
	3087	308.8	2.90566E+000	-2.57956E-001	0.00000E+000	2.90820E+000	-2.14568E-004	11	...........
	3088	308.9	2.90470E+000	-2.58451E-001	0.00000E+000	2.90720E+000	-2.24287E-004	11	...........
	3089	309	2.90370E+000	-2.58747E-001	0.00000E+000	2.90620E+000	-2.14102E-004	11	...........
	3090	309.1	2.90271E+000	-2.59250E-001	0.00000E+000	2.90520E+000	-2.09501E-004	11	...........
	3091	309.2	2.90171E+000	-2.59468E-001	0.00000E+000	2.90420E+000	-2.23903E-004	11	...........
	3092	309.3	2.90072E+000	-2.59964E-001	0.00000E+000	2.90320E+000	-2.03600E-004	11	...........
	3093	309.4	2.89971E+000	-2.60312E-001	0.00000E+000	2.90220E+000	-2.01967E-004	11	...........
	3094	309.5	2.89872E+000	-2.60728E-001	0.00000E+000	2.90120E+000	-2.05317E-004	11	...........
	3095	309.6	2.89771E+000	-2.61114E-001	0.00000E+000	2.90020E+000	-2.00383E-004	11	...........
	3096	309.7	2.89673E+000	-2.61418E-001	0.00000E+000	2.89920E+000	-2.09484E-004	11	...........
	3097	309.8	2.89572E+000	-2.61749E-001	0.00000E+000	2.89820E+000	-1.94915E-004	11	...........
	3098	309.9	2.89474E+000	-2.62086E-001	0.00000E+000	2.89720E+000	-1.99033E-004	11	...........
	3099	310	2.89372E+000	-2.62465E-001	0.00000E+000	2.89620E+000	-2.18352E-004	11	...........
	3100	310.1	2.89271E+000	-2.62927E-001	0.00000E+000	2.89520E+000	-1.97999E-004	11	...........
	3101	310.2	2.89169E+000	-2.63108E-001	0.00000E+000	2.89420E+000	-2.01717E-004	11	...........
	3102	310.3	2.89072E+000	-2.63400E-001	0.00000E+000	2.89320E+000	-2.06667E-004	11	...........
	3103	310.4	2.88971E+000	-2.63722E-001	0.00000E+000	2.89220E+000	-1.96182E-004	11	...........
	3104	310.5	2.88872E+000	-2.64029E-001	0.00000E+000	2.89120E+000	-2.15419E-004	11	...........
	3105	310.6	2.88772E+000	-2.64362E-001	0.00000E+000	2.89020E+000	-2.04950E-004	11	...........
	3106	310.7	2.88673E+000	-2.64739E-001	0.00000E+000	2.88920E+000	-1.95232E-004	11	...........
	3107	310.8	2.88572E+000	-2.65033E-001	0.00000E+000	2.88820E+000	-2.17619E-004	11	...........
	3108	310.9	2.88474E+000	-2.65379E-001	0.00000E+000	2.88720E+000	-2.03733E-004	11	...........
	3109	311	2.88371E+000	-2.65609E-001	0.00000E+000	2.88620E+000	-2.11418E-004	11	...........
	3110	311.1	2.88274E+000	-2.65907E-001	0.00000E+000	2.88520E+000	-2.09451E-004	11	...........
	3111	311.2	2.88172E+000	-2.66147E-001	0.00000E+000	2.88420E+000	-2.14385E-004	11	...........
	3112	311.3	2.88074E+000	-2.66498E-001	0.00000E+000	2.88320E+000	-2.28154E-004	11	...........
	3113	311.4	2.87975E+000	-2.66842E-001	0.00000E+000	2.88220E+000	-2.25587E-004	11	...........
	3114	311.5	2.87876E+000	-2.67131E-001	0.00000E+000	2.88120E+000	-2.21069E-004	11	...........
	3115	311.6	2.87775E+000	-2.67327E-001	0.00000E+000	2.88020E+000	-2.29271E-004	11	...........
	3116	311.7	2.87677E+000	-2.67633E-001	0.00000E+000	2.87920E+000	-2.09651E-004	11	...........
	3117	311.8	2.87576E+000	-2.67801E-001	0.00000E+000	2.87820E+000	-2.20886E-004	11	...........
	3118	311.9	2.87477E+000	-2.68028E-001	0.00000E+000	2.87720E+000	-2.15819E-004	11	...........
	3119	312	2.87376E+000	-2.68411E-001	0.00000E+000	2.87620E+000	-2.06501E-004	11	...........
	3120	312.1	2.87277E+000	-2.68629E-001	0.00000E+000	2.87520E+000	-2.19803E-004	11	...........
	3121	312.2	2.87177E+000	-2.68884E-001	0.00000E+000	2.87420E+000	-2.10551E-004	11	...........
	3122	312.3	2.87077E+000	-2.69168E-001	0.00000E+000	2.87320E+000	-2.08701E-004	11	...........
	3123	312.4	2.86977E+000	-2.69281E-001	0.00000E+000	2.87220E+000	-2.20119E-004	11	...........
	3124	312.5	2.86878E+000	-2.69601E-001	0.00000E+000	2.87120E+000	-2.08418E-004	11	...........
	3125	312.6	2.86779E+000	-2.69734E-001	0.00000E+000	2.87020E+000	-2.21086E-004	11	...........
	3126	312.7	2.86675E+000	-2.69899E-001	0.00000E+000	2.86920E+000	-2.13635E-004	11	...........
	3127	312.8	2.86575E+000	-2.70132E-001	0.00000E+000	2.86820E+000	-2.12618E-004	11	...........
	3128	312.9	2.86476E+000	-2.70380E-001	0.00000E+000	2.86720E+000	-2.17235E-004	11	...........
	3129	313	2.86376E+000	-2.70528E-001	0.00000E+000	2.86620E+000	-2.12618E-004	11	...........
	3130	313.1	2.86277E+000	-2.70844E-001	0.00000E+000	2.86520E+000	-2.14318E-004	11	...........
	3131	313.2	2.86176E+000	-2.71001E-001	0.00000E+000	2.86420E+000	-2.30488E-004	11	...........
	3132	313.3	2.86077E+000	-2.71303E-001	0.00000E+000	2.86320E+000	-2.11101E-004	11	...........
	3133	313.4	2.85976E+000	-2.71467E-001	0.00000E+000	2.86220E+000	-2.31888E-004	11	...........
	3134	313.5	2.85877E+000	-2.71713E-001	0.00000E+000	2.86120E+000	-2.26520E-004	11	...........
	3135	313.6	2.85777E+000	-2.71915E-001	0.00000E+000	2.86020E+000	-2.21519E-004	11	...........
	3136	313.7	2.85677E+000	-2.72112E-001	0.00000E+000	2.85920E+000	-2.26820E-004	11	...........
	3137	313.8	2.85577E+000	-2.72250E-001	0.00000E+000	2.85820E+000	-2.37872E-004	11	...........
	3138	313.9	2.85478E+000	-2.72436E-001	0.00000E+000	2.85720E+000	-2.25003E-004	11	...........
	3139	314	2.85380E+000	-2.72769E-001	0.00000E+000	2.85620E+000	-2.34805E-004	11	...........
	3140	314.1	2.85281E+000	-2.72972E-001	0.00000E+000	2.85520E+000	-2.19886E-004	11	...........
	3141	314.2	2.85181E+000	-2.73057E-001	0.00000E+000	2.85420E+000	-2.24237E-004	11	...........
	3142	314.3	2.85081E+000	-2.73170E-001	0.00000E+000	2.85320E+000	-2.16185E-004	11	...........
	3143	314.4	2.84982E+000	-2.73448E-001	0.00000E+000	2.85220E+000	-2.17219E-004	11	...........
	3144	314.5	2.84882E+000	-2.73648E-001	0.00000E+000	2.85120E+000	-2.22386E-004	11	...........
	3145	314.6	2.84782E+000	-2.73723E-001	0.00000E+000	2.85020E+000	-2.05350E-004	11	...........
	3146	314.7	2.84682E+000	-2.74049E-001	0.00000E+000	2.84920E+000	-2.11568E-004	11	...........
	3147	314.8	2.84582E+000	-2.74134E-001	0.00000E+000	2.84820E+000	-2.22120E-004	11	...........
	3148	314.9	2.84482E+000	-2.74471E-001	0.00000E+000	2.84720E+000	-2.06234E-004	11	...........
	3149	315	2.84383E+000	-2.74470E-001	0.00000E+000	2.84620E+000	-2.20586E-004	11	...........
	3150	315.1	2.84282E+000	-2.74696E-001	0.00000E+000	2.84520E+000	-2.16635E-004	11	...........
	3151	315.2	2.84183E+000	-2.74866E-001	0.00000E+000	2.84420E+000	-2.07134E-004	11	...........
	3152	315.3	2.84080E+000	-2.75006E-001	0.00000E+000	2.84320E+000	-2.22303E-004	11	...........
	3153	315.4	2.83980E+000	-2.75136E-001	0.00000E+000	2.84220E+000	-2.07817E-004	11	...........
	3154	315.5	2.83880E+000	-2.75378E-001	0.00000E+000	2.84120E+000	-2.10601E-004	11	...........
	3155	315.6	2.83781E+000	-2.75435E-001	0.00000E+000	2.84020E+000	-2.20419E-004	11	...........
	3156	315.7	2.83681E+000	-2.75585E-001	0.00000E+000	2.83920E+000	-2.07234E-004	11	...........
	3157	315.8	2.83582E+000	-2.75708E-001	0.00000E+000	2.83820E+000	-2.16435E-004	11	...........
	3158	315.9	2.83481E+000	-2.75954E-001	0.00000E+000	2.83720E+000	-2.13368E-004	11	...........
	3159	316	2.83382E+000	-2.76195E-001	0.00000E+000	2.83620E+000	-2.14218E-004	11	...........
	3160	316.1	2.83281E+000	-2.76374E-001	0.00000E+000	2.83520E+000	-2.21086E-004	11	...........
	3161	316.2	2.83182E+000	-2.76420E-001	0.00000E+000	2.83420E+000	-2.17069E-004	11	...........
	3162	316.3	2.83081E+000	-2.76606E-001	0.00000E+000	2.83320E+000	-2.29121E-004	11	...........
	3163	316.4	2.82981E+000	-2.76716E-001	0.00000E+000	2.83220E+000	-2.36288E-004	11	...........
	3164	316.5	2.82881E+000	-2.77007E-001	0.00000E+000	2.83120E+000	-2.14435E-004	11	...........
	3165	316.6	2.82785E+000	-2.77008E-001	0.00000E+000	2.83020E+000	-2.32821E-004	11	...........
	3166	316.7	2.82685E+000	-2.77145E-001	0.00000E+000	2.82920E+000	-2.24220E-004	11	...........
	3167	316.8	2.82586E+000	-2.77304E-001	0.00000E+000	2.82820E+000	-2.13802E-004	11	...........
	3168	316.9	2.82486E+000	-2.77420E-001	0.00000E+000	2.82720E+000	-2.25903E-004	11	...........
	3169	317	2.82387E+000	-2.77586E-001	0.00000E+000	2.82620E+000	-2.10885E-004	11	...........
	3170	317.1	2.82286E+000	-2.77806E-001	0.00000E+000	2.82520E+000	-2.12418E-004	11	...........
	3171	317.2	2.82187E+000	-2.77845E-001	0.00000E+000	2.82420E+000	-2.18369E-004	11	...........
	3172	317.3	2.82086E+000	-2.78110E-001	0.00000E+000	2.82320E+000	-2.11801E-004	11	...........
	3173	317.4	2.81987E+000	-2.78211E-001	0.00000E+000	2.82220E+000	-2.19869E-004	11	...........
	3174	317.5	2.81886E+000	-2.78361E-001	0.00000E+000	2.82120E+000	-2.11785E-004	11	...........
	3175	317.6	2.81788E+000	-2.78440E-001	0.00000E+000	2.82020E+000	-2.11085E-004	11	...........
	3176	317.7	2.81687E+000	-2.78663E-001	0.00000E+000	2.81920E+000	-2.22386E-004	11	...........
	3177	317.8	2.81585E+000	-2.78635E-001	0.00000E+000	2.81820E+000	-2.05600E-004	11	...........
	3178	317.9	2.81484E+000	-2.78788E-001	0.00000E+000	2.81720E+000	-2.14318E-004	11	...........
	3179	318	2.81385E+000	-2.78913E-001	0.00000E+000	2.81620E+000	-2.26054E-004	11	...........
	3180	318.1	2.81285E+000	-2.79096E-001	0.00000E+000	2.81520E+000	-2.06417E-004	11	...........
	3181	318.2	2.81186E+000	-2.79099E-001	0.00000E+000	2.81420E+000	-2.24203E-004	11	...........
	3182	318.3	2.81085E+000	-2.79252E-001	0.00000E+000	2.81320E+000	-2.19436E-004	11	...........
	3183	318.4	2.80987E+000	-2.79421E-001	0.00000E+000	2.81220E+000	-2.11285E-004	11	...........
	3184	318.5	2.80885E+000	-2.79624E-001	0.00000E+000	2.81120E+000	-2.24620E-004	11	...........
	3185	318.6	2.80788E+000	-2.79661E-001	0.00000E+000	2.81020E+000	-2.18086E-004	11	...........
	3186	318.7	2.80685E+000	-2.79871E-001	0.00000E+000	2.80920E+000	-2.23303E-004	11	...........
	3187	318.8	2.80587E+000	-2.79962E-001	0.00000E+000	2.80820E+000	-2.28237E-004	11	...........
	3188	318.9	2.80486E+000	-2.80149E-001	0.00000E+000	2.80720E+000	-2.26437E-004	11	...........
	3189	319	2.80388E+000	-2.80199E-001	0.00000E+000	2.80620E+000	-2.36388E-004	11	...........
	3190	319.1	2.80289E+000	-2.80368E-001	0.00000E+000	2.80520E+000	-2.28987E-004	11	...........
	3191	319.2	2.80190E+000	-2.80560E-001	0.00000E+000	2.80420E+000	-2.22536E-004	11	...........
	3192	319.3	2.80090E+000	-2.80598E-001	0.00000E+000	2.80320E+000	-2.30137E-004	11	...........
	3193	319.4	2.79991E+000	-2.80661E-001	0.00000E+000	2.80220E+000	-2.10134E-004	11	...........
	3194	319.5	2.79890E+000	-2.80782E-001	0.00000E+000	2.80120E+000	-2.20169E-004	11	...........
	3195	319.6	2.79791E+000	-2.80810E-001	0.00000E+000	2.80020E+000	-2.20153E-004	11	...........
	3196	319.7	2.79690E+000	-2.81111E-001	0.00000E+000	2.79920E+000	-2.06617E-004	11	...........
	3197	319.8	2.79591E+000	-2.81182E-001	0.00000E+000	2.79820E+000	-2.20119E-004	11	...........
	3198	319.9	2.79491E+000	-2.81204E-001	0.00000E+000	2.79720E+000	-2.11918E-004	11	...........
	3199	320	2.79392E+000	-2.81330E-001	0.00000E+000	2.79620E+000	-2.08834E-004	11	...........
	3200	320.1	2.79291E+000	-2.81429E-001	0.00000E+000	2.79520E+000	-2.22986E-004	11	...........
	3201	320.2	2.79193E+000	-2.81564E-001	0.00000E+000	2.79420E+000	-2.07551E-004	11	...........
	3202	320.3	2.79090E+000	-2.81690E-001	0.00000E+000	2.79320E+000	-2.12035E-004	11	...........
	3203	320.4	2.78990E+000	-2.81716E-001	0.00000E+000	2.79220E+000	-2.12651E-004	11	...........
	3204	320.5	2.78889E+000	-2.81818E-001	0.00000E+000	2.79120E+000	-2.08701E-004	11	...........
	3205	320.6	2.78791E+000	-2.81869E-001	0.00000E+000	2.79020E+000	-2.17586E-004	11	...........
	3206	320.7	2.78690E+000	-2.81995E-001	0.00000E+000	2.78920E+000	-2.04817E-004	11	...........
	3207	320.8	2.78592E+000	-2.82128E-001	0.00000E+000	2.78820E+000	-2.07934E-004	11	...........
	3208	320.9	2.78490E+000	-2.82242E-001	0.00000E+000	2.78720E+000	-2.24237E-004	11	...........
	3209	321	2.78392E+000	-2.82373E-001	0.00000E+000	2.78620E+000	-2.04500E-004	11	...........
	3210	321.1	2.78290E+000	-2.82510E-001	0.00000E+000	2.78520E+000	-2.18336E-004	11	...........
	3211	321.2	2.78192E+000	-2.82556E-001	0.00000E+000	2.78420E+000	-2.21003E-004	11	...........
	3212	321.3	2.78090E+000	-2.82816E-001	0.00000E+000	2.78320E+000	-2.13952E-004	11	...........
	3213	321.4	2.77993E+000	-2.82744E-001	0.00000E+000	2.78220E+000	-2.27120E-004	11	...........
	3214	321.5	2.77891E+000	-2.82896E-001	0.00000E+000	2.78120E+000	-2.35322E-004	11	...........
	3215	321.6	2.77791E+000	-2.83054E-001	0.00000E+000	2.78020E+000	-2.26320E-004	11	...........
	3216	321.7	2.77693E+000	-2.83196E-001	0.00000E+000	2.77920E+000	-2.34505E-004	11	...........
	3217	321.8	2.77594E+000	-2.83284E-001	0.00000E+000	2.77820E+000	-2.17702E-004	11	...........
	3218	321.9	2.77494E+000	-2.83403E-001	0.00000E+000	2.77720E+000	-2.22670E-004	11	...........
	3219	322	2.77395E+000	-2.83411E-001	0.00000E+000	2.77620E+000	-2.22503E-004	11	...........
	3220	322.1	2.77295E+000	-2.83508E-001	0.00000E+000	2.77520E+000	-2.15252E-004	11	...........
	3221	322.2	2.77195E+000	-2.83652E-001	0.00000E+000	2.77420E+000	-2.19886E-004	11	...........
	3222	322.3	2.77094E+000	-2.83749E-001	0.00000E+000	2.77320E+000	-2.10885E-004	11	...........
	3223	322.4	2.76995E+000	-2.83793E-001	0.00000E+000	2.77220E+000	-2.14485E-004	11	...........
	3224	322.5	2.76894E+000	-2.84005E-001	0.00000E+000	2.77120E+000	-2.27604E-004	11	...........
	3225	322.6	2.76796E+000	-2.83931E-001	0.00000E+000	2.77020E+000	-2.08317E-004	11	...........
	3226	322.7	2.76696E+000	-2.84100E-001	0.00000E+000	2.76920E+000	-2.23753E-004	11	...........
	3227	322.8	2.76596E+000	-2.84166E-001	0.00000E+000	2.76820E+000	-2.18152E-004	11	...........
	3228	322.9	2.76495E+000	-2.84358E-001	0.00000E+000	2.76720E+000	-2.13085E-004	11	...........
	3229	323	2.76394E+000	-2.84245E-001	0.00000E+000	2.76620E+000	-2.21970E-004	11	...........
	3230	323.1	2.76293E+000	-2.84387E-001	0.00000E+000	2.76520E+000	-2.16435E-004	11	...........
	3231	323.2	2.76195E+000	-2.84467E-001	0.00000E+000	2.76420E+000	-2.12451E-004	11	...........
	3232	323.3	2.76094E+000	-2.84547E-001	0.00000E+000	2.76320E+000	-2.26404E-004	11	...........
	3233	323.4	2.75996E+000	-2.84607E-001	0.00000E+000	2.76220E+000	-2.14885E-004	11	...........
	3234	323.5	2.75894E+000	-2.84801E-001	0.00000E+000	2.76120E+000	-2.22470E-004	11	...........
	3235	323.6	2.75795E+000	-2.84845E-001	0.00000E+000	2.76020E+000	-2.21770E-004	11	...........
	3236	323.7	2.75694E+000	-2.84983E-001	0.00000E+000	2.75920E+000	-2.19386E-004	11	...........
	3237	323.8	2.75596E+000	-2.84981E-001	0.00000E+000	2.75820E+000	-2.27554E-004	11	...........
	3238	323.9	2.75495E+000	-2.85030E-001	0.00000E+000	2.75720E+000	-2.25437E-004	11	...........
	3239	324	2.75396E+000	-2.85187E-001	0.00000E+000	2.75620E+000	-2.32454E-004	11	...........
	3240	324.1	2.75295E+000	-2.85324E-001	0.00000E+000	2.75520E+000	-2.35638E-004	11	...........
	3241	324.2	2.75196E+000	-2.85449E-001	0.00000E+000	2.75420E+000	-2.20136E-004	11	...........
	3242	324.3	2.75098E+000	-2.85507E-001	0.00000E+000	2.75320E+000	-2.34938E-004	11	...........
	3243	324.4	2.74999E+000	-2.85550E-001	0.00000E+000	2.75220E+000	-2.26554E-004	11	...........
	3244	324.5	2.74899E+000	-2.85829E-001	0.00000E+000	2.75120E+000	-2.17452E-004	11	...........
	3245	324.6	2.74799E+000	-2.85663E-001	0.00000E+000	2.75020E+000	-2.24887E-004	11	...........
	3246	324.7	2.74700E+000	-2.85780E-001	0.00000E+000	2.74920E+000	-2.19036E-004	11	...........
	3247	324.8	2.74600E+000	-2.85887E-001	0.00000E+000	2.74820E+000	-2.11035E-004	11	...........
	3248	324.9	2.74499E+000	-2.85978E-001	0.00000E+000	2.74720E+000	-2.24937E-004	11	...........
	3249	325	2.74400E+000	-2.85989E-001	0.00000E+000	2.74620E+000	-2.12802E-004	11	...........
	3250	325.1	2.74300E+000	-2.86313E-001	0.00000E+000	2.74520E+000	-2.15952E-004	11	...........
	3251	325.2	2.74201E+000	-2.86061E-001	0.00000E+000	2.74420E+000	-2.14652E-004	11	...........
	3252	325.3	2.74101E+000	-2.86271E-001	0.00000E+000	2.74320E+000	-2.10201E-004	11	...........
	3253	325.4	2.74000E+000	-2.86269E-001	0.00000E+000	2.74220E+000	-2.20269E-004	11	...........
	3254	325.5	2.73897E+000	-2.86348E-001	0.00000E+000	2.74120E+000	-2.06017E-004	11	...........
	3255	325.6	2.73798E+000	-2.86436E-001	0.00000E+000	2.74020E+000	-2.12751E-004	11	...........
	3256	325.7	2.73698E+000	-2.86490E-001	0.00000E+000	2.73920E+000	-2.28320E-004	11	...........
	3257	325.8	2.73600E+000	-2.86460E-001	0.00000E+000	2.73820E+000	-2.06484E-004	11	...........
	3258	325.9	2.73499E+000	-2.86632E-001	0.00000E+000	2.73720E+000	-2.23920E-004	11	...........
	3259	326	2.73399E+000	-2.86659E-001	0.00000E+000	2.73620E+000	-2.21736E-004	11	...........
	3260	326.1	2.73300E+000	-2.86882E-001	0.00000E+000	2.73520E+000	-2.13952E-004	11	...........
	3261	326.2	2.73200E+000	-2.86879E-001	0.00000E+000	2.73420E+000	-2.25937E-004	11	...........
	3262	326.3	2.73100E+000	-2.86894E-001	0.00000E+000	2.73320E+000	-2.20053E-004	11	...........
	3263	326.4	2.73000E+000	-2.87022E-001	0.00000E+000	2.73220E+000	-2.18136E-004	11	...........
	3264	326.5	2.72900E+000	-2.87038E-001	0.00000E+000	2.73120E+000	-2.32154E-004	11	...........
	3265	326.6	2.72801E+000	-2.87102E-001	0.00000E+000	2.73020E+000	-2.21820E-004	11	...........
	3266	326.7	2.72700E+000	-2.87315E-001	0.00000E+000	2.72920E+000	-2.38555E-004	11	...........
	3267	326.8	2.72602E+000	-2.87453E-001	0.00000E+000	2.72820E+000	-2.26970E-004	11	...........
	3268	326.9	2.72503E+000	-2.87587E-001	0.00000E+000	2.72720E+000	-2.24587E-004	11	...........
	3269	327	2.72403E+000	-2.87539E-001	0.00000E+000	2.72620E+000	-2.32154E-004	11	...........
	3270	327.1	2.72303E+000	-2.87670E-001	0.00000E+000	2.72520E+000	-2.11351E-004	11	...........
	3271	327.2	2.72203E+000	-2.87670E-001	0.00000E+000	2.72420E+000	-2.19469E-004	11	...........
	3272	327.3	2.72104E+000	-2.87697E-001	0.00000E+000	2.72320E+000	-2.30104E-004	11	...........
	3273	327.4	2.72004E+000	-2.87852E-001	0.00000E+000	2.72220E+000	-2.10568E-004	11	...........
	3274	327.5	2.71904E+000	-2.87887E-001	0.00000E+000	2.72120E+000	-2.25320E-004	11	...........
	3275	327.6	2.71803E+000	-2.87887E-001	0.00000E+000	2.72020E+000	-2.16435E-004	11	...........
	3276	327.7	2.71705E+000	-2.88009E-001	0.00000E+000	2.71920E+000	-2.08684E-004	11	...........
	3277	327.8	2.71604E+000	-2.88002E-001	0.00000E+000	2.71820E+000	-2.27704E-004	11	...........
	3278	327.9	2.71506E+000	-2.88009E-001	0.00000E+000	2.71720E+000	-2.08934E-004	11	...........
	3279	328	2.71404E+000	-2.88142E-001	0.00000E+000	2.71620E+000	-2.14585E-004	11	...........
	3280	328.1	2.71302E+000	-2.88131E-001	0.00000E+000	2.71520E+000	-2.22536E-004	11	...........
	3281	328.2	2.71202E+000	-2.88125E-001	0.00000E+000	2.71420E+000	-2.12885E-004	11	...........
	3282	328.3	2.71103E+000	-2.88215E-001	0.00000E+000	2.71320E+000	-2.19369E-004	11	...........
	3283	328.4	2.71002E+000	-2.88183E-001	0.00000E+000	2.71220E+000	-2.14452E-004	11	...........
	3284	328.5	2.70903E+000	-2.88346E-001	0.00000E+000	2.71120E+000	-2.14102E-004	11	...........
	3285	328.6	2.70802E+000	-2.88402E-001	0.00000E+000	2.71020E+000	-2.21970E-004	11	...........
	3286	328.7	2.70703E+000	-2.88568E-001	0.00000E+000	2.70920E+000	-2.13935E-004	11	...........
	3287	328.8	2.70602E+000	-2.88583E-001	0.00000E+000	2.70820E+000	-2.24753E-004	11	...........
	3288	328.9	2.70503E+000	-2.88712E-001	0.00000E+000	2.70720E+000	-2.34371E-004	11	...........
	3289	329	2.70403E+000	-2.88585E-001	0.00000E+000	2.70620E+000	-2.17752E-004	11	...........
	3290	329.1	2.70305E+000	-2.88739E-001	0.00000E+000	2.70520E+000	-2.39122E-004	11	...........
	3291	329.2	2.70203E+000	-2.88814E-001	0.00000E+000	2.70420E+000	-2.37322E-004	11	...........
	3292	329.3	2.70103E+000	-2.89014E-001	0.00000E+000	2.70320E+000	-2.27687E-004	11	...........
	3293	329.4	2.70006E+000	-2.89025E-001	0.00000E+000	2.70220E+000	-2.34888E-004	11	...........
	3294	329.5	2.69907E+000	-2.89040E-001	0.00000E+000	2.70120E+000	-2.19503E-004	11	...........
	3295	329.6	2.69806E+000	-2.89074E-001	0.00000E+000	2.70020E+000	-2.19553E-004	11	...........
	3296	329.7	2.69707E+000	-2.89026E-001	0.00000E+000	2.69920E+000	-2.22520E-004	11	...........
	3297	329.8	2.69608E+000	-2.89131E-001	0.00000E+000	2.69820E+000	-2.15285E-004	11	...........
	3298	329.9	2.69508E+000	-2.89245E-001	0.00000E+000	2.69720E+000	-2.19319E-004	11	...........
	3299	330	2.69407E+000	-2.89315E-001	0.00000E+000	2.69620E+000	-2.10084E-004	11	...........
	3300	330.1	2.69308E+000	-2.89366E-001	0.00000E+000	2.69520E+000	-2.10168E-004	11	...........
	3301	330.2	2.69207E+000	-2.89454E-001	0.00000E+000	2.69420E+000	-2.28621E-004	11	...........
	3302	330.3	2.69109E+000	-2.89425E-001	0.00000E+000	2.69320E+000	-2.04717E-004	11	...........
	3303	330.4	2.69008E+000	-2.89538E-001	0.00000E+000	2.69220E+000	-2.12935E-004	11	...........
	3304	330.5	2.68909E+000	-2.89664E-001	0.00000E+000	2.69120E+000	-2.16535E-004	11	...........
	3305	330.6	2.68808E+000	-2.89620E-001	0.00000E+000	2.69020E+000	-2.08851E-004	11	...........
	3306	330.7	2.68706E+000	-2.89683E-001	0.00000E+000	2.68920E+000	-2.18019E-004	11	...........
	3307	330.8	2.68605E+000	-2.89760E-001	0.00000E+000	2.68820E+000	-2.12651E-004	11	...........
	3308	330.9	2.68507E+000	-2.89853E-001	0.00000E+000	2.68720E+000	-2.04434E-004	11	...........
	3309	331	2.68406E+000	-2.89695E-001	0.00000E+000	2.68620E+000	-2.21903E-004	11	...........
	3310	331.1	2.68308E+000	-2.89789E-001	0.00000E+000	2.68520E+000	-2.07701E-004	11	...........
	3311	331.2	2.68207E+000	-2.89848E-001	0.00000E+000	2.68420E+000	-2.04684E-004	11	...........
	3312	331.3	2.68108E+000	-2.89976E-001	0.00000E+000	2.68320E+000	-2.14368E-004	11	...........
	3313	331.4	2.68007E+000	-2.89993E-001	0.00000E+000	2.68220E+000	-2.09618E-004	11	...........
	3314	331.5	2.67909E+000	-2.90115E-001	0.00000E+000	2.68120E+000	-2.21486E-004	11	...........
	3315	331.6	2.67807E+000	-2.90082E-001	0.00000E+000	2.68020E+000	-2.14118E-004	11	...........
	3316	331.7	2.67708E+000	-2.90303E-001	0.00000E+000	2.67920E+000	-2.21703E-004	11	...........
	3317	331.8	2.67608E+000	-2.90302E-001	0.00000E+000	2.67820E+000	-2.35188E-004	11	...........
	3318	331.9	2.67510E+000	-2.90360E-001	0.00000E+000	2.67720E+000	-2.26970E-004	11	...........
	3319	332	2.67410E+000	-2.90389E-001	0.00000E+000	2.67620E+000	-2.34655E-004	11	...........
	3320	332.1	2.67310E+000	-2.90473E-001	0.00000E+000	2.67520E+000	-2.34705E-004	11	...........
	3321	332.2	2.67211E+000	-2.90390E-001	0.00000E+000	2.67420E+000	-2.16569E-004	11	...........
	3322	332.3	2.67112E+000	-2.90536E-001	0.00000E+000	2.67320E+000	-2.28904E-004	11	...........
	3323	332.4	2.67011E+000	-2.90532E-001	0.00000E+000	2.67220E+000	-2.26570E-004	11	...........
	3324	332.5	2.66912E+000	-2.90730E-001	0.00000E+000	2.67120E+000	-2.17185E-004	11	...........
	3325	332.6	2.66811E+000	-2.90655E-001	0.00000E+000	2.67020E+000	-2.31121E-004	11	...........
	3326	332.7	2.66713E+000	-2.90701E-001	0.00000E+000	2.66920E+000	-2.15585E-004	11	...........
	3327	332.8	2.66612E+000	-2.90783E-001	0.00000E+000	2.66820E+000	-2.21853E-004	11	...........
	3328	332.9	2.66513E+000	-2.90797E-001	0.00000E+000	2.66720E+000	-2.20803E-004	11	...........
	3329	333	2.66413E+000	-2.90833E-001	0.00000E+000	2.66620E+000	-2.15752E-004	11	...........
	3330	333.1	2.66314E+000	-2.91009E-001	0.00000E+000	2.66520E+000	-2.24337E-004	11	...........
	3331	333.2	2.66210E+000	-2.90929E-001	0.00000E+000	2.66420E+000	-2.14435E-004	11	...........
	3332	333.3	2.66112E+000	-2.91029E-001	0.00000E+000	2.66320E+000	-2.17336E-004	11	...........
	3333	333.4	2.66011E+000	-2.90963E-001	0.00000E+000	2.66220E+000	-2.34155E-004	11	...........
	3334	333.5	2.65913E+000	-2.91108E-001	0.00000E+000	2.66120E+000	-2.13418E-004	11	...........
	3335	333.6	2.65812E+000	-2.91137E-001	0.00000E+000	2.66020E+000	-2.28054E-004	11	...........
	3336	333.7	2.65712E+000	-2.91213E-001	0.00000E+000	2.65920E+000	-2.34021E-004	11	...........
	3337	333.8	2.65612E+000	-2.91306E-001	0.00000E+000	2.65820E+000	-2.17169E-004	11	...........
	3338	333.9	2.65513E+000	-2.91416E-001	0.00000E+000	2.65720E+000	-2.33438E-004	11	...........
	3339	334	2.65411E+000	-2.91560E-001	0.00000E+000	2.65620E+000	-2.30271E-004	11	...........
	3340	334.1	2.65313E+000	-2.91488E-001	0.00000E+000	2.65520E+000	-2.27437E-004	11	...........
	3341	334.2	2.65212E+000	-2.91421E-001	0.00000E+000	2.65420E+000	-2.38505E-004	11	...........
	3342	334.3	2.65114E+000	-2.91549E-001	0.00000E+000	2.65320E+000	-2.39372E-004	11	...........
	3343	334.4	2.65012E+000	-2.91602E-001	0.00000E+000	2.65220E+000	-2.41956E-004	11	...........
	3344	334.5	2.64915E+000	-2.91913E-001	0.00000E+000	2.65120E+000	-2.36238E-004	11	...........
	3345	334.6	2.64816E+000	-2.91653E-001	0.00000E+000	2.65020E+000	-2.32588E-004	11	...........
	3346	334.7	2.64716E+000	-2.91806E-001	0.00000E+000	2.64920E+000	-2.34438E-004	11	...........
	3347	334.8	2.64616E+000	-2.91738E-001	0.00000E+000	2.64820E+000	-2.22170E-004	11	...........
	3348	334.9	2.64517E+000	-2.91898E-001	0.00000E+000	2.64720E+000	-2.24153E-004	11	...........
	3349	335	2.64417E+000	-2.91828E-001	0.00000E+000	2.64620E+000	-2.38322E-004	11	...........
	3350	335.1	2.64317E+000	-2.91946E-001	0.00000E+000	2.64520E+000	-2.14435E-004	11	...........
	3351	335.2	2.64217E+000	-2.91974E-001	0.00000E+000	2.64420E+000	-2.30254E-004	11	...........
	3352	335.3	2.64117E+000	-2.92100E-001	0.00000E+000	2.64320E+000	-2.27387E-004	11	...........
	3353	335.4	2.64018E+000	-2.91984E-001	0.00000E+000	2.64220E+000	-2.14335E-004	11	...........
	3354	335.5	2.63918E+000	-2.92113E-001	0.00000E+000	2.64120E+000	-2.31238E-004	11	...........
	3355	335.6	2.63818E+000	-2.92051E-001	0.00000E+000	2.64020E+000	-2.20219E-004	11	...........
	3356	335.7	2.63717E+000	-2.92219E-001	0.00000E+000	2.63920E+000	-2.21319E-004	11	...........
	3357	335.8	2.63615E+000	-2.92062E-001	0.00000E+000	2.63820E+000	-2.30054E-004	11	...........
	3358	335.9	2.63516E+000	-2.92232E-001	0.00000E+000	2.63720E+000	-2.16385E-004	11	...........
	3359	336	2.63416E+000	-2.92251E-001	0.00000E+000	2.63620E+000	-2.21469E-004	11	...........
	3360	336.1	2.63317E+000	-2.92277E-001	0.00000E+000	2.63520E+000	-2.21086E-004	11	...........
	3361	336.2	2.63216E+000	-2.92337E-001	0.00000E+000	2.63420E+000	-2.20319E-004	11	...........
	3362	336.3	2.63117E+000	-2.92478E-001	0.00000E+000	2.63320E+000	-2.27237E-004	11	...........
	3363	336.4	2.63016E+000	-2.92533E-001	0.00000E+000	2.63220E+000	-2.19603E-004	11	...........
	3364	336.5	2.62916E+000	-2.92626E-001	0.00000E+000	2.63120E+000	-2.28087E-004	11	...........
	3365	336.6	2.62816E+000	-2.92572E-001	0.00000E+000	2.63020E+000	-2.37639E-004	11	...........
	3366	336.7	2.62717E+000	-2.92615E-001	0.00000E+000	2.62920E+000	-2.21686E-004	11	...........
	3367	336.8	2.62617E+000	-2.92645E-001	0.00000E+000	2.62820E+000	-2.46307E-004	11	...........
	3368	336.9	2.62516E+000	-2.92711E-001	0.00000E+000	2.62720E+000	-2.45123E-004	11	...........
	3369	337	2.62416E+000	-2.92793E-001	0.00000E+000	2.62620E+000	-2.32288E-004	11	...........
	3370	337.1	2.62319E+000	-2.92911E-001	0.00000E+000	2.62520E+000	-2.38455E-004	11	...........
	3371	337.2	2.62220E+000	-2.92920E-001	0.00000E+000	2.62420E+000	-2.31054E-004	11	...........
	3372	337.3	2.62120E+000	-2.92999E-001	0.00000E+000	2.62320E+000	-2.30021E-004	11	...........
	3373	337.4	2.62021E+000	-2.92864E-001	0.00000E+000	2.62220E+000	-2.37772E-004	11	...........
	3374	337.5	2.61921E+000	-2.92880E-001	0.00000E+000	2.62120E+000	-2.23170E-004	11	...........
	3375	337.6	2.61821E+000	-2.92929E-001	0.00000E+000	2.62020E+000	-2.25087E-004	11	...........
	3376	337.7	2.61721E+000	-2.93032E-001	0.00000E+000	2.61920E+000	-2.26254E-004	11	...........
	3377	337.8	2.61622E+000	-2.93065E-001	0.00000E+000	2.61820E+000	-2.20553E-004	11	...........
	3378	337.9	2.61522E+000	-2.93069E-001	0.00000E+000	2.61720E+000	-2.32771E-004	11	...........
	3379	338	2.61423E+000	-2.93062E-001	0.00000E+000	2.61620E+000	-2.14152E-004	11	...........
	3380	338.1	2.61322E+000	-2.93131E-001	0.00000E+000	2.61520E+000	-2.28254E-004	11	...........
	3381	338.2	2.61223E+000	-2.93161E-001	0.00000E+000	2.61420E+000	-2.37122E-004	11	...........
	3382	338.3	2.61122E+000	-2.93168E-001	0.00000E+000	2.61320E+000	-2.20203E-004	11	...........
	3383	338.4	2.61020E+000	-2.93304E-001	0.00000E+000	2.61220E+000	-2.33971E-004	11	...........
	3384	338.5	2.60919E+000	-2.93279E-001	0.00000E+000	2.61120E+000	-2.28504E-004	11	...........
	3385	338.6	2.60820E+000	-2.93253E-001	0.00000E+000	2.61020E+000	-2.19736E-004	11	...........
	3386	338.7	2.60720E+000	-2.93325E-001	0.00000E+000	2.60920E+000	-2.35472E-004	11	...........
	3387	338.8	2.60621E+000	-2.93344E-001	0.00000E+000	2.60820E+000	-2.27270E-004	11	...........
	3388	338.9	2.60520E+000	-2.93523E-001	0.00000E+000	2.60720E+000	-2.25453E-004	11	...........
	3389	339	2.60420E+000	-2.93527E-001	0.00000E+000	2.60620E+000	-2.35988E-004	11	...........
	3390	339.1	2.60321E+000	-2.93527E-001	0.00000E+000	2.60520E+000	-2.28137E-004	11	...........
	3391	339.2	2.60222E+000	-2.93618E-001	0.00000E+000	2.60420E+000	-2.39506E-004	11	...........
	3392	339.3	2.60120E+000	-2.93625E-001	0.00000E+000	2.60320E+000	-2.35972E-004	11	...........
	3393	339.4	2.60021E+000	-2.93643E-001	0.00000E+000	2.60220E+000	-2.43373E-004	11	...........
	3394	339.5	2.59922E+000	-2.93748E-001	0.00000E+000	2.60120E+000	-2.40839E-004	11	...........
	3395	339.6	2.59824E+000	-2.93811E-001	0.00000E+000	2.60020E+000	-2.40022E-004	11	...........
	3396	339.7	2.59724E+000	-2.93964E-001	0.00000E+000	2.59920E+000	-2.39339E-004	11	...........
	3397	339.8	2.59624E+000	-2.93861E-001	0.00000E+000	2.59820E+000	-2.45140E-004	11	...........
	3398	339.9	2.59525E+000	-2.93802E-001	0.00000E+000	2.59720E+000	-2.26970E-004	11	...........
	3399	340	2.59426E+000	-2.93872E-001	0.00000E+000	2.59620E+000	-2.35055E-004	11	...........
	3400	340.1	2.59325E+000	-2.94069E-001	0.00000E+000	2.59520E+000	-2.29987E-004	11	...........
	3401	340.2	2.59226E+000	-2.94041E-001	0.00000E+000	2.59420E+000	-2.19036E-004	11	...........
	3402	340.3	2.59125E+000	-2.94124E-001	0.00000E+000	2.59320E+000	-2.36305E-004	11	...........
	3403	340.4	2.59027E+000	-2.94113E-001	0.00000E+000	2.59220E+000	-2.17752E-004	11	...........
	3404	340.5	2.58925E+000	-2.94241E-001	0.00000E+000	2.59120E+000	-2.24037E-004	11	...........
	3405	340.6	2.58826E+000	-2.94092E-001	0.00000E+000	2.59020E+000	-2.25287E-004	11	...........
	3406	340.7	2.58726E+000	-2.94200E-001	0.00000E+000	2.58920E+000	-2.16619E-004	11	...........
	3407	340.8	2.58627E+000	-2.94260E-001	0.00000E+000	2.58820E+000	-2.27220E-004	11	...........
	3408	340.9	2.58523E+000	-2.94224E-001	0.00000E+000	2.58720E+000	-2.19936E-004	11	...........
	3409	341	2.58425E+000	-2.94173E-001	0.00000E+000	2.58620E+000	-2.18486E-004	11	...........
	3410	341.1	2.58324E+000	-2.94201E-001	0.00000E+000	2.58520E+000	-2.34171E-004	11	...........
	3411	341.2	2.58225E+000	-2.94270E-001	0.00000E+000	2.58420E+000	-2.09551E-004	11	...........
	3412	341.3	2.58124E+000	-2.94426E-001	0.00000E+000	2.58320E+000	-2.25387E-004	11	...........
	3413	341.4	2.58025E+000	-2.94436E-001	0.00000E+000	2.58220E+000	-2.39406E-004	11	...........
	3414	341.5	2.57924E+000	-2.94571E-001	0.00000E+000	2.58120E+000	-2.17586E-004	11	...........
	3415	341.6	2.57826E+000	-2.94533E-001	0.00000E+000	2.58020E+000	-2.37272E-004	11	...........
	3416	341.7	2.57724E+000	-2.94617E-001	0.00000E+000	2.57920E+000	-2.27904E-004	11	...........
	3417	341.8	2.57625E+000	-2.94506E-001	0.00000E+000	2.57820E+000	-2.25520E-004	11	...........
	3418	341.9	2.57525E+000	-2.94636E-001	0.00000E+000	2.57720E+000	-2.38789E-004	11	...........
	3419	342	2.57426E+000	-2.94692E-001	0.00000E+000	2.57620E+000	-2.41806E-004	11	...........
	3420	342.1	2.57324E+000	-2.94779E-001	0.00000E+000	2.57520E+000	-2.44356E-004	11	...........
	3421	342.2	2.57227E+000	-2.94788E-001	0.00000E+000	2.57420E+000	-2.46590E-004	11	...........
	3422	342.3	2.57128E+000	-2.94757E-001	0.00000E+000	2.57320E+000	-2.36205E-004	11	...........
	3423	342.4	2.57029E+000	-2.94818E-001	0.00000E+000	2.57220E+000	-2.37239E-004	11	...........
	3424	342.5	2.56928E+000	-2.94807E-001	0.00000E+000	2.57120E+000	-2.26970E-004	11	...........
	3425	342.6	2.56829E+000	-2.94868E-001	0.00000E+000	2.57020E+000	-2.27804E-004	11	...........
	3426	342.7	2.56729E+000	-2.94974E-001	0.00000E+000	2.56920E+000	-2.43990E-004	11	...........
	3427	342.8	2.56630E+000	-2.94954E-001	0.00000E+000	2.56820E+000	-2.20869E-004	11	...........
	3428	342.9	2.56529E+000	-2.95005E-001	0.00000E+000	2.56720E+000	-2.27904E-004	11	...........
	3429	343	2.56429E+000	-2.95014E-001	0.00000E+000	2.56620E+000	-2.33255E-004	11	...........
	3430	343.1	2.56330E+000	-2.94969E-001	0.00000E+000	2.56520E+000	-2.19919E-004	11	...........
	3431	343.2	2.56231E+000	-2.95054E-001	0.00000E+000	2.56420E+000	-2.33621E-004	11	...........
	3432	343.3	2.56129E+000	-2.95163E-001	0.00000E+000	2.56320E+000	-2.27170E-004	11	...........
	3433	343.4	2.56030E+000	-2.95099E-001	0.00000E+000	2.56220E+000	-2.22236E-004	11	...........
	3434	343.5	2.55927E+000	-2.95113E-001	0.00000E+000	2.56120E+000	-2.41739E-004	11	...........
	3435	343.6	2.55828E+000	-2.95155E-001	0.00000E+000	2.56020E+000	-2.24687E-004	11	...........
	3436	343.7	2.55727E+000	-2.95246E-001	0.00000E+000	2.55920E+000	-2.28120E-004	11	...........
	3437	343.8	2.55629E+000	-2.95164E-001	0.00000E+000	2.55820E+000	-2.32138E-004	11	...........
	3438	343.9	2.55528E+000	-2.95246E-001	0.00000E+000	2.55720E+000	-2.26804E-004	11	...........
	3439	344	2.55430E+000	-2.95340E-001	0.00000E+000	2.55620E+000	-2.31604E-004	11	...........
	3440	344.1	2.55328E+000	-2.95373E-001	0.00000E+000	2.55520E+000	-2.28921E-004	11	...........
	3441	344.2	2.55229E+000	-2.95361E-001	0.00000E+000	2.55420E+000	-2.34238E-004	11	...........
	3442	344.3	2.55128E+000	-2.95392E-001	0.00000E+000	2.55320E+000	-2.46340E-004	11	...........
	3443	344.4	2.55031E+000	-2.95324E-001	0.00000E+000	2.55220E+000	-2.33555E-004	11	...........
	3444	344.5	2.54929E+000	-2.95474E-001	0.00000E+000	2.55120E+000	-2.50224E-004	11	...........
	3445	344.6	2.54828E+000	-2.95476E-001	0.00000E+000	2.55020E+000	-2.56158E-004	11	...........
	3446	344.7	2.54729E+000	-2.95615E-001	0.00000E+000	2.54920E+000	-2.37489E-004	11	...........
	3447	344.8	2.54633E+000	-2.95573E-001	0.00000E+000	2.54820E+000	-2.49290E-004	11	...........
	3448	344.9	2.54533E+000	-2.95597E-001	0.00000E+000	2.54720E+000	-2.40039E-004	11	...........
	3449	345	2.54434E+000	-2.95493E-001	0.00000E+000	2.54620E+000	-2.30121E-004	11	...........
	3450	345.1	2.54333E+000	-2.95592E-001	0.00000E+000	2.54520E+000	-2.45323E-004	11	...........
	3451	345.2	2.54234E+000	-2.95620E-001	0.00000E+000	2.54420E+000	-2.25903E-004	11	...........
	3452	345.3	2.54133E+000	-2.95767E-001	0.00000E+000	2.54320E+000	-2.33405E-004	11	...........
	3453	345.4	2.54034E+000	-2.95709E-001	0.00000E+000	2.54220E+000	-2.31354E-004	11	...........
	3454	345.5	2.53934E+000	-2.95792E-001	0.00000E+000	2.54120E+000	-2.25603E-004	11	...........
	3455	345.6	2.53835E+000	-2.95805E-001	0.00000E+000	2.54020E+000	-2.36072E-004	11	...........
	3456	345.7	2.53734E+000	-2.95804E-001	0.00000E+000	2.53920E+000	-2.23036E-004	11	...........
	3457	345.8	2.53635E+000	-2.95787E-001	0.00000E+000	2.53820E+000	-2.29254E-004	11	...........
	3458	345.9	2.53534E+000	-2.95897E-001	0.00000E+000	2.53720E+000	-2.45423E-004	11	...........
	3459	346	2.53434E+000	-2.95795E-001	0.00000E+000	2.53620E+000	-2.21903E-004	11	...........
	3460	346.1	2.53332E+000	-2.95891E-001	0.00000E+000	2.53520E+000	-2.32721E-004	11	...........
	3461	346.2	2.53233E+000	-2.95750E-001	0.00000E+000	2.53420E+000	-2.32788E-004	11	...........
	3462	346.3	2.53133E+000	-2.95844E-001	0.00000E+000	2.53320E+000	-2.19286E-004	11	...........
	3463	346.4	2.53035E+000	-2.95986E-001	0.00000E+000	2.53220E+000	-2.37872E-004	11	...........
	3464	346.5	2.52932E+000	-2.95965E-001	0.00000E+000	2.53120E+000	-2.33138E-004	11	...........
	3465	346.6	2.52833E+000	-2.96067E-001	0.00000E+000	2.53020E+000	-2.23920E-004	11	...........
	3466	346.7	2.52732E+000	-2.96147E-001	0.00000E+000	2.52920E+000	-2.43173E-004	11	...........
	3467	346.8	2.52634E+000	-2.96118E-001	0.00000E+000	2.52820E+000	-2.27704E-004	11	...........
	3468	346.9	2.52533E+000	-2.96299E-001	0.00000E+000	2.52720E+000	-2.38939E-004	11	...........
	3469	347	2.52433E+000	-2.96201E-001	0.00000E+000	2.52620E+000	-2.34438E-004	11	...........
	3470	347.1	2.52333E+000	-2.96270E-001	0.00000E+000	2.52520E+000	-2.41906E-004	11	...........
	3471	347.2	2.52234E+000	-2.96380E-001	0.00000E+000	2.52420E+000	-2.51207E-004	11	...........
	3472	347.3	2.52136E+000	-2.96310E-001	0.00000E+000	2.52320E+000	-2.44873E-004	11	...........
	3473	347.4	2.52037E+000	-2.96286E-001	0.00000E+000	2.52220E+000	-2.39656E-004	11	...........
	3474	347.5	2.51937E+000	-2.96331E-001	0.00000E+000	2.52120E+000	-2.52524E-004	11	...........
	3475	347.6	2.51838E+000	-2.96280E-001	0.00000E+000	2.52020E+000	-2.28170E-004	11	...........
	3476	347.7	2.51738E+000	-2.96400E-001	0.00000E+000	2.51920E+000	-2.39472E-004	11	...........
	3477	347.8	2.51638E+000	-2.96454E-001	0.00000E+000	2.51820E+000	-2.37105E-004	11	...........
	3478	347.9	2.51538E+000	-2.96486E-001	0.00000E+000	2.51720E+000	-2.23086E-004	11	...........
	3479	348	2.51438E+000	-2.96431E-001	0.00000E+000	2.51620E+000	-2.41689E-004	11	...........
	3480	348.1	2.51339E+000	-2.96443E-001	0.00000E+000	2.51520E+000	-2.26554E-004	11	...........
	3481	348.2	2.51239E+000	-2.96412E-001	0.00000E+000	2.51420E+000	-2.25887E-004	11	...........
	3482	348.3	2.51139E+000	-2.96425E-001	0.00000E+000	2.51320E+000	-2.40006E-004	11	...........
	3483	348.4	2.51040E+000	-2.96459E-001	0.00000E+000	2.51220E+000	-2.26454E-004	11	...........
	3484	348.5	2.50939E+000	-2.96666E-001	0.00000E+000	2.51120E+000	-2.35505E-004	11	...........
	3485	348.6	2.50836E+000	-2.96431E-001	0.00000E+000	2.51020E+000	-2.30171E-004	11	...........
	3486	348.7	2.50736E+000	-2.96489E-001	0.00000E+000	2.50920E+000	-2.28437E-004	11	...........
	3487	348.8	2.50637E+000	-2.96554E-001	0.00000E+000	2.50820E+000	-2.37589E-004	11	...........
	3488	348.9	2.50536E+000	-2.96527E-001	0.00000E+000	2.50720E+000	-2.23370E-004	11	...........
	3489	349	2.50437E+000	-2.96505E-001	0.00000E+000	2.50620E+000	-2.32288E-004	11	...........
	3490	349.1	2.50337E+000	-2.96586E-001	0.00000E+000	2.50520E+000	-2.48540E-004	11	...........
	3491	349.2	2.50238E+000	-2.96656E-001	0.00000E+000	2.50420E+000	-2.25087E-004	11	...........
	3492	349.3	2.50137E+000	-2.96774E-001	0.00000E+000	2.50320E+000	-2.45690E-004	11	...........
	3493	349.4	2.50037E+000	-2.96749E-001	0.00000E+000	2.50220E+000	-2.38639E-004	11	...........
	3494	349.5	2.49937E+000	-2.96814E-001	0.00000E+000	2.50120E+000	-2.33271E-004	11	...........
	3495	349.6	2.49839E+000	-2.96800E-001	0.00000E+000	2.50020E+000	-2.48507E-004	11	...........
	3496	349.7	2.49738E+000	-2.96867E-001	0.00000E+000	2.49920E+000	-2.56891E-004	11	...........
	3497	349.8	2.49637E+000	-2.96933E-001	0.00000E+000	2.49820E+000	-2.49890E-004	11	...........
	3498	349.9	2.49540E+000	-2.96984E-001	0.00000E+000	2.49720E+000	-2.56541E-004	11	...........
	3499	350	2.49441E+000	-2.96958E-001	0.00000E+000	2.49620E+000	-2.37905E-004	11	...........
	3500	350.1	2.49341E+000	-2.96991E-001	0.00000E+000	2.49520E+000	-2.36622E-004	11	...........
	3501	350.2	2.49241E+000	-2.96906E-001	0.00000E+000	2.49420E+000	-2.33371E-004	11	...........
	3502	350.3	2.49142E+000	-2.96981E-001	0.00000E+000	2.49320E+000	-2.28421E-004	11	...........
	3503	350.4	2.49042E+000	-2.97000E-001	0.00000E+000	2.49220E+000	-2.41723E-004	11	...........
	3504	350.5	2.48942E+000	-2.97053E-001	0.00000E+000	2.49120E+000	-2.14885E-004	11	...........
	3505	350.6	2.48842E+000	-2.97026E-001	0.00000E+000	2.49020E+000	-2.29837E-004	11	...........
	3506	350.7	2.48742E+000	-2.97129E-001	0.00000E+000	2.48920E+000	-2.35188E-004	11	...........
	3507	350.8	2.48642E+000	-2.97112E-001	0.00000E+000	2.48820E+000	-2.20769E-004	11	...........
	3508	350.9	2.48543E+000	-2.97187E-001	0.00000E+000	2.48720E+000	-2.33305E-004	11	...........
	3509	351	2.48442E+000	-2.97119E-001	0.00000E+000	2.48620E+000	-2.27320E-004	11	...........
	3510	351.1	2.48342E+000	-2.97091E-001	0.00000E+000	2.48520E+000	-2.17119E-004	11	...........
	3511	351.2	2.48240E+000	-2.97072E-001	0.00000E+000	2.48420E+000	-2.39806E-004	11	...........
	3512	351.3	2.48140E+000	-2.97085E-001	0.00000E+000	2.48320E+000	-2.19853E-004	11	...........
	3513	351.4	2.48041E+000	-2.97108E-001	0.00000E+000	2.48220E+000	-2.21519E-004	11	...........
	3514	351.5	2.47941E+000	-2.97170E-001	0.00000E+000	2.48120E+000	-2.29437E-004	11	...........
	3515	351.6	2.47842E+000	-2.97167E-001	0.00000E+000	2.48020E+000	-2.24570E-004	11	...........
	3516	351.7	2.47742E+000	-2.97365E-001	0.00000E+000	2.47920E+000	-2.27320E-004	11	...........
	3517	351.8	2.47641E+000	-2.97309E-001	0.00000E+000	2.47820E+000	-2.22620E-004	11	...........
	3518	351.9	2.47541E+000	-2.97324E-001	0.00000E+000	2.47720E+000	-2.22736E-004	11	...........
	3519	352	2.47441E+000	-2.97370E-001	0.00000E+000	2.47620E+000	-2.42656E-004	11	...........
	3520	352.1	2.47343E+000	-2.97358E-001	0.00000E+000	2.47520E+000	-2.26270E-004	11	...........
	3521	352.2	2.47242E+000	-2.97278E-001	0.00000E+000	2.47420E+000	-2.43640E-004	11	...........
	3522	352.3	2.47141E+000	-2.97418E-001	0.00000E+000	2.47320E+000	-2.66060E-004	11	...........
	3523	352.4	2.47042E+000	-2.97479E-001	0.00000E+000	2.47220E+000	-2.41439E-004	11	...........
	3524	352.5	2.46944E+000	-2.97524E-001	0.00000E+000	2.47120E+000	-2.61742E-004	11	...........
	3525	352.6	2.46844E+000	-2.97511E-001	0.00000E+000	2.47020E+000	-2.51357E-004	11	...........
	3526	352.7	2.46745E+000	-2.97482E-001	0.00000E+000	2.46920E+000	-2.41139E-004	11	...........
	3527	352.8	2.46646E+000	-2.97526E-001	0.00000E+000	2.46820E+000	-2.57025E-004	11	...........
	3528	352.9	2.46547E+000	-2.97548E-001	0.00000E+000	2.46720E+000	-2.39739E-004	11	...........
	3529	353	2.46445E+000	-2.97598E-001	0.00000E+000	2.46620E+000	-2.43723E-004	11	...........
	3530	353.1	2.46345E+000	-2.97668E-001	0.00000E+000	2.46520E+000	-2.45340E-004	11	...........
	3531	353.2	2.46246E+000	-2.97652E-001	0.00000E+000	2.46420E+000	-2.39122E-004	11	...........
	3532	353.3	2.46147E+000	-2.97752E-001	0.00000E+000	2.46320E+000	-2.47907E-004	11	...........
	3533	353.4	2.46046E+000	-2.97628E-001	0.00000E+000	2.46220E+000	-2.38922E-004	11	...........
	3534	353.5	2.45947E+000	-2.97596E-001	0.00000E+000	2.46120E+000	-2.39106E-004	11	...........
	3535	353.6	2.45846E+000	-2.97698E-001	0.00000E+000	2.46020E+000	-2.56275E-004	11	...........
	3536	353.7	2.45740E+000	-2.97691E-001	0.00000E+000	2.45920E+000	-2.38789E-004	11	...........
	3537	353.8	2.45640E+000	-2.97647E-001	0.00000E+000	2.45820E+000	-2.45490E-004	11	...........
	3538	353.9	2.45541E+000	-2.97626E-001	0.00000E+000	2.45720E+000	-2.56108E-004	11	...........
	3539	354	2.45442E+000	-2.97540E-001	0.00000E+000	2.45620E+000	-2.41089E-004	11	...........
	3540	354.1	2.45343E+000	-2.97634E-001	0.00000E+000	2.45520E+000	-2.57308E-004	11	...........
	3541	354.2	2.45241E+000	-2.97642E-001	0.00000E+000	2.45420E+000	-2.52124E-004	11	...........
	3542	354.3	2.45142E+000	-2.97723E-001	0.00000E+000	2.45320E+000	-2.41723E-004	11	...........
	3543	354.4	2.45042E+000	-2.97854E-001	0.00000E+000	2.45220E+000	-2.54158E-004	11	...........
	3544	354.5	2.44942E+000	-2.97836E-001	0.00000E+000	2.45120E+000	-2.54174E-004	11	...........
	3545	354.6	2.44842E+000	-2.97754E-001	0.00000E+000	2.45020E+000	-2.52524E-004	11	...........
	3546	354.7	2.44742E+000	-2.97831E-001	0.00000E+000	2.44920E+000	-2.65126E-004	11	...........
	3547	354.8	2.44643E+000	-2.97814E-001	0.00000E+000	2.44820E+000	-2.57725E-004	11	...........
	3548	354.9	2.44545E+000	-2.97957E-001	0.00000E+000	2.44720E+000	-2.65943E-004	11	...........
	3549	355	2.44445E+000	-2.97952E-001	0.00000E+000	2.44620E+000	-2.60992E-004	11	...........
	3550	355.1	2.44346E+000	-2.97994E-001	0.00000E+000	2.44520E+000	-2.56191E-004	11	...........
	3551	355.2	2.44246E+000	-2.98001E-001	0.00000E+000	2.44420E+000	-2.60842E-004	11	...........
	3552	355.3	2.44147E+000	-2.97923E-001	0.00000E+000	2.44320E+000	-2.42823E-004	11	...........
	3553	355.4	2.44047E+000	-2.97943E-001	0.00000E+000	2.44220E+000	-2.54108E-004	11	...........
	3554	355.5	2.43947E+000	-2.98049E-001	0.00000E+000	2.44120E+000	-2.57942E-004	11	...........
	3555	355.6	2.43847E+000	-2.98040E-001	0.00000E+000	2.44020E+000	-2.45356E-004	11	...........
	3556	355.7	2.43747E+000	-2.98130E-001	0.00000E+000	2.43920E+000	-2.57192E-004	11	...........
	3557	355.8	2.43646E+000	-2.98097E-001	0.00000E+000	2.43820E+000	-2.46857E-004	11	...........
	3558	355.9	2.43548E+000	-2.98070E-001	0.00000E+000	2.43720E+000	-2.36138E-004	11	...........
	3559	356	2.43448E+000	-2.98098E-001	0.00000E+000	2.43620E+000	-2.53541E-004	11	...........
	3560	356.1	2.43349E+000	-2.98074E-001	0.00000E+000	2.43520E+000	-2.40206E-004	11	...........
	3561	356.2	2.43248E+000	-2.98078E-001	0.00000E+000	2.43420E+000	-2.49057E-004	11	...........
	3562	356.3	2.43145E+000	-2.98113E-001	0.00000E+000	2.43320E+000	-2.48690E-004	11	...........
	3563	356.4	2.43046E+000	-2.98109E-001	0.00000E+000	2.43220E+000	-2.44223E-004	11	...........
	3564	356.5	2.42947E+000	-2.98235E-001	0.00000E+000	2.43120E+000	-2.50541E-004	11	...........
	3565	356.6	2.42846E+000	-2.98072E-001	0.00000E+000	2.43020E+000	-2.42723E-004	11	...........
	3566	356.7	2.42746E+000	-2.98156E-001	0.00000E+000	2.42920E+000	-2.47373E-004	11	...........
	3567	356.8	2.42646E+000	-2.98190E-001	0.00000E+000	2.42820E+000	-2.57642E-004	11	...........
	3568	356.9	2.42547E+000	-2.98330E-001	0.00000E+000	2.42720E+000	-2.40839E-004	11	...........
	3569	357	2.42446E+000	-2.98331E-001	0.00000E+000	2.42620E+000	-2.57492E-004	11	...........
	3570	357.1	2.42345E+000	-2.98385E-001	0.00000E+000	2.42520E+000	-2.60875E-004	11	...........
	3571	357.2	2.42247E+000	-2.98285E-001	0.00000E+000	2.42420E+000	-2.47507E-004	11	...........
	3572	357.3	2.42150E+000	-2.98349E-001	0.00000E+000	2.42320E+000	-2.63209E-004	11	...........
	3573	357.4	2.42047E+000	-2.98371E-001	0.00000E+000	2.42220E+000	-2.65593E-004	11	...........
	3574	357.5	2.41946E+000	-2.98390E-001	0.00000E+000	2.42120E+000	-2.59925E-004	11	...........
	3575	357.6	2.41850E+000	-2.98293E-001	0.00000E+000	2.42020E+000	-2.65559E-004	11	...........
	3576	357.7	2.41750E+000	-2.98350E-001	0.00000E+000	2.41920E+000	-2.51274E-004	11	...........
	3577	357.8	2.41651E+000	-2.98328E-001	0.00000E+000	2.41820E+000	-2.55091E-004	11	...........
	3578	357.9	2.41551E+000	-2.98330E-001	0.00000E+000	2.41720E+000	-2.55658E-004	11	...........
	3579	358	2.41451E+000	-2.98306E-001	0.00000E+000	2.41620E+000	-2.48757E-004	11	...........
	3580	358.1	2.41352E+000	-2.98434E-001	0.00000E+000	2.41520E+000	-2.53824E-004	11	...........
	3581	358.2	2.41251E+000	-2.98432E-001	0.00000E+000	2.41420E+000	-2.48474E-004	11	...........
	3582	358.3	2.41151E+000	-2.98477E-001	0.00000E+000	2.41320E+000	-2.48390E-004	11	...........
	3583	358.4	2.41052E+000	-2.98444E-001	0.00000E+000	2.41220E+000	-2.62992E-004	11	...........
	3584	358.5	2.40953E+000	-2.98385E-001	0.00000E+000	2.41120E+000	-2.38172E-004	11	...........
	3585	358.6	2.40852E+000	-2.98392E-001	0.00000E+000	2.41020E+000	-2.55891E-004	11	...........
	3586	358.7	2.40752E+000	-2.98464E-001	0.00000E+000	2.40920E+000	-2.54358E-004	11	...........
	3587	358.8	2.40652E+000	-2.98376E-001	0.00000E+000	2.40820E+000	-2.49307E-004	11	...........
	3588	358.9	2.40551E+000	-2.98419E-001	0.00000E+000	2.40720E+000	-2.58608E-004	11	...........
	3589	359	2.40449E+000	-2.98421E-001	0.00000E+000	2.40620E+000	-2.52341E-004	11	...........
	3590	359.1	2.40350E+000	-2.98350E-001	0.00000E+000	2.40520E+000	-2.44906E-004	11	...........
	3591	359.2	2.40250E+000	-2.98422E-001	0.00000E+000	2.40420E+000	-2.62159E-004	11	...........
	3592	359.3	2.40151E+000	-2.98476E-001	0.00000E+000	2.40320E+000	-2.49857E-004	11	...........
	3593	359.4	2.40050E+000	-2.98510E-001	0.00000E+000	2.40220E+000	-2.52991E-004	11	...........
	3594	359.5	2.39949E+000	-2.98590E-001	0.00000E+000	2.40120E+000	-2.56958E-004	11	...........
	3595	359.6	2.39850E+000	-2.98557E-001	0.00000E+000	2.40020E+000	-2.55541E-004	11	...........
	3596	359.7	2.39753E+000	-2.98661E-001	0.00000E+000	2.39920E+000	-2.59725E-004	11	...........
	3597	359.8	2.39651E+000	-2.98524E-001	0.00000E+000	2.39820E+000	-2.64059E-004	11	...........
	3598	359.9	2.39550E+000	-2.98587E-001	0.00000E+000	2.39720E+000	-2.69093E-004	11	...........
	3599	360	2.39453E+000	-2.98627E-001	0.00000E+000	2.39620E+000	-2.65593E-004	11	...........
	3600	360.1	2.39352E+000	-2.98739E-001	0.00000E+000	2.39520E+000	-2.54358E-004	11	...........
	3601	360.2	2.39254E+000	-2.98674E-001	0.00000E+000	2.39420E+000	-2.63676E-004	11	...........
	3602	360.3	2.39154E+000	-2.98725E-001	0.00000E+000	2.39320E+000	-2.62159E-004	11	...........
	3603	360.4	2.39055E+000	-2.98693E-001	0.00000E+000	2.39220E+000	-2.51491E-004	11	...........
	3604	360.5	2.38955E+000	-2.98831E-001	0.00000E+000	2.39120E+000	-2.61226E-004	11	...........
	3605	360.6	2.38854E+000	-2.98738E-001	0.00000E+000	2.39020E+000	-2.51607E-004	11	...........
	3606	360.7	2.38755E+000	-2.98777E-001	0.00000E+000	2.38920E+000	-2.45656E-004	11	...........
	3607	360.8	2.38655E+000	-2.98726E-001	0.00000E+000	2.38820E+000	-2.60609E-004	11	...........
	3608	360.9	2.38555E+000	-2.98731E-001	0.00000E+000	2.38720E+000	-2.44890E-004	11	...........
	3609	361	2.38456E+000	-2.98697E-001	0.00000E+000	2.38620E+000	-2.52958E-004	11	...........
	3610	361.1	2.38355E+000	-2.98808E-001	0.00000E+000	2.38520E+000	-2.45223E-004	11	...........
	3611	361.2	2.38256E+000	-2.98748E-001	0.00000E+000	2.38420E+000	-2.44556E-004	11	...........
	3612	361.3	2.38156E+000	-2.98893E-001	0.00000E+000	2.38320E+000	-2.54825E-004	11	...........
	3613	361.4	2.38052E+000	-2.98784E-001	0.00000E+000	2.38220E+000	-2.43339E-004	11	...........
	3614	361.5	2.37953E+000	-2.98830E-001	0.00000E+000	2.38120E+000	-2.44406E-004	11	...........
	3615	361.6	2.37853E+000	-2.98886E-001	0.00000E+000	2.38020E+000	-2.61826E-004	11	...........
	3616	361.7	2.37754E+000	-2.98808E-001	0.00000E+000	2.37920E+000	-2.40039E-004	11	...........
	3617	361.8	2.37654E+000	-2.98769E-001	0.00000E+000	2.37820E+000	-2.57525E-004	11	...........
	3618	361.9	2.37553E+000	-2.98832E-001	0.00000E+000	2.37720E+000	-2.57208E-004	11	...........
	3619	362	2.37454E+000	-2.98816E-001	0.00000E+000	2.37620E+000	-2.42373E-004	11	...........
	3620	362.1	2.37356E+000	-2.98889E-001	0.00000E+000	2.37520E+000	-2.59292E-004	11	...........
	3621	362.2	2.37254E+000	-2.98846E-001	0.00000E+000	2.37420E+000	-2.53974E-004	11	...........
	3622	362.3	2.37154E+000	-2.98792E-001	0.00000E+000	2.37320E+000	-2.53508E-004	11	...........
	3623	362.4	2.37055E+000	-2.98882E-001	0.00000E+000	2.37220E+000	-2.64176E-004	11	...........
	3624	362.5	2.36955E+000	-2.98938E-001	0.00000E+000	2.37120E+000	-2.62242E-004	11	...........
	3625	362.6	2.36855E+000	-2.98954E-001	0.00000E+000	2.37020E+000	-2.73277E-004	11	...........
	3626	362.7	2.36756E+000	-2.99164E-001	0.00000E+000	2.36920E+000	-2.64909E-004	11	...........
	3627	362.8	2.36658E+000	-2.98946E-001	0.00000E+000	2.36820E+000	-2.60742E-004	11	...........
	3628	362.9	2.36558E+000	-2.99074E-001	0.00000E+000	2.36720E+000	-2.64593E-004	11	...........
	3629	363	2.36458E+000	-2.98898E-001	0.00000E+000	2.36620E+000	-2.55108E-004	11	...........
	3630	363.1	2.36358E+000	-2.98856E-001	0.00000E+000	2.36520E+000	-2.57458E-004	11	...........
	3631	363.2	2.36258E+000	-2.98954E-001	0.00000E+000	2.36420E+000	-2.70127E-004	11	...........
	3632	363.3	2.36159E+000	-2.99034E-001	0.00000E+000	2.36320E+000	-2.47090E-004	11	...........
	3633	363.4	2.36059E+000	-2.99005E-001	0.00000E+000	2.36220E+000	-2.61826E-004	11	...........
	3634	363.5	2.35958E+000	-2.99017E-001	0.00000E+000	2.36120E+000	-2.55591E-004	11	...........
	3635	363.6	2.35859E+000	-2.98976E-001	0.00000E+000	2.36020E+000	-2.47457E-004	11	...........
	3636	363.7	2.35760E+000	-2.99073E-001	0.00000E+000	2.35920E+000	-2.60292E-004	11	...........
	3637	363.8	2.35659E+000	-2.99006E-001	0.00000E+000	2.35820E+000	-2.51274E-004	11	...........
	3638	363.9	2.35559E+000	-2.98943E-001	0.00000E+000	2.35720E+000	-2.55475E-004	11	...........
	3639	364	2.35457E+000	-2.98951E-001	0.00000E+000	2.35620E+000	-2.62459E-004	11	...........
	3640	364.1	2.35357E+000	-2.98970E-001	0.00000E+000	2.35520E+000	-2.50957E-004	11	...........
	3641	364.2	2.35258E+000	-2.98947E-001	0.00000E+000	2.35420E+000	-2.59859E-004	11	...........
	3642	364.3	2.35158E+000	-2.98929E-001	0.00000E+000	2.35320E+000	-2.56108E-004	11	...........
	3643	364.4	2.35058E+000	-2.98906E-001	0.00000E+000	2.35220E+000	-2.56308E-004	11	...........
	3644	364.5	2.34959E+000	-2.99092E-001	0.00000E+000	2.35120E+000	-2.58825E-004	11	...........
	3645	364.6	2.34857E+000	-2.99088E-001	0.00000E+000	2.35020E+000	-2.53741E-004	11	...........
	3646	364.7	2.34757E+000	-2.99086E-001	0.00000E+000	2.34920E+000	-2.58925E-004	11	...........
	3647	364.8	2.34658E+000	-2.99116E-001	0.00000E+000	2.34820E+000	-2.73561E-004	11	...........
	3648	364.9	2.34559E+000	-2.99003E-001	0.00000E+000	2.34720E+000	-2.57325E-004	11	...........
	3649	365	2.34461E+000	-2.99031E-001	0.00000E+000	2.34620E+000	-2.77928E-004	11	...........
	3650	365.1	2.34359E+000	-2.99114E-001	0.00000E+000	2.34520E+000	-2.73644E-004	11	...........
	3651	365.2	2.34258E+000	-2.99106E-001	0.00000E+000	2.34420E+000	-2.64709E-004	11	...........
	3652	365.3	2.34162E+000	-2.99187E-001	0.00000E+000	2.34320E+000	-2.70060E-004	11	...........
	3653	365.4	2.34062E+000	-2.99151E-001	0.00000E+000	2.34220E+000	-2.63426E-004	11	...........
	3654	365.5	2.33962E+000	-2.99050E-001	0.00000E+000	2.34120E+000	-2.63576E-004	11	...........
	3655	365.6	2.33863E+000	-2.99054E-001	0.00000E+000	2.34020E+000	-2.64409E-004	11	...........
	3656	365.7	2.33763E+000	-2.99124E-001	0.00000E+000	2.33920E+000	-2.52841E-004	11	...........
	3657	365.8	2.33664E+000	-2.99093E-001	0.00000E+000	2.33820E+000	-2.62476E-004	11	...........
	3658	365.9	2.33563E+000	-2.99076E-001	0.00000E+000	2.33720E+000	-2.53408E-004	11	...........
	3659	366	2.33464E+000	-2.99040E-001	0.00000E+000	2.33620E+000	-2.52141E-004	11	...........
	3660	366.1	2.33363E+000	-2.99188E-001	0.00000E+000	2.33520E+000	-2.64809E-004	11	...........
	3661	366.2	2.33264E+000	-2.99020E-001	0.00000E+000	2.33420E+000	-2.44956E-004	11	...........
	3662	366.3	2.33164E+000	-2.99059E-001	0.00000E+000	2.33320E+000	-2.59142E-004	11	...........
	3663	366.4	2.33064E+000	-2.99129E-001	0.00000E+000	2.33220E+000	-2.61309E-004	11	...........
	3664	366.5	2.32963E+000	-2.99046E-001	0.00000E+000	2.33120E+000	-2.49424E-004	11	...........
	3665	366.6	2.32862E+000	-2.99087E-001	0.00000E+000	2.33020E+000	-2.62709E-004	11	...........
	3666	366.7	2.32761E+000	-2.99170E-001	0.00000E+000	2.32920E+000	-2.58092E-004	11	...........
	3667	366.8	2.32662E+000	-2.99048E-001	0.00000E+000	2.32820E+000	-2.48424E-004	11	...........
	3668	366.9	2.32563E+000	-2.99119E-001	0.00000E+000	2.32720E+000	-2.64093E-004	11	...........
	3669	367	2.32463E+000	-2.99143E-001	0.00000E+000	2.32620E+000	-2.55441E-004	11	...........
	3670	367.1	2.32362E+000	-2.99245E-001	0.00000E+000	2.32520E+000	-2.56408E-004	11	...........
	3671	367.2	2.32261E+000	-2.99232E-001	0.00000E+000	2.32420E+000	-2.61626E-004	11	...........
	3672	367.3	2.32162E+000	-2.99274E-001	0.00000E+000	2.32320E+000	-2.57692E-004	11	...........
	3673	367.4	2.32065E+000	-2.99156E-001	0.00000E+000	2.32220E+000	-2.64693E-004	11	...........
	3674	367.5	2.31962E+000	-2.99213E-001	0.00000E+000	2.32120E+000	-2.60042E-004	11	...........
	3675	367.6	2.31862E+000	-2.99181E-001	0.00000E+000	2.32020E+000	-2.67526E-004	11	...........
	3676	367.7	2.31764E+000	-2.99331E-001	0.00000E+000	2.31920E+000	-2.71394E-004	11	...........
	3677	367.8	2.31665E+000	-2.99182E-001	0.00000E+000	2.31820E+000	-2.66660E-004	11	...........
	3678	367.9	2.31566E+000	-2.99143E-001	0.00000E+000	2.31720E+000	-2.70210E-004	11	...........
	3679	368	2.31466E+000	-2.99220E-001	0.00000E+000	2.31620E+000	-2.72444E-004	11	...........
	3680	368.1	2.31367E+000	-2.99132E-001	0.00000E+000	2.31520E+000	-2.55708E-004	11	...........
	3681	368.2	2.31268E+000	-2.99098E-001	0.00000E+000	2.31420E+000	-2.66343E-004	11	...........
	3682	368.3	2.31167E+000	-2.99163E-001	0.00000E+000	2.31320E+000	-2.59242E-004	11	...........
	3683	368.4	2.31068E+000	-2.99169E-001	0.00000E+000	2.31220E+000	-2.48874E-004	11	...........
	3684	368.5	2.30968E+000	-2.99221E-001	0.00000E+000	2.31120E+000	-2.68027E-004	11	...........
	3685	368.6	2.30868E+000	-2.99150E-001	0.00000E+000	2.31020E+000	-2.48690E-004	11	...........
	3686	368.7	2.30768E+000	-2.99114E-001	0.00000E+000	2.30920E+000	-2.54725E-004	11	...........
	3687	368.8	2.30668E+000	-2.99183E-001	0.00000E+000	2.30820E+000	-2.56391E-004	11	...........
	3688	368.9	2.30569E+000	-2.99194E-001	0.00000E+000	2.30720E+000	-2.50807E-004	11	...........
	3689	369	2.30470E+000	-2.99079E-001	0.00000E+000	2.30620E+000	-2.60142E-004	11	...........
	3690	369.1	2.30364E+000	-2.99109E-001	0.00000E+000	2.30520E+000	-2.54108E-004	11	...........
	3691	369.2	2.30265E+000	-2.99146E-001	0.00000E+000	2.30420E+000	-2.53224E-004	11	...........
	3692	369.3	2.30166E+000	-2.99239E-001	0.00000E+000	2.30320E+000	-2.66493E-004	11	...........
	3693	369.4	2.30066E+000	-2.99082E-001	0.00000E+000	2.30220E+000	-2.45623E-004	11	...........
	3694	369.5	2.29966E+000	-2.99127E-001	0.00000E+000	2.30120E+000	-2.61359E-004	11	...........
	3695	369.6	2.29866E+000	-2.99194E-001	0.00000E+000	2.30020E+000	-2.67443E-004	11	...........
	3696	369.7	2.29766E+000	-2.99306E-001	0.00000E+000	2.29920E+000	-2.50257E-004	11	...........
	3697	369.8	2.29669E+000	-2.99244E-001	0.00000E+000	2.29820E+000	-2.66076E-004	11	...........
	3698	369.9	2.29566E+000	-2.99314E-001	0.00000E+000	2.29720E+000	-2.63576E-004	11	...........
	3699	370	2.29466E+000	-2.99225E-001	0.00000E+000	2.29620E+000	-2.60342E-004	11	...........
	3700	370.1	2.29367E+000	-2.99278E-001	0.00000E+000	2.29520E+000	-2.73044E-004	11	...........
	3701	370.2	2.29268E+000	-2.99213E-001	0.00000E+000	2.29420E+000	-2.74027E-004	11	...........
	3702	370.3	2.29167E+000	-2.99330E-001	0.00000E+000	2.29320E+000	-2.71610E-004	11	...........
	3703	370.4	2.29069E+000	-2.99362E-001	0.00000E+000	2.29220E+000	-2.68310E-004	11	...........
	3704	370.5	2.28970E+000	-2.99340E-001	0.00000E+000	2.29120E+000	-2.61309E-004	11	...........
	3705	370.6	2.28871E+000	-2.99189E-001	0.00000E+000	2.29020E+000	-2.63092E-004	11	...........
	3706	370.7	2.28770E+000	-2.99235E-001	0.00000E+000	2.28920E+000	-2.55291E-004	11	...........
	3707	370.8	2.28671E+000	-2.99254E-001	0.00000E+000	2.28820E+000	-2.53808E-004	11	...........
	3708	370.9	2.28571E+000	-2.99364E-001	0.00000E+000	2.28720E+000	-2.70760E-004	11	...........
	3709	371	2.28471E+000	-2.99325E-001	0.00000E+000	2.28620E+000	-2.41006E-004	11	...........
	3710	371.1	2.28370E+000	-2.99239E-001	0.00000E+000	2.28520E+000	-2.56842E-004	11	...........
	3711	371.2	2.28271E+000	-2.99267E-001	0.00000E+000	2.28420E+000	-2.54374E-004	11	...........
	3712	371.3	2.28171E+000	-2.99270E-001	0.00000E+000	2.28320E+000	-2.42139E-004	11	...........
	3713	371.4	2.28074E+000	-2.99223E-001	0.00000E+000	2.28220E+000	-2.57142E-004	11	...........
	3714	371.5	2.27971E+000	-2.99304E-001	0.00000E+000	2.28120E+000	-2.49224E-004	11	...........
	3715	371.6	2.27871E+000	-2.99139E-001	0.00000E+000	2.28020E+000	-2.43906E-004	11	...........
	3716	371.7	2.27769E+000	-2.99263E-001	0.00000E+000	2.27920E+000	-2.63409E-004	11	...........
	3717	371.8	2.27670E+000	-2.99200E-001	0.00000E+000	2.27820E+000	-2.43973E-004	11	...........
	3718	371.9	2.27569E+000	-2.99191E-001	0.00000E+000	2.27720E+000	-2.49640E-004	11	...........
	3719	372	2.27469E+000	-2.99207E-001	0.00000E+000	2.27620E+000	-2.48457E-004	11	...........
	3720	372.1	2.27370E+000	-2.99198E-001	0.00000E+000	2.27520E+000	-2.46340E-004	11	...........
	3721	372.2	2.27273E+000	-2.99236E-001	0.00000E+000	2.27420E+000	-2.50474E-004	11	...........
	3722	372.3	2.27169E+000	-2.99274E-001	0.00000E+000	2.27320E+000	-2.45573E-004	11	...........
	3723	372.4	2.27070E+000	-2.99216E-001	0.00000E+000	2.27220E+000	-2.47640E-004	11	...........
	3724	372.5	2.26970E+000	-2.99348E-001	0.00000E+000	2.27120E+000	-2.66760E-004	11	...........
	3725	372.6	2.26871E+000	-2.99257E-001	0.00000E+000	2.27020E+000	-2.47840E-004	11	...........
	3726	372.7	2.26771E+000	-2.99319E-001	0.00000E+000	2.26920E+000	-2.70110E-004	11	...........
	3727	372.8	2.26669E+000	-2.99305E-001	0.00000E+000	2.26820E+000	-2.76511E-004	11	...........
	3728	372.9	2.26570E+000	-2.99348E-001	0.00000E+000	2.26720E+000	-2.65476E-004	11	...........
	3729	373	2.26473E+000	-2.99323E-001	0.00000E+000	2.26620E+000	-2.74678E-004	11	...........
	3730	373.1	2.26373E+000	-2.99317E-001	0.00000E+000	2.26520E+000	-2.68960E-004	11	...........
	3731	373.2	2.26274E+000	-2.99199E-001	0.00000E+000	2.26420E+000	-2.59225E-004	11	...........
	3732	373.3	2.26175E+000	-2.99287E-001	0.00000E+000	2.26320E+000	-2.72177E-004	11	...........
	3733	373.4	2.26075E+000	-2.99244E-001	0.00000E+000	2.26220E+000	-2.56191E-004	11	...........
	3734	373.5	2.25975E+000	-2.99232E-001	0.00000E+000	2.26120E+000	-2.62259E-004	11	...........
	3735	373.6	2.25874E+000	-2.99260E-001	0.00000E+000	2.26020E+000	-2.59559E-004	11	...........
	3736	373.7	2.25775E+000	-2.99280E-001	0.00000E+000	2.25920E+000	-2.58525E-004	11	...........
	3737	373.8	2.25676E+000	-2.99158E-001	0.00000E+000	2.25820E+000	-2.68477E-004	11	...........
	3738	373.9	2.25575E+000	-2.99163E-001	0.00000E+000	2.25720E+000	-2.54358E-004	11	...........
	3739	374	2.25475E+000	-2.99190E-001	0.00000E+000	2.25620E+000	-2.58075E-004	11	...........
	3740	374.1	2.25375E+000	-2.99380E-001	0.00000E+000	2.25520E+000	-2.73711E-004	11	...........
	3741	374.2	2.25274E+000	-2.99229E-001	0.00000E+000	2.25420E+000	-2.54908E-004	11	...........
	3742	374.3	2.25174E+000	-2.99165E-001	0.00000E+000	2.25320E+000	-2.68860E-004	11	...........
	3743	374.4	2.25073E+000	-2.99200E-001	0.00000E+000	2.25220E+000	-2.65293E-004	11	...........
	3744	374.5	2.24974E+000	-2.99127E-001	0.00000E+000	2.25120E+000	-2.57775E-004	11	...........
	3745	374.6	2.24876E+000	-2.99051E-001	0.00000E+000	2.25020E+000	-2.68593E-004	11	...........
	3746	374.7	2.24775E+000	-2.99168E-001	0.00000E+000	2.24920E+000	-2.64593E-004	11	...........
	3747	374.8	2.24674E+000	-2.99193E-001	0.00000E+000	2.24820E+000	-2.57375E-004	11	...........
	3748	374.9	2.24575E+000	-2.99321E-001	0.00000E+000	2.24720E+000	-2.71444E-004	11	...........
	3749	375	2.24476E+000	-2.99148E-001	0.00000E+000	2.24620E+000	-2.64859E-004	11	...........
	3750	375.1	2.24377E+000	-2.99109E-001	0.00000E+000	2.24520E+000	-2.72794E-004	11	...........
	3751	375.2	2.24275E+000	-2.99170E-001	0.00000E+000	2.24420E+000	-2.69593E-004	11	...........
	3752	375.3	2.24176E+000	-2.99140E-001	0.00000E+000	2.24320E+000	-2.75028E-004	11	...........
	3753	375.4	2.24077E+000	-2.99336E-001	0.00000E+000	2.24220E+000	-2.73694E-004	11	...........
	3754	375.5	2.23978E+000	-2.99263E-001	0.00000E+000	2.24120E+000	-2.73411E-004	11	...........
	3755	375.6	2.23879E+000	-2.99205E-001	0.00000E+000	2.24020E+000	-2.70494E-004	11	...........
	3756	375.7	2.23779E+000	-2.99308E-001	0.00000E+000	2.23920E+000	-2.80278E-004	11	...........
	3757	375.8	2.23680E+000	-2.99100E-001	0.00000E+000	2.23820E+000	-2.62026E-004	11	...........
	3758	375.9	2.23580E+000	-2.99102E-001	0.00000E+000	2.23720E+000	-2.73627E-004	11	...........
	3759	376	2.23480E+000	-2.99145E-001	0.00000E+000	2.23620E+000	-2.66060E-004	11	...........
	3760	376.1	2.23380E+000	-2.99184E-001	0.00000E+000	2.23520E+000	-2.56158E-004	11	...........
	3761	376.2	2.23280E+000	-2.99195E-001	0.00000E+000	2.23420E+000	-2.72661E-004	11	...........
	3762	376.3	2.23180E+000	-2.99195E-001	0.00000E+000	2.23320E+000	-2.57442E-004	11	...........
	3763	376.4	2.23080E+000	-2.99133E-001	0.00000E+000	2.23220E+000	-2.60242E-004	11	...........
	3764	376.5	2.22980E+000	-2.99218E-001	0.00000E+000	2.23120E+000	-2.66093E-004	11	...........
	3765	376.6	2.22881E+000	-2.99213E-001	0.00000E+000	2.23020E+000	-2.56058E-004	11	...........
	3766	376.7	2.22781E+000	-2.99095E-001	0.00000E+000	2.22920E+000	-2.66076E-004	11	...........
	3767	376.8	2.22677E+000	-2.99047E-001	0.00000E+000	2.22820E+000	-2.60059E-004	11	...........
	3768	376.9	2.22578E+000	-2.99102E-001	0.00000E+000	2.22720E+000	-2.56842E-004	11	...........
	3769	377	2.22479E+000	-2.99029E-001	0.00000E+000	2.22620E+000	-2.67010E-004	11	...........
	3770	377.1	2.22378E+000	-2.99031E-001	0.00000E+000	2.22520E+000	-2.56141E-004	11	...........
	3771	377.2	2.22279E+000	-2.99000E-001	0.00000E+000	2.22420E+000	-2.61342E-004	11	...........
	3772	377.3	2.22178E+000	-2.99285E-001	0.00000E+000	2.22320E+000	-2.76378E-004	11	...........
	3773	377.4	2.22079E+000	-2.99206E-001	0.00000E+000	2.22220E+000	-2.53941E-004	11	...........
	3774	377.5	2.21980E+000	-2.99131E-001	0.00000E+000	2.22120E+000	-2.73894E-004	11	...........
	3775	377.6	2.21878E+000	-2.99151E-001	0.00000E+000	2.22020E+000	-2.68393E-004	11	...........
	3776	377.7	2.21779E+000	-2.99184E-001	0.00000E+000	2.21920E+000	-2.63626E-004	11	...........
	3777	377.8	2.21681E+000	-2.99019E-001	0.00000E+000	2.21820E+000	-2.77645E-004	11	...........
	3778	377.9	2.21580E+000	-2.99190E-001	0.00000E+000	2.21720E+000	-2.79795E-004	11	...........
	3779	378	2.21478E+000	-2.99093E-001	0.00000E+000	2.21620E+000	-2.74461E-004	11	...........
	3780	378.1	2.21382E+000	-2.99095E-001	0.00000E+000	2.21520E+000	-2.81395E-004	11	...........
	3781	378.2	2.21283E+000	-2.99060E-001	0.00000E+000	2.21420E+000	-2.68460E-004	11	...........
	3782	378.3	2.21183E+000	-2.99027E-001	0.00000E+000	2.21320E+000	-2.73261E-004	11	...........
	3783	378.4	2.21083E+000	-2.98970E-001	0.00000E+000	2.21220E+000	-2.68227E-004	11	...........
	3784	378.5	2.20984E+000	-2.98914E-001	0.00000E+000	2.21120E+000	-2.59925E-004	11	...........
	3785	378.6	2.20884E+000	-2.99022E-001	0.00000E+000	2.21020E+000	-2.73261E-004	11	...........
	3786	378.7	2.20784E+000	-2.98985E-001	0.00000E+000	2.20920E+000	-2.55441E-004	11	...........
	3787	378.8	2.20684E+000	-2.98950E-001	0.00000E+000	2.20820E+000	-2.64493E-004	11	...........
	3788	378.9	2.20584E+000	-2.99105E-001	0.00000E+000	2.20720E+000	-2.71327E-004	11	...........
	3789	379	2.20485E+000	-2.98944E-001	0.00000E+000	2.20620E+000	-2.58875E-004	11	...........
	3790	379.1	2.20386E+000	-2.98982E-001	0.00000E+000	2.20520E+000	-2.70027E-004	11	...........
	3791	379.2	2.20285E+000	-2.98987E-001	0.00000E+000	2.20420E+000	-2.66843E-004	11	...........
	3792	379.3	2.20184E+000	-2.98906E-001	0.00000E+000	2.20320E+000	-2.58525E-004	11	...........
	3793	379.4	2.20083E+000	-2.98852E-001	0.00000E+000	2.20220E+000	-2.74944E-004	11	...........
	3794	379.5	2.19982E+000	-2.98883E-001	0.00000E+000	2.20120E+000	-2.63509E-004	11	...........
	3795	379.6	2.19882E+000	-2.98774E-001	0.00000E+000	2.20020E+000	-2.66676E-004	11	...........
	3796	379.7	2.19782E+000	-2.98875E-001	0.00000E+000	2.19920E+000	-2.67977E-004	11	...........
	3797	379.8	2.19683E+000	-2.98886E-001	0.00000E+000	2.19820E+000	-2.63042E-004	11	...........
	3798	379.9	2.19585E+000	-2.98941E-001	0.00000E+000	2.19720E+000	-2.67660E-004	11	...........
	3799	380	2.19482E+000	-2.99020E-001	0.00000E+000	2.19620E+000	-2.65293E-004	11	...........
	3800	380.1	2.19382E+000	-2.99002E-001	0.00000E+000	2.19520E+000	-2.66543E-004	11	...........
	3801	380.2	2.19285E+000	-2.98863E-001	0.00000E+000	2.19420E+000	-2.77511E-004	11	...........
	3802	380.3	2.19183E+000	-2.98958E-001	0.00000E+000	2.19320E+000	-2.70294E-004	11	...........
	3803	380.4	2.19083E+000	-2.98980E-001	0.00000E+000	2.19220E+000	-2.78245E-004	11	...........
	3804	380.5	2.18984E+000	-2.99022E-001	0.00000E+000	2.19120E+000	-2.87313E-004	11	...........
	3805	380.6	2.18883E+000	-2.99007E-001	0.00000E+000	2.19020E+000	-2.66810E-004	11	...........
	3806	380.7	2.18787E+000	-2.98961E-001	0.00000E+000	2.18920E+000	-2.79562E-004	11	...........
	3807	380.8	2.18686E+000	-2.98985E-001	0.00000E+000	2.18820E+000	-2.72427E-004	11	...........
	3808	380.9	2.18587E+000	-2.98883E-001	0.00000E+000	2.18720E+000	-2.61509E-004	11	...........
	3809	381	2.18488E+000	-2.98872E-001	0.00000E+000	2.18620E+000	-2.78061E-004	11	...........
	3810	381.1	2.18388E+000	-2.98898E-001	0.00000E+000	2.18520E+000	-2.59475E-004	11	...........
	3811	381.2	2.18287E+000	-2.98861E-001	0.00000E+000	2.18420E+000	-2.66843E-004	11	...........
	3812	381.3	2.18187E+000	-2.98923E-001	0.00000E+000	2.18320E+000	-2.66726E-004	11	...........
	3813	381.4	2.18088E+000	-2.98807E-001	0.00000E+000	2.18220E+000	-2.59859E-004	11	...........
	3814	381.5	2.17990E+000	-2.98807E-001	0.00000E+000	2.18120E+000	-2.64393E-004	11	...........
	3815	381.6	2.17888E+000	-2.98832E-001	0.00000E+000	2.18020E+000	-2.58042E-004	11	...........
	3816	381.7	2.17788E+000	-2.98865E-001	0.00000E+000	2.17920E+000	-2.55858E-004	11	...........
	3817	381.8	2.17689E+000	-2.98768E-001	0.00000E+000	2.17820E+000	-2.73344E-004	11	...........
	3818	381.9	2.17585E+000	-2.98854E-001	0.00000E+000	2.17720E+000	-2.48407E-004	11	...........
	3819	382	2.17486E+000	-2.98800E-001	0.00000E+000	2.17620E+000	-2.63376E-004	11	...........
	3820	382.1	2.17385E+000	-2.98870E-001	0.00000E+000	2.17520E+000	-2.65393E-004	11	...........
	3821	382.2	2.17286E+000	-2.98691E-001	0.00000E+000	2.17420E+000	-2.57058E-004	11	...........
	3822	382.3	2.17189E+000	-2.98777E-001	0.00000E+000	2.17320E+000	-2.70310E-004	11	...........
	3823	382.4	2.17086E+000	-2.98737E-001	0.00000E+000	2.17220E+000	-2.64143E-004	11	...........
	3824	382.5	2.16986E+000	-2.98862E-001	0.00000E+000	2.17120E+000	-2.53158E-004	11	...........
	3825	382.6	2.16887E+000	-2.98791E-001	0.00000E+000	2.17020E+000	-2.71177E-004	11	...........
	3826	382.7	2.16788E+000	-2.98830E-001	0.00000E+000	2.16920E+000	-2.57842E-004	11	...........
	3827	382.8	2.16688E+000	-2.98698E-001	0.00000E+000	2.16820E+000	-2.69093E-004	11	...........
	3828	382.9	2.16587E+000	-2.98812E-001	0.00000E+000	2.16720E+000	-2.69577E-004	11	...........
	3829	383	2.16488E+000	-2.98791E-001	0.00000E+000	2.16620E+000	-2.70594E-004	11	...........
	3830	383.1	2.16390E+000	-2.98871E-001	0.00000E+000	2.16520E+000	-2.83346E-004	11	...........
	3831	383.2	2.16290E+000	-2.98804E-001	0.00000E+000	2.16420E+000	-2.77045E-004	11	...........
	3832	383.3	2.16190E+000	-2.98853E-001	0.00000E+000	2.16320E+000	-2.71494E-004	11	...........
	3833	383.4	2.16092E+000	-2.98738E-001	0.00000E+000	2.16220E+000	-2.81745E-004	11	...........
	3834	383.5	2.15991E+000	-2.98708E-001	0.00000E+000	2.16120E+000	-2.60492E-004	11	...........
	3835	383.6	2.15892E+000	-2.98725E-001	0.00000E+000	2.16020E+000	-2.70810E-004	11	...........
	3836	383.7	2.15791E+000	-2.98810E-001	0.00000E+000	2.15920E+000	-2.72511E-004	11	...........
	3837	383.8	2.15692E+000	-2.98722E-001	0.00000E+000	2.15820E+000	-2.63426E-004	11	...........
	3838	383.9	2.15593E+000	-2.98672E-001	0.00000E+000	2.15720E+000	-2.72111E-004	11	...........
	3839	384	2.15491E+000	-2.98742E-001	0.00000E+000	2.15620E+000	-2.65409E-004	11	...........
	3840	384.1	2.15391E+000	-2.98660E-001	0.00000E+000	2.15520E+000	-2.60609E-004	11	...........
	3841	384.2	2.15292E+000	-2.98577E-001	0.00000E+000	2.15420E+000	-2.75811E-004	11	...........
	3842	384.3	2.15193E+000	-2.98703E-001	0.00000E+000	2.15320E+000	-2.60275E-004	11	...........
	3843	384.4	2.15092E+000	-2.98569E-001	0.00000E+000	2.15220E+000	-2.70627E-004	11	...........
	3844	384.5	2.14989E+000	-2.98685E-001	0.00000E+000	2.15120E+000	-2.65409E-004	11	...........
	3845	384.6	2.14890E+000	-2.98553E-001	0.00000E+000	2.15020E+000	-2.63593E-004	11	...........
	3846	384.7	2.14792E+000	-2.98540E-001	0.00000E+000	2.14920E+000	-2.71644E-004	11	...........
	3847	384.8	2.14690E+000	-2.98526E-001	0.00000E+000	2.14820E+000	-2.66376E-004	11	...........
	3848	384.9	2.14590E+000	-2.98626E-001	0.00000E+000	2.14720E+000	-2.67110E-004	11	...........
	3849	385	2.14492E+000	-2.98626E-001	0.00000E+000	2.14620E+000	-2.78428E-004	11	...........
	3850	385.1	2.14391E+000	-2.98635E-001	0.00000E+000	2.14520E+000	-2.62192E-004	11	...........
	3851	385.2	2.14292E+000	-2.98581E-001	0.00000E+000	2.14420E+000	-2.75978E-004	11	...........
	3852	385.3	2.14189E+000	-2.98653E-001	0.00000E+000	2.14320E+000	-2.75928E-004	11	...........
	3853	385.4	2.14092E+000	-2.98599E-001	0.00000E+000	2.14220E+000	-2.72111E-004	11	...........
	3854	385.5	2.13994E+000	-2.98565E-001	0.00000E+000	2.14120E+000	-2.80378E-004	11	...........
	3855	385.6	2.13893E+000	-2.98661E-001	0.00000E+000	2.14020E+000	-2.84929E-004	11	...........
	3856	385.7	2.13789E+000	-2.98757E-001	0.00000E+000	2.13920E+000	-2.74744E-004	11	...........
	3857	385.8	2.13695E+000	-2.98583E-001	0.00000E+000	2.13820E+000	-2.85096E-004	11	...........
	3858	385.9	2.13595E+000	-2.98590E-001	0.00000E+000	2.13720E+000	-2.69977E-004	11	...........
	3859	386	2.13496E+000	-2.98460E-001	0.00000E+000	2.13620E+000	-2.75494E-004	11	...........
	3860	386.1	2.13395E+000	-2.98552E-001	0.00000E+000	2.13520E+000	-2.67510E-004	11	...........
	3861	386.2	2.13296E+000	-2.98523E-001	0.00000E+000	2.13420E+000	-2.64626E-004	11	...........
	3862	386.3	2.13197E+000	-2.98546E-001	0.00000E+000	2.13320E+000	-2.73727E-004	11	...........
	3863	386.4	2.13096E+000	-2.98518E-001	0.00000E+000	2.13220E+000	-2.61026E-004	11	...........
	3864	386.5	2.12996E+000	-2.98555E-001	0.00000E+000	2.13120E+000	-2.65960E-004	11	...........
	3865	386.6	2.12897E+000	-2.98413E-001	0.00000E+000	2.13020E+000	-2.75794E-004	11	...........
	3866	386.7	2.12797E+000	-2.98428E-001	0.00000E+000	2.12920E+000	-2.59292E-004	11	...........
	3867	386.8	2.12699E+000	-2.98406E-001	0.00000E+000	2.12820E+000	-2.72811E-004	11	...........
	3868	386.9	2.12596E+000	-2.98546E-001	0.00000E+000	2.12720E+000	-2.68510E-004	11	...........
	3869	387	2.12496E+000	-2.98322E-001	0.00000E+000	2.12620E+000	-2.59092E-004	11	...........
	3870	387.1	2.12396E+000	-2.98378E-001	0.00000E+000	2.12520E+000	-2.72094E-004	11	...........
	3871	387.2	2.12294E+000	-2.98434E-001	0.00000E+000	2.12420E+000	-2.65176E-004	11	...........
	3872	387.3	2.12194E+000	-2.98415E-001	0.00000E+000	2.12320E+000	-2.61126E-004	11	...........
	3873	387.4	2.12095E+000	-2.98325E-001	0.00000E+000	2.12220E+000	-2.71977E-004	11	...........
	3874	387.5	2.11995E+000	-2.98375E-001	0.00000E+000	2.12120E+000	-2.62209E-004	11	...........
	3875	387.6	2.11896E+000	-2.98546E-001	0.00000E+000	2.12020E+000	-2.64809E-004	11	...........
	3876	387.7	2.11794E+000	-2.98545E-001	0.00000E+000	2.11920E+000	-2.64976E-004	11	...........
	3877	387.8	2.11695E+000	-2.98540E-001	0.00000E+000	2.11820E+000	-2.67426E-004	11	...........
	3878	387.9	2.11597E+000	-2.98471E-001	0.00000E+000	2.11720E+000	-2.74394E-004	11	...........
	3879	388	2.11495E+000	-2.98325E-001	0.00000E+000	2.11620E+000	-2.68560E-004	11	...........
	3880	388.1	2.11395E+000	-2.98375E-001	0.00000E+000	2.11520E+000	-2.77045E-004	11	...........
	3881	388.2	2.11298E+000	-2.98346E-001	0.00000E+000	2.11420E+000	-2.86563E-004	11	...........
	3882	388.3	2.11197E+000	-2.98325E-001	0.00000E+000	2.11320E+000	-2.69793E-004	11	...........
	3883	388.4	2.11099E+000	-2.98210E-001	0.00000E+000	2.11220E+000	-2.81062E-004	11	...........
	3884	388.5	2.10999E+000	-2.98362E-001	0.00000E+000	2.11120E+000	-2.74911E-004	11	...........
	3885	388.6	2.10899E+000	-2.98262E-001	0.00000E+000	2.11020E+000	-2.65143E-004	11	...........
	3886	388.7	2.10800E+000	-2.98199E-001	0.00000E+000	2.10920E+000	-2.77795E-004	11	...........
	3887	388.8	2.10700E+000	-2.98300E-001	0.00000E+000	2.10820E+000	-2.65026E-004	11	...........
	3888	388.9	2.10600E+000	-2.98272E-001	0.00000E+000	2.10720E+000	-2.66793E-004	11	...........
	3889	389	2.10500E+000	-2.98266E-001	0.00000E+000	2.10620E+000	-2.72010E-004	11	...........
	3890	389.1	2.10401E+000	-2.98278E-001	0.00000E+000	2.10520E+000	-2.63242E-004	11	...........
	3891	389.2	2.10302E+000	-2.98123E-001	0.00000E+000	2.10420E+000	-2.69960E-004	11	...........
	3892	389.3	2.10200E+000	-2.98253E-001	0.00000E+000	2.10320E+000	-2.64876E-004	11	...........
	3893	389.4	2.10101E+000	-2.98210E-001	0.00000E+000	2.10220E+000	-2.59992E-004	11	...........
	3894	389.5	2.10002E+000	-2.98087E-001	0.00000E+000	2.10120E+000	-2.74978E-004	11	...........
	3895	389.6	2.09897E+000	-2.98100E-001	0.00000E+000	2.10020E+000	-2.63559E-004	11	...........
	3896	389.7	2.09797E+000	-2.98148E-001	0.00000E+000	2.09920E+000	-2.68443E-004	11	...........
	3897	389.8	2.09698E+000	-2.98059E-001	0.00000E+000	2.09820E+000	-2.75644E-004	11	...........
	3898	389.9	2.09598E+000	-2.98137E-001	0.00000E+000	2.09720E+000	-2.60592E-004	11	...........
	3899	390	2.09500E+000	-2.98054E-001	0.00000E+000	2.09620E+000	-2.73711E-004	11	...........
	3900	390.1	2.09398E+000	-2.98108E-001	0.00000E+000	2.09520E+000	-2.71560E-004	11	...........
	3901	390.2	2.09299E+000	-2.98118E-001	0.00000E+000	2.09420E+000	-2.61492E-004	11	...........
	3902	390.3	2.09200E+000	-2.98099E-001	0.00000E+000	2.09320E+000	-2.76428E-004	11	...........
	3903	390.4	2.09099E+000	-2.98112E-001	0.00000E+000	2.09220E+000	-2.70377E-004	11	...........
	3904	390.5	2.08999E+000	-2.98059E-001	0.00000E+000	2.09120E+000	-2.70927E-004	11	...........
	3905	390.6	2.08900E+000	-2.98006E-001	0.00000E+000	2.09020E+000	-2.76244E-004	11	...........
	3906	390.7	2.08800E+000	-2.98129E-001	0.00000E+000	2.08920E+000	-2.78811E-004	11	...........
	3907	390.8	2.08702E+000	-2.98174E-001	0.00000E+000	2.08820E+000	-2.85479E-004	11	...........
	3908	390.9	2.08602E+000	-2.98198E-001	0.00000E+000	2.08720E+000	-2.79762E-004	11	...........
	3909	391	2.08502E+000	-2.98148E-001	0.00000E+000	2.08620E+000	-2.71560E-004	11	...........
	3910	391.1	2.08404E+000	-2.98015E-001	0.00000E+000	2.08520E+000	-2.83312E-004	11	...........
	3911	391.2	2.08303E+000	-2.97998E-001	0.00000E+000	2.08420E+000	-2.59875E-004	11	...........
	3912	391.3	2.08203E+000	-2.97944E-001	0.00000E+000	2.08320E+000	-2.70377E-004	11	...........
	3913	391.4	2.08104E+000	-2.97931E-001	0.00000E+000	2.08220E+000	-2.74261E-004	11	...........
	3914	391.5	2.08004E+000	-2.97972E-001	0.00000E+000	2.08120E+000	-2.60425E-004	11	...........
	3915	391.6	2.07905E+000	-2.97885E-001	0.00000E+000	2.08020E+000	-2.67610E-004	11	...........
	3916	391.7	2.07803E+000	-2.97989E-001	0.00000E+000	2.07920E+000	-2.65926E-004	11	...........
	3917	391.8	2.07704E+000	-2.97890E-001	0.00000E+000	2.07820E+000	-2.53491E-004	11	...........
	3918	391.9	2.07605E+000	-2.97856E-001	0.00000E+000	2.07720E+000	-2.74811E-004	11	...........
	3919	392	2.07505E+000	-2.97933E-001	0.00000E+000	2.07620E+000	-2.54258E-004	11	...........
	3920	392.1	2.07404E+000	-2.97789E-001	0.00000E+000	2.07520E+000	-2.66610E-004	11	...........
	3921	392.2	2.07302E+000	-2.97678E-001	0.00000E+000	2.07420E+000	-2.63576E-004	11	...........
	3922	392.3	2.07202E+000	-2.97724E-001	0.00000E+000	2.07320E+000	-2.61009E-004	11	...........
	3923	392.4	2.07106E+000	-2.97693E-001	0.00000E+000	2.07220E+000	-2.62642E-004	11	...........
	3924	392.5	2.07002E+000	-2.97824E-001	0.00000E+000	2.07120E+000	-2.57842E-004	11	...........
	3925	392.6	2.06903E+000	-2.97697E-001	0.00000E+000	2.07020E+000	-2.52858E-004	11	...........
	3926	392.7	2.06803E+000	-2.97817E-001	0.00000E+000	2.06920E+000	-2.68360E-004	11	...........
	3927	392.8	2.06703E+000	-2.97815E-001	0.00000E+000	2.06820E+000	-2.51357E-004	11	...........
	3928	392.9	2.06602E+000	-2.97828E-001	0.00000E+000	2.06720E+000	-2.63626E-004	11	...........
	3929	393	2.06502E+000	-2.97705E-001	0.00000E+000	2.06620E+000	-2.65243E-004	11	...........
	3930	393.1	2.06403E+000	-2.97759E-001	0.00000E+000	2.06520E+000	-2.57358E-004	11	...........
	3931	393.2	2.06308E+000	-2.97749E-001	0.00000E+000	2.06420E+000	-2.71694E-004	11	...........
	3932	393.3	2.06203E+000	-2.97866E-001	0.00000E+000	2.06320E+000	-2.71277E-004	11	...........
	3933	393.4	2.06103E+000	-2.97825E-001	0.00000E+000	2.06220E+000	-2.77995E-004	11	...........
	3934	393.5	2.06007E+000	-2.97801E-001	0.00000E+000	2.06120E+000	-2.87880E-004	11	...........
	3935	393.6	2.05906E+000	-2.97808E-001	0.00000E+000	2.06020E+000	-2.76511E-004	11	...........
	3936	393.7	2.05807E+000	-2.97697E-001	0.00000E+000	2.05920E+000	-2.74711E-004	11	...........
	3937	393.8	2.05706E+000	-2.97647E-001	0.00000E+000	2.05820E+000	-2.75794E-004	11	...........
	3938	393.9	2.05608E+000	-2.97709E-001	0.00000E+000	2.05720E+000	-2.70760E-004	11	...........
	3939	394	2.05508E+000	-2.97598E-001	0.00000E+000	2.05620E+000	-2.75111E-004	11	...........
	3940	394.1	2.05407E+000	-2.97684E-001	0.00000E+000	2.05520E+000	-2.70394E-004	11	...........
	3941	394.2	2.05307E+000	-2.97674E-001	0.00000E+000	2.05420E+000	-2.68243E-004	11	...........
	3942	394.3	2.05209E+000	-2.97577E-001	0.00000E+000	2.05320E+000	-2.83746E-004	11	...........
	3943	394.4	2.05108E+000	-2.97648E-001	0.00000E+000	2.05220E+000	-2.63909E-004	11	...........
	3944	394.5	2.05009E+000	-2.97635E-001	0.00000E+000	2.05120E+000	-2.76211E-004	11	...........
	3945	394.6	2.04908E+000	-2.97475E-001	0.00000E+000	2.05020E+000	-2.76161E-004	11	...........
	3946	394.7	2.04809E+000	-2.97462E-001	0.00000E+000	2.04920E+000	-2.70160E-004	11	...........
	3947	394.8	2.04708E+000	-2.97508E-001	0.00000E+000	2.04820E+000	-2.78111E-004	11	...........
	3948	394.9	2.04606E+000	-2.97528E-001	0.00000E+000	2.04720E+000	-2.74111E-004	11	...........
	3949	395	2.04506E+000	-2.97391E-001	0.00000E+000	2.04620E+000	-2.65443E-004	11	...........
	3950	395.1	2.04408E+000	-2.97401E-001	0.00000E+000	2.04520E+000	-2.83529E-004	11	...........
	3951	395.2	2.04307E+000	-2.97448E-001	0.00000E+000	2.04420E+000	-2.73577E-004	11	...........
	3952	395.3	2.04207E+000	-2.97509E-001	0.00000E+000	2.04320E+000	-2.75328E-004	11	...........
	3953	395.4	2.04106E+000	-2.97416E-001	0.00000E+000	2.04220E+000	-2.76261E-004	11	...........
	3954	395.5	2.04008E+000	-2.97454E-001	0.00000E+000	2.04120E+000	-2.75294E-004	11	...........
	3955	395.6	2.03912E+000	-2.97427E-001	0.00000E+000	2.04020E+000	-2.80912E-004	11	...........
	3956	395.7	2.03808E+000	-2.97503E-001	0.00000E+000	2.03920E+000	-2.80095E-004	11	...........
	3957	395.8	2.03707E+000	-2.97376E-001	0.00000E+000	2.03820E+000	-2.84062E-004	11	...........
	3958	395.9	2.03611E+000	-2.97598E-001	0.00000E+000	2.03720E+000	-2.85429E-004	11	...........
	3959	396	2.03510E+000	-2.97543E-001	0.00000E+000	2.03620E+000	-2.76861E-004	11	...........
	3960	396.1	2.03411E+000	-2.97514E-001	0.00000E+000	2.03520E+000	-2.84079E-004	11	...........
	3961	396.2	2.03311E+000	-2.97321E-001	0.00000E+000	2.03420E+000	-2.81979E-004	11	...........
	3962	396.3	2.03212E+000	-2.97350E-001	0.00000E+000	2.03320E+000	-2.72944E-004	11	...........
	3963	396.4	2.03113E+000	-2.97322E-001	0.00000E+000	2.03220E+000	-2.80128E-004	11	...........
	3964	396.5	2.03012E+000	-2.97440E-001	0.00000E+000	2.03120E+000	-2.73977E-004	11	...........
	3965	396.6	2.02912E+000	-2.97321E-001	0.00000E+000	2.03020E+000	-2.68060E-004	11	...........
	3966	396.7	2.02813E+000	-2.97321E-001	0.00000E+000	2.02920E+000	-2.80478E-004	11	...........
	3967	396.8	2.02713E+000	-2.97379E-001	0.00000E+000	2.02820E+000	-2.66743E-004	11	...........
	3968	396.9	2.02613E+000	-2.97328E-001	0.00000E+000	2.02720E+000	-2.74211E-004	11	...........
	3969	397	2.02513E+000	-2.97172E-001	0.00000E+000	2.02620E+000	-2.69710E-004	11	...........
	3970	397.1	2.02414E+000	-2.97237E-001	0.00000E+000	2.02520E+000	-2.66660E-004	11	...........
	3971	397.2	2.02315E+000	-2.97211E-001	0.00000E+000	2.02420E+000	-2.75061E-004	11	...........
	3972	397.3	2.02210E+000	-2.97308E-001	0.00000E+000	2.02320E+000	-2.67960E-004	11	...........
	3973	397.4	2.02110E+000	-2.97183E-001	0.00000E+000	2.02220E+000	-2.67710E-004	11	...........
	3974	397.5	2.02012E+000	-2.97109E-001	0.00000E+000	2.02120E+000	-2.81162E-004	11	...........
	3975	397.6	2.01911E+000	-2.97141E-001	0.00000E+000	2.02020E+000	-2.63776E-004	11	...........
	3976	397.7	2.01812E+000	-2.97154E-001	0.00000E+000	2.01920E+000	-2.75428E-004	11	...........
	3977	397.8	2.01710E+000	-2.97161E-001	0.00000E+000	2.01820E+000	-2.77195E-004	11	...........
	3978	397.9	2.01612E+000	-2.97230E-001	0.00000E+000	2.01720E+000	-2.66543E-004	11	...........
	3979	398	2.01515E+000	-2.97199E-001	0.00000E+000	2.01620E+000	-2.80545E-004	11	...........
	3980	398.1	2.01411E+000	-2.97317E-001	0.00000E+000	2.01520E+000	-2.76128E-004	11	...........
	3981	398.2	2.01311E+000	-2.97098E-001	0.00000E+000	2.01420E+000	-2.71094E-004	11	...........
	3982	398.3	2.01213E+000	-2.97142E-001	0.00000E+000	2.01320E+000	-2.84546E-004	11	...........
	3983	398.4	2.01113E+000	-2.97134E-001	0.00000E+000	2.01220E+000	-2.79795E-004	11	...........
	3984	398.5	2.01014E+000	-2.97049E-001	0.00000E+000	2.01120E+000	-2.87129E-004	11	...........
	3985	398.6	2.00915E+000	-2.97018E-001	0.00000E+000	2.01020E+000	-2.83195E-004	11	...........
	3986	398.7	2.00816E+000	-2.97095E-001	0.00000E+000	2.00920E+000	-2.77278E-004	11	...........
	3987	398.8	2.00716E+000	-2.96957E-001	0.00000E+000	2.00820E+000	-2.83729E-004	11	...........
	3988	398.9	2.00616E+000	-2.97025E-001	0.00000E+000	2.00720E+000	-2.73844E-004	11	...........
	3989	399	2.00516E+000	-2.96958E-001	0.00000E+000	2.00620E+000	-2.74177E-004	11	...........
	3990	399.1	2.00417E+000	-2.96996E-001	0.00000E+000	2.00520E+000	-2.85863E-004	11	...........
	3991	399.2	2.00317E+000	-2.96986E-001	0.00000E+000	2.00420E+000	-2.67593E-004	11	...........
	3992	399.3	2.00217E+000	-2.96988E-001	0.00000E+000	2.00320E+000	-2.78245E-004	11	...........
	3993	399.4	2.00116E+000	-2.96896E-001	0.00000E+000	2.00220E+000	-2.71044E-004	11	...........
	3994	399.5	2.00017E+000	-2.96870E-001	0.00000E+000	2.00120E+000	-2.65143E-004	11	...........
	3995	399.6	1.99919E+000	-2.96884E-001	0.00000E+000	2.00020E+000	-2.81629E-004	11	...........
	3996	399.7	1.99817E+000	-2.96979E-001	0.00000E+000	1.99920E+000	-2.72677E-004	11	...........
	3997	399.8	1.99716E+000	-2.96767E-001	0.00000E+000	1.99820E+000	-2.72727E-004	11	...........
	3998	399.9	1.99615E+000	-2.96755E-001	0.00000E+000	1.99720E+000	-2.81529E-004	11	...........
	3999	400	1.99515E+000	-2.96800E-001	0.00000E+000	1.99620E+000	-2.69643E-004	11	...........
	4000	400.1	1.99415E+000	-2.96704E-001	0.00000E+000	1.99520E+000	-2.76061E-004	11	...........
	4001	400.2	1.99314E+000	-2.96670E-001	0.00000E+000	1.99420E+000	-2.71444E-004	11	...........
	4002	400.3	1.99215E+000	-2.96755E-001	0.00000E+000	1.99320E+000	-2.72427E-004	11	...........
	4003	400.4	1.99118E+000	-2.96719E-001	0.00000E+000	1.99220E+000	-2.75611E-004	11	...........
	4004	400.5	1.99015E+000	-2.96788E-001	0.00000E+000	1.99120E+000	-2.72211E-004	11	...........
	4005	400.6	1.98914E+000	-2.96754E-001	0.00000E+000	1.99020E+000	-2.75694E-004	11	...........
	4006	400.7	1.98817E+000	-2.96702E-001	0.00000E+000	1.98920E+000	-2.84096E-004	11	...........
	4007	400.8	1.98717E+000	-2.96745E-001	0.00000E+000	1.98820E+000	-2.73344E-004	11	...........
	4008	400.9	1.98618E+000	-2.96787E-001	0.00000E+000	1.98720E+000	-2.88246E-004	11	...........
	4009	401	1.98516E+000	-2.96797E-001	0.00000E+000	1.98620E+000	-2.90163E-004	11	...........
	4010	401.1	1.98416E+000	-2.96755E-001	0.00000E+000	1.98520E+000	-2.77345E-004	11	...........
	4011	401.2	1.98320E+000	-2.96738E-001	0.00000E+000	1.98420E+000	-2.84479E-004	11	...........
	4012	401.3	1.98219E+000	-2.96790E-001	0.00000E+000	1.98320E+000	-2.77495E-004	11	...........
	4013	401.4	1.98119E+000	-2.96599E-001	0.00000E+000	1.98220E+000	-2.75128E-004	11	...........
	4014	401.5	1.98020E+000	-2.96603E-001	0.00000E+000	1.98120E+000	-2.82279E-004	11	...........
	4015	401.6	1.97921E+000	-2.96617E-001	0.00000E+000	1.98020E+000	-2.70944E-004	11	...........
	4016	401.7	1.97821E+000	-2.96673E-001	0.00000E+000	1.97920E+000	-2.74478E-004	11	...........
	4017	401.8	1.97720E+000	-2.96619E-001	0.00000E+000	1.97820E+000	-2.71544E-004	11	...........
	4018	401.9	1.97620E+000	-2.96655E-001	0.00000E+000	1.97720E+000	-2.68960E-004	11	...........
	4019	402	1.97522E+000	-2.96471E-001	0.00000E+000	1.97620E+000	-2.79462E-004	11	...........
	4020	402.1	1.97421E+000	-2.96622E-001	0.00000E+000	1.97520E+000	-2.63443E-004	11	...........
	4021	402.2	1.97321E+000	-2.96545E-001	0.00000E+000	1.97420E+000	-2.73111E-004	11	...........
	4022	402.3	1.97221E+000	-2.96466E-001	0.00000E+000	1.97320E+000	-2.77395E-004	11	...........
	4023	402.4	1.97120E+000	-2.96461E-001	0.00000E+000	1.97220E+000	-2.65509E-004	11	...........
	4024	402.5	1.97020E+000	-2.96491E-001	0.00000E+000	1.97120E+000	-2.73777E-004	11	...........
	4025	402.6	1.96918E+000	-2.96356E-001	0.00000E+000	1.97020E+000	-2.72594E-004	11	...........
	4026	402.7	1.96819E+000	-2.96294E-001	0.00000E+000	1.96920E+000	-2.62659E-004	11	...........
	4027	402.8	1.96722E+000	-2.96300E-001	0.00000E+000	1.96820E+000	-2.80112E-004	11	...........
	4028	402.9	1.96620E+000	-2.96445E-001	0.00000E+000	1.96720E+000	-2.70210E-004	11	...........
	4029	403	1.96519E+000	-2.96333E-001	0.00000E+000	1.96620E+000	-2.70660E-004	11	...........
	4030	403.1	1.96420E+000	-2.96384E-001	0.00000E+000	1.96520E+000	-2.75028E-004	11	...........
	4031	403.2	1.96320E+000	-2.96424E-001	0.00000E+000	1.96420E+000	-2.71227E-004	11	...........
	4032	403.3	1.96223E+000	-2.96346E-001	0.00000E+000	1.96320E+000	-2.79995E-004	11	...........
	4033	403.4	1.96120E+000	-2.96295E-001	0.00000E+000	1.96220E+000	-2.75078E-004	11	...........
	4034	403.5	1.96021E+000	-2.96422E-001	0.00000E+000	1.96120E+000	-2.80312E-004	11	...........
	4035	403.6	1.95923E+000	-2.96428E-001	0.00000E+000	1.96020E+000	-2.85879E-004	11	...........
	4036	403.7	1.95823E+000	-2.96468E-001	0.00000E+000	1.95920E+000	-2.79612E-004	11	...........
	4037	403.8	1.95723E+000	-2.96486E-001	0.00000E+000	1.95820E+000	-2.81195E-004	11	...........
	4038	403.9	1.95624E+000	-2.96349E-001	0.00000E+000	1.95720E+000	-2.82645E-004	11	...........
	4039	404	1.95524E+000	-2.96342E-001	0.00000E+000	1.95620E+000	-2.72077E-004	11	...........
	4040	404.1	1.95424E+000	-2.96386E-001	0.00000E+000	1.95520E+000	-2.80912E-004	11	...........
	4041	404.2	1.95324E+000	-2.96353E-001	0.00000E+000	1.95420E+000	-2.76311E-004	11	...........
	4042	404.3	1.95224E+000	-2.96414E-001	0.00000E+000	1.95320E+000	-2.67776E-004	11	...........
	4043	404.4	1.95125E+000	-2.96323E-001	0.00000E+000	1.95220E+000	-2.83779E-004	11	...........
	4044	404.5	1.95024E+000	-2.96433E-001	0.00000E+000	1.95120E+000	-2.70760E-004	11	...........
	4045	404.6	1.94925E+000	-2.96273E-001	0.00000E+000	1.95020E+000	-2.72394E-004	11	...........
	4046	404.7	1.94825E+000	-2.96206E-001	0.00000E+000	1.94920E+000	-2.73477E-004	11	...........
	4047	404.8	1.94725E+000	-2.96244E-001	0.00000E+000	1.94820E+000	-2.71827E-004	11	...........
	4048	404.9	1.94628E+000	-2.96123E-001	0.00000E+000	1.94720E+000	-2.77195E-004	11	...........
	4049	405	1.94522E+000	-2.96114E-001	0.00000E+000	1.94620E+000	-2.74444E-004	11	...........
	4050	405.1	1.94422E+000	-2.96155E-001	0.00000E+000	1.94520E+000	-2.69943E-004	11	...........
	4051	405.2	1.94325E+000	-2.96079E-001	0.00000E+000	1.94420E+000	-2.82395E-004	11	...........
	4052	405.3	1.94223E+000	-2.96208E-001	0.00000E+000	1.94320E+000	-2.68627E-004	11	...........
	4053	405.4	1.94124E+000	-2.96100E-001	0.00000E+000	1.94220E+000	-2.77611E-004	11	...........
	4054	405.5	1.94024E+000	-2.96137E-001	0.00000E+000	1.94120E+000	-2.83962E-004	11	...........
	4055	405.6	1.93924E+000	-2.96156E-001	0.00000E+000	1.94020E+000	-2.69327E-004	11	...........
	4056	405.7	1.93826E+000	-2.96122E-001	0.00000E+000	1.93920E+000	-2.82012E-004	11	...........
	4057	405.8	1.93724E+000	-2.96046E-001	0.00000E+000	1.93820E+000	-2.78811E-004	11	...........
	4058	405.9	1.93624E+000	-2.96051E-001	0.00000E+000	1.93720E+000	-2.75244E-004	11	...........
	4059	406	1.93527E+000	-2.96047E-001	0.00000E+000	1.93620E+000	-2.87496E-004	11	...........
	4060	406.1	1.93425E+000	-2.96149E-001	0.00000E+000	1.93520E+000	-2.88713E-004	11	...........
	4061	406.2	1.93326E+000	-2.96075E-001	0.00000E+000	1.93420E+000	-2.86996E-004	11	...........
	4062	406.3	1.93227E+000	-2.96068E-001	0.00000E+000	1.93320E+000	-2.86313E-004	11	...........
	4063	406.4	1.93128E+000	-2.95999E-001	0.00000E+000	1.93220E+000	-2.77578E-004	11	...........
	4064	406.5	1.93028E+000	-2.95998E-001	0.00000E+000	1.93120E+000	-2.79295E-004	11	...........
	4065	406.6	1.92929E+000	-2.95934E-001	0.00000E+000	1.93020E+000	-2.75944E-004	11	...........
	4066	406.7	1.92828E+000	-2.96044E-001	0.00000E+000	1.92920E+000	-2.73477E-004	11	...........
	4067	406.8	1.92730E+000	-2.95940E-001	0.00000E+000	1.92820E+000	-2.85029E-004	11	...........
	4068	406.9	1.92629E+000	-2.95983E-001	0.00000E+000	1.92720E+000	-2.66993E-004	11	...........
	4069	407	1.92529E+000	-2.95990E-001	0.00000E+000	1.92620E+000	-2.74594E-004	11	...........
	4070	407.1	1.92429E+000	-2.95939E-001	0.00000E+000	1.92520E+000	-2.74594E-004	11	...........
	4071	407.2	1.92329E+000	-2.95970E-001	0.00000E+000	1.92420E+000	-2.67860E-004	11	...........
	4072	407.3	1.92231E+000	-2.95950E-001	0.00000E+000	1.92320E+000	-2.78161E-004	11	...........
	4073	407.4	1.92130E+000	-2.95847E-001	0.00000E+000	1.92220E+000	-2.73294E-004	11	...........
	4074	407.5	1.92028E+000	-2.95844E-001	0.00000E+000	1.92120E+000	-2.69210E-004	11	...........
	4075	407.6	1.91929E+000	-2.95798E-001	0.00000E+000	1.92020E+000	-2.82345E-004	11	...........
	4076	407.7	1.91827E+000	-2.95868E-001	0.00000E+000	1.91920E+000	-2.67143E-004	11	...........
	4077	407.8	1.91728E+000	-2.95698E-001	0.00000E+000	1.91820E+000	-2.74044E-004	11	...........
	4078	407.9	1.91627E+000	-2.95728E-001	0.00000E+000	1.91720E+000	-2.70260E-004	11	...........
	4079	408	1.91528E+000	-2.95858E-001	0.00000E+000	1.91620E+000	-2.70877E-004	11	...........
	4080	408.1	1.91430E+000	-2.95869E-001	0.00000E+000	1.91520E+000	-2.71660E-004	11	...........
	4081	408.2	1.91327E+000	-2.95817E-001	0.00000E+000	1.91420E+000	-2.71444E-004	11	...........
	4082	408.3	1.91227E+000	-2.95901E-001	0.00000E+000	1.91320E+000	-2.70460E-004	11	...........
	4083	408.4	1.91130E+000	-2.95782E-001	0.00000E+000	1.91220E+000	-2.82962E-004	11	...........
	4084	408.5	1.91028E+000	-2.95807E-001	0.00000E+000	1.91120E+000	-2.68427E-004	11	...........
	4085	408.6	1.90930E+000	-2.95688E-001	0.00000E+000	1.91020E+000	-2.84729E-004	11	...........
	4086	408.7	1.90827E+000	-2.95994E-001	0.00000E+000	1.90920E+000	-2.89030E-004	11	...........
	4087	408.8	1.90729E+000	-2.95985E-001	0.00000E+000	1.90820E+000	-2.79812E-004	11	...........
	4088	408.9	1.90630E+000	-2.95923E-001	0.00000E+000	1.90720E+000	-2.87079E-004	11	...........
	4089	409	1.90531E+000	-2.95810E-001	0.00000E+000	1.90620E+000	-2.78728E-004	11	...........
	4090	409.1	1.90431E+000	-2.95836E-001	0.00000E+000	1.90520E+000	-2.72494E-004	11	...........
	4091	409.2	1.90332E+000	-2.95744E-001	0.00000E+000	1.90420E+000	-2.85112E-004	11	...........
	4092	409.3	1.90232E+000	-2.95799E-001	0.00000E+000	1.90320E+000	-2.69243E-004	11	...........
	4093	409.4	1.90132E+000	-2.95744E-001	0.00000E+000	1.90220E+000	-2.73827E-004	11	...........
	4094	409.5	1.90031E+000	-2.95690E-001	0.00000E+000	1.90120E+000	-2.71894E-004	11	...........
	4095	409.6	1.89932E+000	-2.95699E-001	0.00000E+000	1.90020E+000	-2.70277E-004	11	...........
	4096	409.7	1.89833E+000	-2.95654E-001	0.00000E+000	1.89920E+000	-2.76361E-004	11	...........
	4097	409.8	1.89732E+000	-2.95633E-001	0.00000E+000	1.89820E+000	-2.68093E-004	11	...........
	4098	409.9	1.89632E+000	-2.95652E-001	0.00000E+000	1.89720E+000	-2.65660E-004	11	...........
	4099	410	1.89534E+000	-2.95504E-001	0.00000E+000	1.89620E+000	-2.82229E-004	11	...........
	4100	410.1	1.89429E+000	-2.95511E-001	0.00000E+000	1.89520E+000	-2.64376E-004	11	...........
	4101	410.2	1.89330E+000	-2.95487E-001	0.00000E+000	1.89420E+000	-2.76094E-004	11	...........
	4102	410.3	1.89229E+000	-2.95424E-001	0.00000E+000	1.89320E+000	-2.72894E-004	11	...........
	4103	410.4	1.89130E+000	-2.95428E-001	0.00000E+000	1.89220E+000	-2.66493E-004	11	...........
	4104	410.5	1.89032E+000	-2.95433E-001	0.00000E+000	1.89120E+000	-2.78395E-004	11	...........
	4105	410.6	1.88930E+000	-2.95350E-001	0.00000E+000	1.89020E+000	-2.75928E-004	11	...........
	4106	410.7	1.88829E+000	-2.95427E-001	0.00000E+000	1.88920E+000	-2.65726E-004	11	...........
	4107	410.8	1.88732E+000	-2.95369E-001	0.00000E+000	1.88820E+000	-2.81779E-004	11	...........
	4108	410.9	1.88631E+000	-2.95422E-001	0.00000E+000	1.88720E+000	-2.72010E-004	11	...........
	4109	411	1.88533E+000	-2.95331E-001	0.00000E+000	1.88620E+000	-2.80212E-004	11	...........
	4110	411.1	1.88430E+000	-2.95357E-001	0.00000E+000	1.88520E+000	-2.79862E-004	11	...........
	4111	411.2	1.88333E+000	-2.95375E-001	0.00000E+000	1.88420E+000	-2.82512E-004	11	...........
	4112	411.3	1.88233E+000	-2.95469E-001	0.00000E+000	1.88320E+000	-2.88546E-004	11	...........
	4113	411.4	1.88134E+000	-2.95355E-001	0.00000E+000	1.88220E+000	-2.80395E-004	11	...........
	4114	411.5	1.88034E+000	-2.95409E-001	0.00000E+000	1.88120E+000	-2.77395E-004	11	...........
	4115	411.6	1.87935E+000	-2.95279E-001	0.00000E+000	1.88020E+000	-2.85112E-004	11	...........
	4116	411.7	1.87834E+000	-2.95316E-001	0.00000E+000	1.87920E+000	-2.66610E-004	11	...........
	4117	411.8	1.87735E+000	-2.95255E-001	0.00000E+000	1.87820E+000	-2.75344E-004	11	...........
	4118	411.9	1.87635E+000	-2.95252E-001	0.00000E+000	1.87720E+000	-2.72394E-004	11	...........
	4119	412	1.87536E+000	-2.95226E-001	0.00000E+000	1.87620E+000	-2.63042E-004	11	...........
	4120	412.1	1.87436E+000	-2.95328E-001	0.00000E+000	1.87520E+000	-2.76928E-004	11	...........
	4121	412.2	1.87335E+000	-2.95225E-001	0.00000E+000	1.87420E+000	-2.66576E-004	11	...........
	4122	412.3	1.87235E+000	-2.95264E-001	0.00000E+000	1.87320E+000	-2.63276E-004	11	...........
	4123	412.4	1.87136E+000	-2.95166E-001	0.00000E+000	1.87220E+000	-2.73961E-004	11	...........
	4124	412.5	1.87036E+000	-2.95321E-001	0.00000E+000	1.87120E+000	-2.64043E-004	11	...........
	4125	412.6	1.86937E+000	-2.95021E-001	0.00000E+000	1.87020E+000	-2.70810E-004	11	...........
	4126	412.7	1.86831E+000	-2.95208E-001	0.00000E+000	1.86920E+000	-2.64509E-004	11	...........
	4127	412.8	1.86733E+000	-2.95170E-001	0.00000E+000	1.86820E+000	-2.64276E-004	11	...........
	4128	412.9	1.86636E+000	-2.95092E-001	0.00000E+000	1.86720E+000	-2.69093E-004	11	...........
	4129	413	1.86534E+000	-2.95028E-001	0.00000E+000	1.86620E+000	-2.61576E-004	11	...........
	4130	413.1	1.86433E+000	-2.95094E-001	0.00000E+000	1.86520E+000	-2.63192E-004	11	...........
	4131	413.2	1.86335E+000	-2.95106E-001	0.00000E+000	1.86420E+000	-2.79662E-004	11	...........
	4132	413.3	1.86234E+000	-2.95108E-001	0.00000E+000	1.86320E+000	-2.61576E-004	11	...........
	4133	413.4	1.86136E+000	-2.95035E-001	0.00000E+000	1.86220E+000	-2.74744E-004	11	...........
	4134	413.5	1.86033E+000	-2.94940E-001	0.00000E+000	1.86120E+000	-2.69427E-004	11	...........
	4135	413.6	1.85935E+000	-2.95009E-001	0.00000E+000	1.86020E+000	-2.64393E-004	11	...........
	4136	413.7	1.85838E+000	-2.95027E-001	0.00000E+000	1.85920E+000	-2.79745E-004	11	...........
	4137	413.8	1.85735E+000	-2.95077E-001	0.00000E+000	1.85820E+000	-2.74828E-004	11	...........
	4138	413.9	1.85634E+000	-2.95090E-001	0.00000E+000	1.85720E+000	-2.85929E-004	11	...........
	4139	414	1.85538E+000	-2.94983E-001	0.00000E+000	1.85620E+000	-2.88246E-004	11	...........
	4140	414.1	1.85438E+000	-2.95019E-001	0.00000E+000	1.85520E+000	-2.77495E-004	11	...........
	4141	414.2	1.85339E+000	-2.94827E-001	0.00000E+000	1.85420E+000	-2.80395E-004	11	...........
	4142	414.3	1.85238E+000	-2.94769E-001	0.00000E+000	1.85320E+000	-2.77595E-004	11	...........
	4143	414.4	1.85139E+000	-2.94867E-001	0.00000E+000	1.85220E+000	-2.72211E-004	11	...........
	4144	414.5	1.85039E+000	-2.94910E-001	0.00000E+000	1.85120E+000	-2.79628E-004	11	...........
	4145	414.6	1.84938E+000	-2.94829E-001	0.00000E+000	1.85020E+000	-2.69710E-004	11	...........
	4146	414.7	1.84839E+000	-2.94844E-001	0.00000E+000	1.84920E+000	-2.75028E-004	11	...........
	4147	414.8	1.84740E+000	-2.94688E-001	0.00000E+000	1.84820E+000	-2.80195E-004	11	...........
	4148	414.9	1.84640E+000	-2.94762E-001	0.00000E+000	1.84720E+000	-2.69027E-004	11	...........
	4149	415	1.84541E+000	-2.94721E-001	0.00000E+000	1.84620E+000	-2.77745E-004	11	...........
	4150	415.1	1.84440E+000	-2.94619E-001	0.00000E+000	1.84520E+000	-2.75844E-004	11	...........
	4151	415.2	1.84340E+000	-2.94599E-001	0.00000E+000	1.84420E+000	-2.69027E-004	11	...........
	4152	415.3	1.84240E+000	-2.94603E-001	0.00000E+000	1.84320E+000	-2.82429E-004	11	...........
	4153	415.4	1.84139E+000	-2.94567E-001	0.00000E+000	1.84220E+000	-2.71877E-004	11	...........
	4154	415.5	1.84038E+000	-2.94616E-001	0.00000E+000	1.84120E+000	-2.72661E-004	11	...........
	4155	415.6	1.83940E+000	-2.94570E-001	0.00000E+000	1.84020E+000	-2.79061E-004	11	...........
	4156	415.7	1.83840E+000	-2.94658E-001	0.00000E+000	1.83920E+000	-2.74111E-004	11	...........
	4157	415.8	1.83741E+000	-2.94659E-001	0.00000E+000	1.83820E+000	-2.77911E-004	11	...........
	4158	415.9	1.83638E+000	-2.94634E-001	0.00000E+000	1.83720E+000	-2.75044E-004	11	...........
	4159	416	1.83540E+000	-2.94629E-001	0.00000E+000	1.83620E+000	-2.74428E-004	11	...........
	4160	416.1	1.83442E+000	-2.94608E-001	0.00000E+000	1.83520E+000	-2.84296E-004	11	...........
	4161	416.2	1.83341E+000	-2.94560E-001	0.00000E+000	1.83420E+000	-2.79212E-004	11	...........
	4162	416.3	1.83240E+000	-2.94653E-001	0.00000E+000	1.83320E+000	-2.86529E-004	11	...........
	4163	416.4	1.83143E+000	-2.94608E-001	0.00000E+000	1.83220E+000	-2.91530E-004	11	...........
	4164	416.5	1.83042E+000	-2.94588E-001	0.00000E+000	1.83120E+000	-2.79912E-004	11	...........
	4165	416.6	1.82943E+000	-2.94528E-001	0.00000E+000	1.83020E+000	-2.86679E-004	11	...........
	4166	416.7	1.82844E+000	-2.94439E-001	0.00000E+000	1.82920E+000	-2.82612E-004	11	...........
	4167	416.8	1.82744E+000	-2.94465E-001	0.00000E+000	1.82820E+000	-2.74744E-004	11	...........
	4168	416.9	1.82645E+000	-2.94503E-001	0.00000E+000	1.82720E+000	-2.87629E-004	11	...........
	4169	417	1.82544E+000	-2.94435E-001	0.00000E+000	1.82620E+000	-2.71960E-004	11	...........
	4170	417.1	1.82445E+000	-2.94401E-001	0.00000E+000	1.82520E+000	-2.74628E-004	11	...........
	4171	417.2	1.82344E+000	-2.94388E-001	0.00000E+000	1.82420E+000	-2.78161E-004	11	...........
	4172	417.3	1.82245E+000	-2.94497E-001	0.00000E+000	1.82320E+000	-2.72527E-004	11	...........
	4173	417.4	1.82147E+000	-2.94272E-001	0.00000E+000	1.82220E+000	-2.76761E-004	11	...........
	4174	417.5	1.82045E+000	-2.94343E-001	0.00000E+000	1.82120E+000	-2.73627E-004	11	...........
	4175	417.6	1.81945E+000	-2.94425E-001	0.00000E+000	1.82020E+000	-2.68727E-004	11	...........
	4176	417.7	1.81846E+000	-2.94316E-001	0.00000E+000	1.81920E+000	-2.82195E-004	11	...........
	4177	417.8	1.81742E+000	-2.94194E-001	0.00000E+000	1.81820E+000	-2.65609E-004	11	...........
	4178	417.9	1.81643E+000	-2.94263E-001	0.00000E+000	1.81720E+000	-2.75711E-004	11	...........
	4179	418	1.81543E+000	-2.94186E-001	0.00000E+000	1.81620E+000	-2.76411E-004	11	...........
	4180	418.1	1.81443E+000	-2.94270E-001	0.00000E+000	1.81520E+000	-2.68127E-004	11	...........
	4181	418.2	1.81346E+000	-2.94257E-001	0.00000E+000	1.81420E+000	-2.79045E-004	11	...........
	4182	418.3	1.81244E+000	-2.94252E-001	0.00000E+000	1.81320E+000	-2.77495E-004	11	...........
	4183	418.4	1.81143E+000	-2.94305E-001	0.00000E+000	1.81220E+000	-2.66176E-004	11	...........
	4184	418.5	1.81046E+000	-2.94345E-001	0.00000E+000	1.81120E+000	-2.83612E-004	11	...........
	4185	418.6	1.80944E+000	-2.94251E-001	0.00000E+000	1.81020E+000	-2.70994E-004	11	...........
	4186	418.7	1.80845E+000	-2.94207E-001	0.00000E+000	1.80920E+000	-2.78178E-004	11	...........
	4187	418.8	1.80744E+000	-2.94157E-001	0.00000E+000	1.80820E+000	-2.77711E-004	11	...........
	4188	418.9	1.80646E+000	-2.94314E-001	0.00000E+000	1.80720E+000	-2.81162E-004	11	...........
	4189	419	1.80547E+000	-2.94168E-001	0.00000E+000	1.80620E+000	-2.88980E-004	11	...........
	4190	419.1	1.80447E+000	-2.94199E-001	0.00000E+000	1.80520E+000	-2.82945E-004	11	...........
	4191	419.2	1.80348E+000	-2.94160E-001	0.00000E+000	1.80420E+000	-2.76578E-004	11	...........
	4192	419.3	1.80249E+000	-2.94075E-001	0.00000E+000	1.80320E+000	-2.87179E-004	11	...........
	4193	419.4	1.80148E+000	-2.93994E-001	0.00000E+000	1.80220E+000	-2.69710E-004	11	...........
	4194	419.5	1.80049E+000	-2.94001E-001	0.00000E+000	1.80120E+000	-2.79245E-004	11	...........
	4195	419.6	1.79948E+000	-2.94030E-001	0.00000E+000	1.80020E+000	-2.76211E-004	11	...........
	4196	419.7	1.79849E+000	-2.94118E-001	0.00000E+000	1.79920E+000	-2.70160E-004	11	...........
	4197	419.8	1.79750E+000	-2.94063E-001	0.00000E+000	1.79820E+000	-2.77195E-004	11	...........
	4198	419.9	1.79649E+000	-2.93940E-001	0.00000E+000	1.79720E+000	-2.73261E-004	11	...........
	4199	420	1.79549E+000	-2.93925E-001	0.00000E+000	1.79620E+000	-2.65259E-004	11	...........
	4200	420.1	1.79451E+000	-2.93941E-001	0.00000E+000	1.79520E+000	-2.81745E-004	11	...........
	4201	420.2	1.79350E+000	-2.93803E-001	0.00000E+000	1.79420E+000	-2.71344E-004	11	...........
	4202	420.3	1.79250E+000	-2.93806E-001	0.00000E+000	1.79320E+000	-2.74194E-004	11	...........
	4203	420.4	1.79146E+000	-2.93824E-001	0.00000E+000	1.79220E+000	-2.73177E-004	11	...........
	4204	420.5	1.79047E+000	-2.93862E-001	0.00000E+000	1.79120E+000	-2.72461E-004	11	...........
	4205	420.6	1.78949E+000	-2.93675E-001	0.00000E+000	1.79020E+000	-2.75194E-004	11	...........
	4206	420.7	1.78848E+000	-2.93700E-001	0.00000E+000	1.78920E+000	-2.71827E-004	11	...........
	4207	420.8	1.78747E+000	-2.93776E-001	0.00000E+000	1.78820E+000	-2.70294E-004	11	...........
	4208	420.9	1.78649E+000	-2.93791E-001	0.00000E+000	1.78720E+000	-2.81079E-004	11	...........
	4209	421	1.78548E+000	-2.93779E-001	0.00000E+000	1.78620E+000	-2.65860E-004	11	...........
	4210	421.1	1.78449E+000	-2.93841E-001	0.00000E+000	1.78520E+000	-2.80278E-004	11	...........
	4211	421.2	1.78347E+000	-2.93774E-001	0.00000E+000	1.78420E+000	-2.79295E-004	11	...........
	4212	421.3	1.78249E+000	-2.93905E-001	0.00000E+000	1.78320E+000	-2.75394E-004	11	...........
	4213	421.4	1.78151E+000	-2.93798E-001	0.00000E+000	1.78220E+000	-2.85979E-004	11	...........
	4214	421.5	1.78051E+000	-2.93839E-001	0.00000E+000	1.78120E+000	-2.87596E-004	11	...........
	4215	421.6	1.77947E+000	-2.93843E-001	0.00000E+000	1.78020E+000	-2.81212E-004	11	...........
	4216	421.7	1.77852E+000	-2.93810E-001	0.00000E+000	1.77920E+000	-2.87596E-004	11	...........
	4217	421.8	1.77752E+000	-2.93754E-001	0.00000E+000	1.77820E+000	-2.74711E-004	11	...........
	4218	421.9	1.77652E+000	-2.93707E-001	0.00000E+000	1.77720E+000	-2.77945E-004	11	...........
	4219	422	1.77552E+000	-2.93713E-001	0.00000E+000	1.77620E+000	-2.76761E-004	11	...........
	4220	422.1	1.77452E+000	-2.93799E-001	0.00000E+000	1.77520E+000	-2.71544E-004	11	...........
	4221	422.2	1.77353E+000	-2.93752E-001	0.00000E+000	1.77420E+000	-2.75578E-004	11	...........
	4222	422.3	1.77252E+000	-2.93785E-001	0.00000E+000	1.77320E+000	-2.69660E-004	11	...........
	4223	422.4	1.77151E+000	-2.93740E-001	0.00000E+000	1.77220E+000	-2.67893E-004	11	...........
	4224	422.5	1.77054E+000	-2.93747E-001	0.00000E+000	1.77120E+000	-2.82029E-004	11	...........
	4225	422.6	1.76953E+000	-2.93615E-001	0.00000E+000	1.77020E+000	-2.64893E-004	11	...........
	4226	422.7	1.76854E+000	-2.93662E-001	0.00000E+000	1.76920E+000	-2.75611E-004	11	...........
	4227	422.8	1.76753E+000	-2.93557E-001	0.00000E+000	1.76820E+000	-2.71260E-004	11	...........
	4228	422.9	1.76653E+000	-2.93637E-001	0.00000E+000	1.76720E+000	-2.67460E-004	11	...........
	4229	423	1.76553E+000	-2.93614E-001	0.00000E+000	1.76620E+000	-2.76845E-004	11	...........
	4230	423.1	1.76451E+000	-2.93469E-001	0.00000E+000	1.76520E+000	-2.71910E-004	11	...........
	4231	423.2	1.76350E+000	-2.93444E-001	0.00000E+000	1.76420E+000	-2.64709E-004	11	...........
	4232	423.3	1.76252E+000	-2.93557E-001	0.00000E+000	1.76320E+000	-2.78828E-004	11	...........
	4233	423.4	1.76151E+000	-2.93616E-001	0.00000E+000	1.76220E+000	-2.66226E-004	11	...........
	4234	423.5	1.76052E+000	-2.93616E-001	0.00000E+000	1.76120E+000	-2.72094E-004	11	...........
	4235	423.6	1.75950E+000	-2.93477E-001	0.00000E+000	1.76020E+000	-2.66826E-004	11	...........
	4236	423.7	1.75852E+000	-2.93681E-001	0.00000E+000	1.75920E+000	-2.68910E-004	11	...........
	4237	423.8	1.75755E+000	-2.93478E-001	0.00000E+000	1.75820E+000	-2.80295E-004	11	...........
	4238	423.9	1.75653E+000	-2.93537E-001	0.00000E+000	1.75720E+000	-2.72861E-004	11	...........
	4239	424	1.75550E+000	-2.93611E-001	0.00000E+000	1.75620E+000	-2.76311E-004	11	...........
	4240	424.1	1.75455E+000	-2.93569E-001	0.00000E+000	1.75520E+000	-2.87613E-004	11	...........
	4241	424.2	1.75354E+000	-2.93498E-001	0.00000E+000	1.75420E+000	-2.77378E-004	11	...........
	4242	424.3	1.75255E+000	-2.93465E-001	0.00000E+000	1.75320E+000	-2.83679E-004	11	...........
	4243	424.4	1.75155E+000	-2.93436E-001	0.00000E+000	1.75220E+000	-2.80262E-004	11	...........
	4244	424.5	1.75056E+000	-2.93386E-001	0.00000E+000	1.75120E+000	-2.72644E-004	11	...........
	4245	424.6	1.74956E+000	-2.93369E-001	0.00000E+000	1.75020E+000	-2.81662E-004	11	...........
	4246	424.7	1.74856E+000	-2.93383E-001	0.00000E+000	1.74920E+000	-2.72644E-004	11	...........
	4247	424.8	1.74755E+000	-2.93335E-001	0.00000E+000	1.74820E+000	-2.69443E-004	11	...........
	4248	424.9	1.74656E+000	-2.93382E-001	0.00000E+000	1.74720E+000	-2.80112E-004	11	...........
	4249	425	1.74557E+000	-2.93264E-001	0.00000E+000	1.74620E+000	-2.68860E-004	11	...........
	4250	425.1	1.74457E+000	-2.93312E-001	0.00000E+000	1.74520E+000	-2.76061E-004	11	...........
	4251	425.2	1.74356E+000	-2.93339E-001	0.00000E+000	1.74420E+000	-2.70410E-004	11	...........
	4252	425.3	1.74257E+000	-2.93402E-001	0.00000E+000	1.74320E+000	-2.71044E-004	11	...........
	4253	425.4	1.74158E+000	-2.93206E-001	0.00000E+000	1.74220E+000	-2.78011E-004	11	...........
	4254	425.5	1.74054E+000	-2.93113E-001	0.00000E+000	1.74120E+000	-2.70510E-004	11	...........
	4255	425.6	1.73953E+000	-2.93196E-001	0.00000E+000	1.74020E+000	-2.70294E-004	11	...........
	4256	425.7	1.73856E+000	-2.93106E-001	0.00000E+000	1.73920E+000	-2.81112E-004	11	...........
	4257	425.8	1.73755E+000	-2.93085E-001	0.00000E+000	1.73820E+000	-2.68377E-004	11	...........
	4258	425.9	1.73657E+000	-2.93183E-001	0.00000E+000	1.73720E+000	-2.79395E-004	11	...........
	4259	426	1.73554E+000	-2.93146E-001	0.00000E+000	1.73620E+000	-2.76945E-004	11	...........
	4260	426.1	1.73456E+000	-2.93298E-001	0.00000E+000	1.73520E+000	-2.69077E-004	11	...........
	4261	426.2	1.73358E+000	-2.93124E-001	0.00000E+000	1.73420E+000	-2.82695E-004	11	...........
	4262	426.3	1.73257E+000	-2.93066E-001	0.00000E+000	1.73320E+000	-2.78211E-004	11	...........
	4263	426.4	1.73155E+000	-2.93109E-001	0.00000E+000	1.73220E+000	-2.77745E-004	11	...........
	4264	426.5	1.73058E+000	-2.93130E-001	0.00000E+000	1.73120E+000	-2.87713E-004	11	...........
	4265	426.6	1.72957E+000	-2.93158E-001	0.00000E+000	1.73020E+000	-2.85563E-004	11	...........
	4266	426.7	1.72859E+000	-2.93243E-001	0.00000E+000	1.72920E+000	-2.88196E-004	11	...........
	4267	426.8	1.72759E+000	-2.93083E-001	0.00000E+000	1.72820E+000	-2.84729E-004	11	...........
	4268	426.9	1.72659E+000	-2.93198E-001	0.00000E+000	1.72720E+000	-2.80162E-004	11	...........
	4269	427	1.72560E+000	-2.93015E-001	0.00000E+000	1.72620E+000	-2.86129E-004	11	...........
	4270	427.1	1.72460E+000	-2.93038E-001	0.00000E+000	1.72520E+000	-2.73711E-004	11	...........
	4271	427.2	1.72360E+000	-2.93019E-001	0.00000E+000	1.72420E+000	-2.74961E-004	11	...........
	4272	427.3	1.72260E+000	-2.93066E-001	0.00000E+000	1.72320E+000	-2.83229E-004	11	...........
	4273	427.4	1.72161E+000	-2.93017E-001	0.00000E+000	1.72220E+000	-2.69593E-004	11	...........
	4274	427.5	1.72061E+000	-2.93024E-001	0.00000E+000	1.72120E+000	-2.77345E-004	11	...........
	4275	427.6	1.71960E+000	-2.92933E-001	0.00000E+000	1.72020E+000	-2.73661E-004	11	...........
	4276	427.7	1.71861E+000	-2.92973E-001	0.00000E+000	1.71920E+000	-2.66543E-004	11	...........
	4277	427.8	1.71762E+000	-2.92932E-001	0.00000E+000	1.71820E+000	-2.82045E-004	11	...........
	4278	427.9	1.71661E+000	-2.92898E-001	0.00000E+000	1.71720E+000	-2.66493E-004	11	...........
	4279	428	1.71560E+000	-2.92890E-001	0.00000E+000	1.71620E+000	-2.69693E-004	11	...........
	4280	428.1	1.71458E+000	-2.92929E-001	0.00000E+000	1.71520E+000	-2.75128E-004	11	...........
	4281	428.2	1.71359E+000	-2.92764E-001	0.00000E+000	1.71420E+000	-2.67726E-004	11	...........
	4282	428.3	1.71260E+000	-2.92881E-001	0.00000E+000	1.71320E+000	-2.73377E-004	11	...........
	4283	428.4	1.71158E+000	-2.92742E-001	0.00000E+000	1.71220E+000	-2.69293E-004	11	...........
	4284	428.5	1.71059E+000	-2.92833E-001	0.00000E+000	1.71120E+000	-2.69527E-004	11	...........
	4285	428.6	1.70961E+000	-2.92776E-001	0.00000E+000	1.71020E+000	-2.75328E-004	11	...........
	4286	428.7	1.70859E+000	-2.92829E-001	0.00000E+000	1.70920E+000	-2.65993E-004	11	...........
	4287	428.8	1.70758E+000	-2.92876E-001	0.00000E+000	1.70820E+000	-2.73744E-004	11	...........
	4288	428.9	1.70661E+000	-2.92758E-001	0.00000E+000	1.70720E+000	-2.78795E-004	11	...........
	4289	429	1.70561E+000	-2.92727E-001	0.00000E+000	1.70620E+000	-2.70460E-004	11	...........
	4290	429.1	1.70463E+000	-2.92894E-001	0.00000E+000	1.70520E+000	-2.85029E-004	11	...........
	4291	429.2	1.70360E+000	-2.92826E-001	0.00000E+000	1.70420E+000	-2.86463E-004	11	...........
	4292	429.3	1.70261E+000	-2.92780E-001	0.00000E+000	1.70320E+000	-2.81729E-004	11	...........
	4293	429.4	1.70163E+000	-2.92706E-001	0.00000E+000	1.70220E+000	-2.89246E-004	11	...........
	4294	429.5	1.70063E+000	-2.92594E-001	0.00000E+000	1.70120E+000	-2.75711E-004	11	...........
	4295	429.6	1.69963E+000	-2.92675E-001	0.00000E+000	1.70020E+000	-2.76961E-004	11	...........
	4296	429.7	1.69863E+000	-2.92601E-001	0.00000E+000	1.69920E+000	-2.78578E-004	11	...........
	4297	429.8	1.69764E+000	-2.92676E-001	0.00000E+000	1.69820E+000	-2.71894E-004	11	...........
	4298	429.9	1.69664E+000	-2.92651E-001	0.00000E+000	1.69720E+000	-2.74211E-004	11	...........
	4299	430	1.69563E+000	-2.92571E-001	0.00000E+000	1.69620E+000	-2.73094E-004	11	...........
	4300	430.1	1.69464E+000	-2.92641E-001	0.00000E+000	1.69520E+000	-2.65676E-004	11	...........
	4301	430.2	1.69366E+000	-2.92470E-001	0.00000E+000	1.69420E+000	-2.83946E-004	11	...........
	4302	430.3	1.69265E+000	-2.92486E-001	0.00000E+000	1.69320E+000	-2.64043E-004	11	...........
	4303	430.4	1.69165E+000	-2.92547E-001	0.00000E+000	1.69220E+000	-2.73461E-004	11	...........
	4304	430.5	1.69066E+000	-2.92352E-001	0.00000E+000	1.69120E+000	-2.73144E-004	11	...........
	4305	430.6	1.68965E+000	-2.92342E-001	0.00000E+000	1.69020E+000	-2.67726E-004	11	...........
	4306	430.7	1.68863E+000	-2.92466E-001	0.00000E+000	1.68920E+000	-2.76278E-004	11	...........
	4307	430.8	1.68762E+000	-2.92360E-001	0.00000E+000	1.68820E+000	-2.72894E-004	11	...........
	4308	430.9	1.68662E+000	-2.92428E-001	0.00000E+000	1.68720E+000	-2.62459E-004	11	...........
	4309	431	1.68564E+000	-2.92441E-001	0.00000E+000	1.68620E+000	-2.83346E-004	11	...........
	4310	431.1	1.68463E+000	-2.92368E-001	0.00000E+000	1.68520E+000	-2.70294E-004	11	...........
	4311	431.2	1.68363E+000	-2.92347E-001	0.00000E+000	1.68420E+000	-2.69810E-004	11	...........
	4312	431.3	1.68263E+000	-2.92439E-001	0.00000E+000	1.68320E+000	-2.73877E-004	11	...........
	4313	431.4	1.68164E+000	-2.92343E-001	0.00000E+000	1.68220E+000	-2.72661E-004	11	...........
	4314	431.5	1.68066E+000	-2.92365E-001	0.00000E+000	1.68120E+000	-2.79495E-004	11	...........
	4315	431.6	1.67964E+000	-2.92275E-001	0.00000E+000	1.68020E+000	-2.78728E-004	11	...........
	4316	431.7	1.67864E+000	-2.92446E-001	0.00000E+000	1.67920E+000	-2.77911E-004	11	...........
	4317	431.8	1.67766E+000	-2.92290E-001	0.00000E+000	1.67820E+000	-2.86946E-004	11	...........
	4318	431.9	1.67665E+000	-2.92353E-001	0.00000E+000	1.67720E+000	-2.75028E-004	11	...........
	4319	432	1.67566E+000	-2.92394E-001	0.00000E+000	1.67620E+000	-2.79228E-004	11	...........
	4320	432.1	1.67466E+000	-2.92307E-001	0.00000E+000	1.67520E+000	-2.78861E-004	11	...........
	4321	432.2	1.67367E+000	-2.92199E-001	0.00000E+000	1.67420E+000	-2.67776E-004	11	...........
	4322	432.3	1.67268E+000	-2.92226E-001	0.00000E+000	1.67320E+000	-2.73911E-004	11	...........
	4323	432.4	1.67167E+000	-2.92255E-001	0.00000E+000	1.67220E+000	-2.69810E-004	11	...........
	4324	432.5	1.67067E+000	-2.92254E-001	0.00000E+000	1.67120E+000	-2.57792E-004	11	...........
	4325	432.6	1.66968E+000	-2.92237E-001	0.00000E+000	1.67020E+000	-2.80795E-004	11	...........
	4326	432.7	1.66868E+000	-2.92132E-001	0.00000E+000	1.66920E+000	-2.61076E-004	11	...........
	4327	432.8	1.66768E+000	-2.92134E-001	0.00000E+000	1.66820E+000	-2.67293E-004	11	...........
	4328	432.9	1.66667E+000	-2.92184E-001	0.00000E+000	1.66720E+000	-2.61592E-004	11	...........
	4329	433	1.66569E+000	-2.92067E-001	0.00000E+000	1.66620E+000	-2.62459E-004	11	...........
	4330	433.1	1.66470E+000	-2.92058E-001	0.00000E+000	1.66520E+000	-2.67360E-004	11	...........
	4331	433.2	1.66365E+000	-2.92057E-001	0.00000E+000	1.66420E+000	-2.64393E-004	11	...........
	4332	433.3	1.66265E+000	-2.92091E-001	0.00000E+000	1.66320E+000	-2.54775E-004	11	...........
	4333	433.4	1.66168E+000	-2.91922E-001	0.00000E+000	1.66220E+000	-2.75678E-004	11	...........
	4334	433.5	1.66066E+000	-2.91997E-001	0.00000E+000	1.66120E+000	-2.53691E-004	11	...........
	4335	433.6	1.65967E+000	-2.92016E-001	0.00000E+000	1.66020E+000	-2.69860E-004	11	...........
	4336	433.7	1.65866E+000	-2.92027E-001	0.00000E+000	1.65920E+000	-2.69493E-004	11	...........
	4337	433.8	1.65768E+000	-2.91938E-001	0.00000E+000	1.65820E+000	-2.58758E-004	11	...........
	4338	433.9	1.65670E+000	-2.91999E-001	0.00000E+000	1.65720E+000	-2.73277E-004	11	...........
	4339	434	1.65568E+000	-2.91839E-001	0.00000E+000	1.65620E+000	-2.68127E-004	11	...........
	4340	434.1	1.65466E+000	-2.91940E-001	0.00000E+000	1.65520E+000	-2.58808E-004	11	...........
	4341	434.2	1.65370E+000	-2.91894E-001	0.00000E+000	1.65420E+000	-2.81012E-004	11	...........
	4342	434.3	1.65268E+000	-2.91935E-001	0.00000E+000	1.65320E+000	-2.77895E-004	11	...........
	4343	434.4	1.65169E+000	-2.91904E-001	0.00000E+000	1.65220E+000	-2.85963E-004	11	...........
	4344	434.5	1.65070E+000	-2.91907E-001	0.00000E+000	1.65120E+000	-2.86479E-004	11	...........
	4345	434.6	1.64971E+000	-2.91831E-001	0.00000E+000	1.65020E+000	-2.81179E-004	11	...........
	4346	434.7	1.64870E+000	-2.91879E-001	0.00000E+000	1.64920E+000	-2.81812E-004	11	...........
	4347	434.8	1.64771E+000	-2.91887E-001	0.00000E+000	1.64820E+000	-2.78861E-004	11	...........
	4348	434.9	1.64670E+000	-2.91914E-001	0.00000E+000	1.64720E+000	-2.75944E-004	11	...........
	4349	435	1.64572E+000	-2.91819E-001	0.00000E+000	1.64620E+000	-2.86079E-004	11	...........
	4350	435.1	1.64472E+000	-2.91767E-001	0.00000E+000	1.64520E+000	-2.71260E-004	11	...........
	4351	435.2	1.64372E+000	-2.91833E-001	0.00000E+000	1.64420E+000	-2.81095E-004	11	...........
	4352	435.3	1.64271E+000	-2.91770E-001	0.00000E+000	1.64320E+000	-2.77795E-004	11	...........
	4353	435.4	1.64173E+000	-2.91713E-001	0.00000E+000	1.64220E+000	-2.72427E-004	11	...........
	4354	435.5	1.64073E+000	-2.91839E-001	0.00000E+000	1.64120E+000	-2.83729E-004	11	...........
	4355	435.6	1.63974E+000	-2.91634E-001	0.00000E+000	1.64020E+000	-2.80645E-004	11	...........
	4356	435.7	1.63874E+000	-2.91630E-001	0.00000E+000	1.63920E+000	-2.76328E-004	11	...........
	4357	435.8	1.63771E+000	-2.91581E-001	0.00000E+000	1.63820E+000	-2.85312E-004	11	...........
	4358	435.9	1.63670E+000	-2.91514E-001	0.00000E+000	1.63720E+000	-2.71660E-004	11	...........
	4359	436	1.63571E+000	-2.91528E-001	0.00000E+000	1.63620E+000	-2.79312E-004	11	...........
	4360	436.1	1.63469E+000	-2.91588E-001	0.00000E+000	1.63520E+000	-2.77495E-004	11	...........
	4361	436.2	1.63371E+000	-2.91549E-001	0.00000E+000	1.63420E+000	-2.80562E-004	11	...........
	4362	436.3	1.63272E+000	-2.91534E-001	0.00000E+000	1.63320E+000	-2.82762E-004	11	...........
	4363	436.4	1.63172E+000	-2.91481E-001	0.00000E+000	1.63220E+000	-2.80345E-004	11	...........
	4364	436.5	1.63069E+000	-2.91576E-001	0.00000E+000	1.63120E+000	-2.81029E-004	11	...........
	4365	436.6	1.62973E+000	-2.91458E-001	0.00000E+000	1.63020E+000	-2.88280E-004	11	...........
	4366	436.7	1.62871E+000	-2.91499E-001	0.00000E+000	1.62920E+000	-2.80462E-004	11	...........
	4367	436.8	1.62774E+000	-2.91497E-001	0.00000E+000	1.62820E+000	-2.90447E-004	11	...........
	4368	436.9	1.62671E+000	-2.91602E-001	0.00000E+000	1.62720E+000	-2.90580E-004	11	...........
	4369	437	1.62573E+000	-2.91489E-001	0.00000E+000	1.62620E+000	-2.82979E-004	11	...........
	4370	437.1	1.62473E+000	-2.91474E-001	0.00000E+000	1.62520E+000	-2.87463E-004	11	...........
	4371	437.2	1.62374E+000	-2.91358E-001	0.00000E+000	1.62420E+000	-2.84912E-004	11	...........
	4372	437.3	1.62274E+000	-2.91430E-001	0.00000E+000	1.62320E+000	-2.79061E-004	11	...........
	4373	437.4	1.62176E+000	-2.91350E-001	0.00000E+000	1.62220E+000	-2.88196E-004	11	...........
	4374	437.5	1.62075E+000	-2.91350E-001	0.00000E+000	1.62120E+000	-2.76945E-004	11	...........
	4375	437.6	1.61976E+000	-2.91349E-001	0.00000E+000	1.62020E+000	-2.79828E-004	11	...........
	4376	437.7	1.61874E+000	-2.91379E-001	0.00000E+000	1.61920E+000	-2.79328E-004	11	...........
	4377	437.8	1.61776E+000	-2.91269E-001	0.00000E+000	1.61820E+000	-2.76861E-004	11	...........
	4378	437.9	1.61676E+000	-2.91301E-001	0.00000E+000	1.61720E+000	-2.80345E-004	11	...........
	4379	438	1.61576E+000	-2.91245E-001	0.00000E+000	1.61620E+000	-2.75361E-004	11	...........
	4380	438.1	1.61476E+000	-2.91317E-001	0.00000E+000	1.61520E+000	-2.75944E-004	11	...........
	4381	438.2	1.61378E+000	-2.91147E-001	0.00000E+000	1.61420E+000	-2.86613E-004	11	...........
	4382	438.3	1.61274E+000	-2.91074E-001	0.00000E+000	1.61320E+000	-2.69660E-004	11	...........
	4383	438.4	1.61175E+000	-2.91124E-001	0.00000E+000	1.61220E+000	-2.80378E-004	11	...........
	4384	438.5	1.61073E+000	-2.91026E-001	0.00000E+000	1.61120E+000	-2.78778E-004	11	...........
	4385	438.6	1.60975E+000	-2.90963E-001	0.00000E+000	1.61020E+000	-2.70894E-004	11	...........
	4386	438.7	1.60876E+000	-2.91066E-001	0.00000E+000	1.60920E+000	-2.82745E-004	11	...........
	4387	438.8	1.60776E+000	-2.91048E-001	0.00000E+000	1.60820E+000	-2.78395E-004	11	...........
	4388	438.9	1.60674E+000	-2.91138E-001	0.00000E+000	1.60720E+000	-2.74144E-004	11	...........
	4389	439	1.60576E+000	-2.91147E-001	0.00000E+000	1.60620E+000	-2.84529E-004	11	...........
	4390	439.1	1.60476E+000	-2.91047E-001	0.00000E+000	1.60520E+000	-2.76861E-004	11	...........
	4391	439.2	1.60377E+000	-2.91024E-001	0.00000E+000	1.60420E+000	-2.84946E-004	11	...........
	4392	439.3	1.60275E+000	-2.91048E-001	0.00000E+000	1.60320E+000	-2.81795E-004	11	...........
	4393	439.4	1.60178E+000	-2.90964E-001	0.00000E+000	1.60220E+000	-2.86263E-004	11	...........
	4394	439.5	1.60076E+000	-2.91005E-001	0.00000E+000	1.60120E+000	-2.89713E-004	11	...........
	4395	439.6	1.59978E+000	-2.90937E-001	0.00000E+000	1.60020E+000	-2.83145E-004	11	...........
	4396	439.7	1.59878E+000	-2.90990E-001	0.00000E+000	1.59920E+000	-2.83546E-004	11	...........
	4397	439.8	1.59779E+000	-2.90849E-001	0.00000E+000	1.59820E+000	-2.88996E-004	11	...........
	4398	439.9	1.59679E+000	-2.90865E-001	0.00000E+000	1.59720E+000	-2.76728E-004	11	...........
	4399	440	1.59580E+000	-2.90897E-001	0.00000E+000	1.59620E+000	-2.83212E-004	11	...........
	4400	440.1	1.59480E+000	-2.90872E-001	0.00000E+000	1.59520E+000	-2.79245E-004	11	...........
	4401	440.2	1.59380E+000	-2.90814E-001	0.00000E+000	1.59420E+000	-2.72111E-004	11	...........
	4402	440.3	1.59280E+000	-2.90856E-001	0.00000E+000	1.59320E+000	-2.85379E-004	11	...........
	4403	440.4	1.59181E+000	-2.90703E-001	0.00000E+000	1.59220E+000	-2.75828E-004	11	...........
	4404	440.5	1.59080E+000	-2.90817E-001	0.00000E+000	1.59120E+000	-2.75328E-004	11	...........
	4405	440.6	1.58981E+000	-2.90754E-001	0.00000E+000	1.59020E+000	-2.82595E-004	11	...........
	4406	440.7	1.58882E+000	-2.90741E-001	0.00000E+000	1.58920E+000	-2.75861E-004	11	...........
	4407	440.8	1.58781E+000	-2.90689E-001	0.00000E+000	1.58820E+000	-2.78428E-004	11	...........
	4408	440.9	1.58676E+000	-2.90711E-001	0.00000E+000	1.58720E+000	-2.76644E-004	11	...........
	4409	441	1.58579E+000	-2.90590E-001	0.00000E+000	1.58620E+000	-2.76628E-004	11	...........
	4410	441.1	1.58480E+000	-2.90588E-001	0.00000E+000	1.58520E+000	-2.85913E-004	11	...........
	4411	441.2	1.58379E+000	-2.90587E-001	0.00000E+000	1.58420E+000	-2.75211E-004	11	...........
	4412	441.3	1.58278E+000	-2.90667E-001	0.00000E+000	1.58320E+000	-2.77478E-004	11	...........
	4413	441.4	1.58180E+000	-2.90630E-001	0.00000E+000	1.58220E+000	-2.84662E-004	11	...........
	4414	441.5	1.58079E+000	-2.90643E-001	0.00000E+000	1.58120E+000	-2.74511E-004	11	...........
	4415	441.6	1.57980E+000	-2.90636E-001	0.00000E+000	1.58020E+000	-2.84746E-004	11	...........
	4416	441.7	1.57879E+000	-2.90629E-001	0.00000E+000	1.57920E+000	-2.82829E-004	11	...........
	4417	441.8	1.57781E+000	-2.90594E-001	0.00000E+000	1.57820E+000	-2.78878E-004	11	...........
	4418	441.9	1.57681E+000	-2.90628E-001	0.00000E+000	1.57720E+000	-2.87663E-004	11	...........
	4419	442	1.57582E+000	-2.90533E-001	0.00000E+000	1.57620E+000	-2.89496E-004	11	...........
	4420	442.1	1.57479E+000	-2.90681E-001	0.00000E+000	1.57520E+000	-2.80828E-004	11	...........
	4421	442.2	1.57382E+000	-2.90508E-001	0.00000E+000	1.57420E+000	-2.90563E-004	11	...........
	4422	442.3	1.57282E+000	-2.90516E-001	0.00000E+000	1.57320E+000	-2.80745E-004	11	...........
	4423	442.4	1.57183E+000	-2.90531E-001	0.00000E+000	1.57220E+000	-2.83862E-004	11	...........
	4424	442.5	1.57083E+000	-2.90534E-001	0.00000E+000	1.57120E+000	-2.79962E-004	11	...........
	4425	442.6	1.56983E+000	-2.90476E-001	0.00000E+000	1.57020E+000	-2.77028E-004	11	...........
	4426	442.7	1.56884E+000	-2.90497E-001	0.00000E+000	1.56920E+000	-2.84029E-004	11	...........
	4427	442.8	1.56784E+000	-2.90389E-001	0.00000E+000	1.56820E+000	-2.70844E-004	11	...........
	4428	442.9	1.56684E+000	-2.90507E-001	0.00000E+000	1.56720E+000	-2.78461E-004	11	...........
	4429	443	1.56584E+000	-2.90488E-001	0.00000E+000	1.56620E+000	-2.80895E-004	11	...........
	4430	443.1	1.56485E+000	-2.90398E-001	0.00000E+000	1.56520E+000	-2.71610E-004	11	...........
	4431	443.2	1.56385E+000	-2.90434E-001	0.00000E+000	1.56420E+000	-2.79345E-004	11	...........
	4432	443.3	1.56285E+000	-2.90374E-001	0.00000E+000	1.56320E+000	-2.75511E-004	11	...........
	4433	443.4	1.56184E+000	-2.90320E-001	0.00000E+000	1.56220E+000	-2.67726E-004	11	...........
	4434	443.5	1.56083E+000	-2.90279E-001	0.00000E+000	1.56120E+000	-2.81345E-004	11	...........
	4435	443.6	1.55983E+000	-2.90137E-001	0.00000E+000	1.56020E+000	-2.69793E-004	11	...........
	4436	443.7	1.55882E+000	-2.90289E-001	0.00000E+000	1.55920E+000	-2.71760E-004	11	...........
	4437	443.8	1.55783E+000	-2.90208E-001	0.00000E+000	1.55820E+000	-2.73277E-004	11	...........
	4438	443.9	1.55683E+000	-2.90344E-001	0.00000E+000	1.55720E+000	-2.73061E-004	11	...........
	4439	444	1.55585E+000	-2.90308E-001	0.00000E+000	1.55620E+000	-2.74761E-004	11	...........
	4440	444.1	1.55483E+000	-2.90297E-001	0.00000E+000	1.55520E+000	-2.73311E-004	11	...........
	4441	444.2	1.55384E+000	-2.90162E-001	0.00000E+000	1.55420E+000	-2.71744E-004	11	...........
	4442	444.3	1.55285E+000	-2.90182E-001	0.00000E+000	1.55320E+000	-2.84312E-004	11	...........
	4443	444.4	1.55184E+000	-2.90175E-001	0.00000E+000	1.55220E+000	-2.71027E-004	11	...........
	4444	444.5	1.55085E+000	-2.90270E-001	0.00000E+000	1.55120E+000	-2.84796E-004	11	...........
	4445	444.6	1.54985E+000	-2.90192E-001	0.00000E+000	1.55020E+000	-2.89813E-004	11	...........
	4446	444.7	1.54886E+000	-2.90159E-001	0.00000E+000	1.54920E+000	-2.82312E-004	11	...........
	4447	444.8	1.54786E+000	-2.90251E-001	0.00000E+000	1.54820E+000	-2.86596E-004	11	...........
	4448	444.9	1.54686E+000	-2.90158E-001	0.00000E+000	1.54720E+000	-2.84929E-004	11	...........
	4449	445	1.54587E+000	-2.90140E-001	0.00000E+000	1.54620E+000	-2.76861E-004	11	...........
	4450	445.1	1.54487E+000	-2.90127E-001	0.00000E+000	1.54520E+000	-2.88013E-004	11	...........
	4451	445.2	1.54387E+000	-2.90090E-001	0.00000E+000	1.54420E+000	-2.74027E-004	11	...........
	4452	445.3	1.54288E+000	-2.90122E-001	0.00000E+000	1.54320E+000	-2.78561E-004	11	...........
	4453	445.4	1.54187E+000	-2.90052E-001	0.00000E+000	1.54220E+000	-2.77678E-004	11	...........
	4454	445.5	1.54089E+000	-2.89995E-001	0.00000E+000	1.54120E+000	-2.73994E-004	11	...........
	4455	445.6	1.53988E+000	-2.89989E-001	0.00000E+000	1.54020E+000	-2.75944E-004	11	...........
	4456	445.7	1.53888E+000	-2.90015E-001	0.00000E+000	1.53920E+000	-2.76544E-004	11	...........
	4457	445.8	1.53788E+000	-2.89886E-001	0.00000E+000	1.53820E+000	-2.73111E-004	11	...........
	4458	445.9	1.53689E+000	-2.90022E-001	0.00000E+000	1.53720E+000	-2.84729E-004	11	...........
	4459	446	1.53586E+000	-2.89824E-001	0.00000E+000	1.53620E+000	-2.68810E-004	11	...........
	4460	446.1	1.53487E+000	-2.89966E-001	0.00000E+000	1.53520E+000	-2.79662E-004	11	...........
	4461	446.2	1.53386E+000	-2.89747E-001	0.00000E+000	1.53420E+000	-2.80628E-004	11	...........
	4462	446.3	1.53288E+000	-2.89788E-001	0.00000E+000	1.53320E+000	-2.75094E-004	11	...........
	4463	446.4	1.53188E+000	-2.89793E-001	0.00000E+000	1.53220E+000	-2.83846E-004	11	...........
	4464	446.5	1.53088E+000	-2.89890E-001	0.00000E+000	1.53120E+000	-2.81545E-004	11	...........
	4465	446.6	1.52986E+000	-2.89874E-001	0.00000E+000	1.53020E+000	-2.72444E-004	11	...........
	4466	446.7	1.52889E+000	-2.89884E-001	0.00000E+000	1.52920E+000	-2.86796E-004	11	...........
	4467	446.8	1.52788E+000	-2.89741E-001	0.00000E+000	1.52820E+000	-2.74978E-004	11	...........
	4468	446.9	1.52689E+000	-2.89802E-001	0.00000E+000	1.52720E+000	-2.85279E-004	11	...........
	4469	447	1.52587E+000	-2.89785E-001	0.00000E+000	1.52620E+000	-2.84929E-004	11	...........
	4470	447.1	1.52490E+000	-2.89860E-001	0.00000E+000	1.52520E+000	-2.86196E-004	11	...........
	4471	447.2	1.52389E+000	-2.89781E-001	0.00000E+000	1.52420E+000	-2.88196E-004	11	...........
	4472	447.3	1.52290E+000	-2.89804E-001	0.00000E+000	1.52320E+000	-2.84296E-004	11	...........
	4473	447.4	1.52191E+000	-2.89611E-001	0.00000E+000	1.52220E+000	-2.78411E-004	11	...........
	4474	447.5	1.52091E+000	-2.89714E-001	0.00000E+000	1.52120E+000	-2.86096E-004	11	...........
	4475	447.6	1.51991E+000	-2.89726E-001	0.00000E+000	1.52020E+000	-2.71844E-004	11	...........
	4476	447.7	1.51892E+000	-2.89763E-001	0.00000E+000	1.51920E+000	-2.78728E-004	11	...........
	4477	447.8	1.51791E+000	-2.89769E-001	0.00000E+000	1.51820E+000	-2.79295E-004	11	...........
	4478	447.9	1.51692E+000	-2.89665E-001	0.00000E+000	1.51720E+000	-2.71027E-004	11	...........
	4479	448	1.51592E+000	-2.89654E-001	0.00000E+000	1.51620E+000	-2.80779E-004	11	...........
	4480	448.1	1.51492E+000	-2.89558E-001	0.00000E+000	1.51520E+000	-2.74878E-004	11	...........
	4481	448.2	1.51391E+000	-2.89511E-001	0.00000E+000	1.51420E+000	-2.69060E-004	11	...........
	4482	448.3	1.51293E+000	-2.89631E-001	0.00000E+000	1.51320E+000	-2.82812E-004	11	...........
	4483	448.4	1.51193E+000	-2.89478E-001	0.00000E+000	1.51220E+000	-2.69177E-004	11	...........
	4484	448.5	1.51093E+000	-2.89499E-001	0.00000E+000	1.51120E+000	-2.76244E-004	11	...........
	4485	448.6	1.50989E+000	-2.89414E-001	0.00000E+000	1.51020E+000	-2.71744E-004	11	...........
	4486	448.7	1.50891E+000	-2.89398E-001	0.00000E+000	1.50920E+000	-2.71410E-004	11	...........
	4487	448.8	1.50791E+000	-2.89406E-001	0.00000E+000	1.50820E+000	-2.76978E-004	11	...........
	4488	448.9	1.50691E+000	-2.89443E-001	0.00000E+000	1.50720E+000	-2.70494E-004	11	...........
	4489	449	1.50590E+000	-2.89415E-001	0.00000E+000	1.50620E+000	-2.69577E-004	11	...........
	4490	449.1	1.50493E+000	-2.89426E-001	0.00000E+000	1.50520E+000	-2.83379E-004	11	...........
	4491	449.2	1.50391E+000	-2.89407E-001	0.00000E+000	1.50420E+000	-2.66476E-004	11	...........
	4492	449.3	1.50293E+000	-2.89513E-001	0.00000E+000	1.50320E+000	-2.80262E-004	11	...........
	4493	449.4	1.50190E+000	-2.89320E-001	0.00000E+000	1.50220E+000	-2.75011E-004	11	...........
	4494	449.5	1.50094E+000	-2.89295E-001	0.00000E+000	1.50120E+000	-2.75961E-004	11	...........
	4495	449.6	1.49993E+000	-2.89397E-001	0.00000E+000	1.50020E+000	-2.85029E-004	11	...........
	4496	449.7	1.49893E+000	-2.89539E-001	0.00000E+000	1.49920E+000	-2.87796E-004	11	...........
	4497	449.8	1.49790E+000	-2.89425E-001	0.00000E+000	1.49820E+000	-2.79645E-004	11	...........
	4498	449.9	1.49694E+000	-2.89399E-001	0.00000E+000	1.49720E+000	-2.88663E-004	11	...........
	4499	450	1.49594E+000	-2.89212E-001	0.00000E+000	1.49620E+000	-2.77711E-004	11	...........
	4500	450.1	1.49495E+000	-2.89285E-001	0.00000E+000	1.49520E+000	-2.79812E-004	11	...........
	4501	450.2	1.49394E+000	-2.89217E-001	0.00000E+000	1.49420E+000	-2.79728E-004	11	...........
	4502	450.3	1.49296E+000	-2.89221E-001	0.00000E+000	1.49320E+000	-2.72911E-004	11	...........
	4503	450.4	1.49195E+000	-2.89193E-001	0.00000E+000	1.49220E+000	-2.79462E-004	11	...........
	4504	450.5	1.49095E+000	-2.89176E-001	0.00000E+000	1.49120E+000	-2.71044E-004	11	...........
	4505	450.6	1.48995E+000	-2.89053E-001	0.00000E+000	1.49020E+000	-2.72277E-004	11	...........
	4506	450.7	1.48897E+000	-2.89099E-001	0.00000E+000	1.48920E+000	-2.83512E-004	11	...........
	4507	450.8	1.48796E+000	-2.89053E-001	0.00000E+000	1.48820E+000	-2.68160E-004	11	...........
	4508	450.9	1.48697E+000	-2.89132E-001	0.00000E+000	1.48720E+000	-2.77795E-004	11	...........
	4509	451	1.48596E+000	-2.88899E-001	0.00000E+000	1.48620E+000	-2.75844E-004	11	...........
	4510	451.1	1.48497E+000	-2.88946E-001	0.00000E+000	1.48520E+000	-2.71527E-004	11	...........
	4511	451.2	1.48393E+000	-2.88958E-001	0.00000E+000	1.48420E+000	-2.79228E-004	11	...........
	4512	451.3	1.48294E+000	-2.88883E-001	0.00000E+000	1.48320E+000	-2.73744E-004	11	...........
	4513	451.4	1.48193E+000	-2.88827E-001	0.00000E+000	1.48220E+000	-2.67593E-004	11	...........
	4514	451.5	1.48095E+000	-2.88962E-001	0.00000E+000	1.48120E+000	-2.82195E-004	11	...........
	4515	451.6	1.47994E+000	-2.88935E-001	0.00000E+000	1.48020E+000	-2.70727E-004	11	...........
	4516	451.7	1.47895E+000	-2.88925E-001	0.00000E+000	1.47920E+000	-2.73644E-004	11	...........
	4517	451.8	1.47793E+000	-2.88807E-001	0.00000E+000	1.47820E+000	-2.73894E-004	11	...........
	4518	451.9	1.47696E+000	-2.88781E-001	0.00000E+000	1.47720E+000	-2.75011E-004	11	...........
	4519	452	1.47596E+000	-2.88811E-001	0.00000E+000	1.47620E+000	-2.81129E-004	11	...........
	4520	452.1	1.47496E+000	-2.88870E-001	0.00000E+000	1.47520E+000	-2.78345E-004	11	...........
	4521	452.2	1.47394E+000	-2.88894E-001	0.00000E+000	1.47420E+000	-2.83779E-004	11	...........
	4522	452.3	1.47297E+000	-2.88902E-001	0.00000E+000	1.47320E+000	-2.87013E-004	11	...........
	4523	452.4	1.47197E+000	-2.88911E-001	0.00000E+000	1.47220E+000	-2.74894E-004	11	...........
	4524	452.5	1.47097E+000	-2.88908E-001	0.00000E+000	1.47120E+000	-2.80062E-004	11	...........
	4525	452.6	1.46997E+000	-2.88756E-001	0.00000E+000	1.47020E+000	-2.78995E-004	11	...........
	4526	452.7	1.46898E+000	-2.88759E-001	0.00000E+000	1.46920E+000	-2.67993E-004	11	...........
	4527	452.8	1.46798E+000	-2.88663E-001	0.00000E+000	1.46820E+000	-2.78461E-004	11	...........
	4528	452.9	1.46699E+000	-2.88709E-001	0.00000E+000	1.46720E+000	-2.67743E-004	11	...........
	4529	453	1.46598E+000	-2.88672E-001	0.00000E+000	1.46620E+000	-2.67593E-004	11	...........
	4530	453.1	1.46499E+000	-2.88699E-001	0.00000E+000	1.46520E+000	-2.77111E-004	11	...........
	4531	453.2	1.46399E+000	-2.88582E-001	0.00000E+000	1.46420E+000	-2.65076E-004	11	...........
	4532	453.3	1.46300E+000	-2.88670E-001	0.00000E+000	1.46320E+000	-2.69527E-004	11	...........
	4533	453.4	1.46199E+000	-2.88599E-001	0.00000E+000	1.46220E+000	-2.64209E-004	11	...........
	4534	453.5	1.46100E+000	-2.88616E-001	0.00000E+000	1.46120E+000	-2.61109E-004	11	...........
	4535	453.6	1.46000E+000	-2.88591E-001	0.00000E+000	1.46020E+000	-2.72027E-004	11	...........
	4536	453.7	1.45897E+000	-2.88546E-001	0.00000E+000	1.45920E+000	-2.60525E-004	11	...........
	4537	453.8	1.45796E+000	-2.88458E-001	0.00000E+000	1.45820E+000	-2.62559E-004	11	...........
	4538	453.9	1.45698E+000	-2.88532E-001	0.00000E+000	1.45720E+000	-2.77745E-004	11	...........
	4539	454	1.45597E+000	-2.88421E-001	0.00000E+000	1.45620E+000	-2.57725E-004	11	...........
	4540	454.1	1.45499E+000	-2.88577E-001	0.00000E+000	1.45520E+000	-2.70527E-004	11	...........
	4541	454.2	1.45397E+000	-2.88489E-001	0.00000E+000	1.45420E+000	-2.69710E-004	11	...........
	4542	454.3	1.45299E+000	-2.88448E-001	0.00000E+000	1.45320E+000	-2.57742E-004	11	...........
	4543	454.4	1.45200E+000	-2.88437E-001	0.00000E+000	1.45220E+000	-2.78561E-004	11	...........
	4544	454.5	1.45099E+000	-2.88363E-001	0.00000E+000	1.45120E+000	-2.65543E-004	11	...........
	4545	454.6	1.44998E+000	-2.88373E-001	0.00000E+000	1.45020E+000	-2.65943E-004	11	...........
	4546	454.7	1.44900E+000	-2.88406E-001	0.00000E+000	1.44920E+000	-2.74778E-004	11	...........
	4547	454.8	1.44800E+000	-2.88357E-001	0.00000E+000	1.44820E+000	-2.72894E-004	11	...........
	4548	454.9	1.44701E+000	-2.88417E-001	0.00000E+000	1.44720E+000	-2.88496E-004	11	...........
	4549	455	1.44600E+000	-2.88383E-001	0.00000E+000	1.44620E+000	-2.84429E-004	11	...........
	4550	455.1	1.44501E+000	-2.88325E-001	0.00000E+000	1.44520E+000	-2.78711E-004	11	...........
	4551	455.2	1.44401E+000	-2.88304E-001	0.00000E+000	1.44420E+000	-2.82779E-004	11	...........
	4552	455.3	1.44302E+000	-2.88313E-001	0.00000E+000	1.44320E+000	-2.70377E-004	11	...........
	4553	455.4	1.44202E+000	-2.88226E-001	0.00000E+000	1.44220E+000	-2.74594E-004	11	...........
	4554	455.5	1.44102E+000	-2.88219E-001	0.00000E+000	1.44120E+000	-2.79978E-004	11	...........
	4555	455.6	1.44003E+000	-2.88132E-001	0.00000E+000	1.44020E+000	-2.68010E-004	11	...........
	4556	455.7	1.43903E+000	-2.88248E-001	0.00000E+000	1.43920E+000	-2.75194E-004	11	...........
	4557	455.8	1.43803E+000	-2.88135E-001	0.00000E+000	1.43820E+000	-2.72794E-004	11	...........
	4558	455.9	1.43703E+000	-2.88127E-001	0.00000E+000	1.43720E+000	-2.64359E-004	11	...........
	4559	456	1.43604E+000	-2.88191E-001	0.00000E+000	1.43620E+000	-2.81395E-004	11	...........
	4560	456.1	1.43504E+000	-2.88032E-001	0.00000E+000	1.43520E+000	-2.66393E-004	11	...........
	4561	456.2	1.43404E+000	-2.87975E-001	0.00000E+000	1.43420E+000	-2.71677E-004	11	...........
	4562	456.3	1.43302E+000	-2.88043E-001	0.00000E+000	1.43320E+000	-2.77878E-004	11	...........
	4563	456.4	1.43202E+000	-2.87870E-001	0.00000E+000	1.43220E+000	-2.70927E-004	11	...........
	4564	456.5	1.43103E+000	-2.87962E-001	0.00000E+000	1.43120E+000	-2.73427E-004	11	...........
	4565	456.6	1.43002E+000	-2.87909E-001	0.00000E+000	1.43020E+000	-2.72261E-004	11	...........
	4566	456.7	1.42903E+000	-2.87929E-001	0.00000E+000	1.42920E+000	-2.68310E-004	11	...........
	4567	456.8	1.42804E+000	-2.87881E-001	0.00000E+000	1.42820E+000	-2.79245E-004	11	...........
	4568	456.9	1.42703E+000	-2.87925E-001	0.00000E+000	1.42720E+000	-2.65676E-004	11	...........
	4569	457	1.42605E+000	-2.87755E-001	0.00000E+000	1.42620E+000	-2.78378E-004	11	...........
	4570	457.1	1.42504E+000	-2.87815E-001	0.00000E+000	1.42520E+000	-2.82729E-004	11	...........
	4571	457.2	1.42406E+000	-2.87820E-001	0.00000E+000	1.42420E+000	-2.76128E-004	11	...........
	4572	457.3	1.42305E+000	-2.87898E-001	0.00000E+000	1.42320E+000	-2.87829E-004	11	...........
	4573	457.4	1.42206E+000	-2.87875E-001	0.00000E+000	1.42220E+000	-2.85963E-004	11	...........
	4574	457.5	1.42105E+000	-2.87875E-001	0.00000E+000	1.42120E+000	-2.75778E-004	11	...........
	4575	457.6	1.42006E+000	-2.87842E-001	0.00000E+000	1.42020E+000	-2.86179E-004	11	...........
	4576	457.7	1.41906E+000	-2.87902E-001	0.00000E+000	1.41920E+000	-2.72177E-004	11	...........
	4577	457.8	1.41807E+000	-2.87805E-001	0.00000E+000	1.41820E+000	-2.76178E-004	11	...........
	4578	457.9	1.41707E+000	-2.87767E-001	0.00000E+000	1.41720E+000	-2.78061E-004	11	...........
	4579	458	1.41608E+000	-2.87742E-001	0.00000E+000	1.41620E+000	-2.70627E-004	11	...........
	4580	458.1	1.41507E+000	-2.87768E-001	0.00000E+000	1.41520E+000	-2.72244E-004	11	...........
	4581	458.2	1.41407E+000	-2.87714E-001	0.00000E+000	1.41420E+000	-2.70810E-004	11	...........
	4582	458.3	1.41308E+000	-2.87550E-001	0.00000E+000	1.41320E+000	-2.65409E-004	11	...........
	4583	458.4	1.41209E+000	-2.87596E-001	0.00000E+000	1.41220E+000	-2.83096E-004	11	...........
	4584	458.5	1.41108E+000	-2.87668E-001	0.00000E+000	1.41120E+000	-2.61326E-004	11	...........
	4585	458.6	1.41009E+000	-2.87529E-001	0.00000E+000	1.41020E+000	-2.72461E-004	11	...........
	4586	458.7	1.40908E+000	-2.87540E-001	0.00000E+000	1.40920E+000	-2.75711E-004	11	...........
	4587	458.8	1.40809E+000	-2.87468E-001	0.00000E+000	1.40820E+000	-2.66476E-004	11	...........
	4588	458.9	1.40706E+000	-2.87637E-001	0.00000E+000	1.40720E+000	-2.72294E-004	11	...........
	4589	459	1.40606E+000	-2.87409E-001	0.00000E+000	1.40620E+000	-2.72677E-004	11	...........
	4590	459.1	1.40506E+000	-2.87390E-001	0.00000E+000	1.40520E+000	-2.59208E-004	11	...........
	4591	459.2	1.40408E+000	-2.87395E-001	0.00000E+000	1.40420E+000	-2.81279E-004	11	...........
	4592	459.3	1.40307E+000	-2.87453E-001	0.00000E+000	1.40320E+000	-2.61942E-004	11	...........
	4593	459.4	1.40208E+000	-2.87354E-001	0.00000E+000	1.40220E+000	-2.69943E-004	11	...........
	4594	459.5	1.40106E+000	-2.87434E-001	0.00000E+000	1.40120E+000	-2.70910E-004	11	...........
	4595	459.6	1.40009E+000	-2.87219E-001	0.00000E+000	1.40020E+000	-2.70777E-004	11	...........
	4596	459.7	1.39909E+000	-2.87262E-001	0.00000E+000	1.39920E+000	-2.78678E-004	11	...........
	4597	459.8	1.39809E+000	-2.87248E-001	0.00000E+000	1.39820E+000	-2.77245E-004	11	...........
	4598	459.9	1.39708E+000	-2.87235E-001	0.00000E+000	1.39720E+000	-2.76811E-004	11	...........
	4599	460	1.39610E+000	-2.87168E-001	0.00000E+000	1.39620E+000	-2.85229E-004	11	...........
	4600	460.1	1.39510E+000	-2.87102E-001	0.00000E+000	1.39520E+000	-2.75178E-004	11	...........
	4601	460.2	1.39411E+000	-2.86989E-001	0.00000E+000	1.39420E+000	-2.79395E-004	11	...........
	4602	460.3	1.39311E+000	-2.87013E-001	0.00000E+000	1.39320E+000	-2.80078E-004	11	...........
	4603	460.4	1.39212E+000	-2.86946E-001	0.00000E+000	1.39220E+000	-2.70177E-004	11	...........
	4604	460.5	1.39111E+000	-2.87049E-001	0.00000E+000	1.39120E+000	-2.76895E-004	11	...........
	4605	460.6	1.39012E+000	-2.86968E-001	0.00000E+000	1.39020E+000	-2.73244E-004	11	...........
	4606	460.7	1.38912E+000	-2.87000E-001	0.00000E+000	1.38920E+000	-2.62492E-004	11	...........
	4607	460.8	1.38812E+000	-2.86955E-001	0.00000E+000	1.38820E+000	-2.82345E-004	11	...........
	4608	460.9	1.38713E+000	-2.86963E-001	0.00000E+000	1.38720E+000	-2.64609E-004	11	...........
	4609	461	1.38614E+000	-2.86869E-001	0.00000E+000	1.38620E+000	-2.72010E-004	11	...........
	4610	461.1	1.38512E+000	-2.86988E-001	0.00000E+000	1.38520E+000	-2.67410E-004	11	...........
	4611	461.2	1.38414E+000	-2.86804E-001	0.00000E+000	1.38420E+000	-2.67376E-004	11	...........
	4612	461.3	1.38313E+000	-2.86836E-001	0.00000E+000	1.38320E+000	-2.72577E-004	11	...........
	4613	461.4	1.38210E+000	-2.86804E-001	0.00000E+000	1.38220E+000	-2.69043E-004	11	...........
	4614	461.5	1.38109E+000	-2.86680E-001	0.00000E+000	1.38120E+000	-2.63626E-004	11	...........
	4615	461.6	1.38012E+000	-2.86697E-001	0.00000E+000	1.38020E+000	-2.81195E-004	11	...........
	4616	461.7	1.37910E+000	-2.86733E-001	0.00000E+000	1.37920E+000	-2.60142E-004	11	...........
	4617	461.8	1.37812E+000	-2.86775E-001	0.00000E+000	1.37820E+000	-2.76094E-004	11	...........
	4618	461.9	1.37710E+000	-2.86761E-001	0.00000E+000	1.37720E+000	-2.75344E-004	11	...........
	4619	462	1.37613E+000	-2.86732E-001	0.00000E+000	1.37620E+000	-2.66576E-004	11	...........
	4620	462.1	1.37512E+000	-2.86834E-001	0.00000E+000	1.37520E+000	-2.78445E-004	11	...........
	4621	462.2	1.37413E+000	-2.86715E-001	0.00000E+000	1.37420E+000	-2.76394E-004	11	...........
	4622	462.3	1.37310E+000	-2.86697E-001	0.00000E+000	1.37320E+000	-2.70094E-004	11	...........
	4623	462.4	1.37213E+000	-2.86737E-001	0.00000E+000	1.37220E+000	-2.84646E-004	11	...........
	4624	462.5	1.37112E+000	-2.86782E-001	0.00000E+000	1.37120E+000	-2.83529E-004	11	...........
	4625	462.6	1.37013E+000	-2.86672E-001	0.00000E+000	1.37020E+000	-2.81729E-004	11	...........
	4626	462.7	1.36913E+000	-2.86648E-001	0.00000E+000	1.36920E+000	-2.78495E-004	11	...........
	4627	462.8	1.36815E+000	-2.86475E-001	0.00000E+000	1.36820E+000	-2.73877E-004	11	...........
	4628	462.9	1.36714E+000	-2.86506E-001	0.00000E+000	1.36720E+000	-2.75411E-004	11	...........
	4629	463	1.36615E+000	-2.86459E-001	0.00000E+000	1.36620E+000	-2.68960E-004	11	...........
	4630	463.1	1.36514E+000	-2.86485E-001	0.00000E+000	1.36520E+000	-2.65126E-004	11	...........
	4631	463.2	1.36416E+000	-2.86465E-001	0.00000E+000	1.36420E+000	-2.79845E-004	11	...........
	4632	463.3	1.36315E+000	-2.86454E-001	0.00000E+000	1.36320E+000	-2.57342E-004	11	...........
	4633	463.4	1.36216E+000	-2.86266E-001	0.00000E+000	1.36220E+000	-2.70977E-004	11	...........
	4634	463.5	1.36115E+000	-2.86322E-001	0.00000E+000	1.36120E+000	-2.67960E-004	11	...........
	4635	463.6	1.36017E+000	-2.86257E-001	0.00000E+000	1.36020E+000	-2.57958E-004	11	...........
	4636	463.7	1.35916E+000	-2.86419E-001	0.00000E+000	1.35920E+000	-2.72427E-004	11	...........
	4637	463.8	1.35817E+000	-2.86155E-001	0.00000E+000	1.35820E+000	-2.62642E-004	11	...........
	4638	463.9	1.35715E+000	-2.86156E-001	0.00000E+000	1.35720E+000	-2.57208E-004	11	...........
	4639	464	1.35614E+000	-2.86190E-001	0.00000E+000	1.35620E+000	-2.73861E-004	11	...........
	4640	464.1	1.35513E+000	-2.86044E-001	0.00000E+000	1.35520E+000	-2.52624E-004	11	...........
	4641	464.2	1.35415E+000	-2.86018E-001	0.00000E+000	1.35420E+000	-2.64293E-004	11	...........
	4642	464.3	1.35313E+000	-2.86108E-001	0.00000E+000	1.35320E+000	-2.58175E-004	11	...........
	4643	464.4	1.35216E+000	-2.86108E-001	0.00000E+000	1.35220E+000	-2.60492E-004	11	...........
	4644	464.5	1.35116E+000	-2.86096E-001	0.00000E+000	1.35120E+000	-2.64793E-004	11	...........
	4645	464.6	1.35015E+000	-2.86097E-001	0.00000E+000	1.35020E+000	-2.58342E-004	11	...........
	4646	464.7	1.34914E+000	-2.85973E-001	0.00000E+000	1.34920E+000	-2.57875E-004	11	...........
	4647	464.8	1.34817E+000	-2.86020E-001	0.00000E+000	1.34820E+000	-2.74277E-004	11	...........
	4648	464.9	1.34715E+000	-2.86038E-001	0.00000E+000	1.34720E+000	-2.59159E-004	11	...........
	4649	465	1.34617E+000	-2.86000E-001	0.00000E+000	1.34620E+000	-2.75644E-004	11	...........
	4650	465.1	1.34515E+000	-2.85942E-001	0.00000E+000	1.34520E+000	-2.81012E-004	11	...........
	4651	465.2	1.34418E+000	-2.85863E-001	0.00000E+000	1.34420E+000	-2.75194E-004	11	...........
	4652	465.3	1.34316E+000	-2.85902E-001	0.00000E+000	1.34320E+000	-2.80095E-004	11	...........
	4653	465.4	1.34218E+000	-2.85745E-001	0.00000E+000	1.34220E+000	-2.71410E-004	11	...........
	4654	465.5	1.34118E+000	-2.85685E-001	0.00000E+000	1.34120E+000	-2.66976E-004	11	...........
	4655	465.6	1.34019E+000	-2.85711E-001	0.00000E+000	1.34020E+000	-2.79128E-004	11	...........
	4656	465.7	1.33919E+000	-2.85716E-001	0.00000E+000	1.33920E+000	-2.63476E-004	11	...........
	4657	465.8	1.33819E+000	-2.85694E-001	0.00000E+000	1.33820E+000	-2.68260E-004	11	...........
	4658	465.9	1.33718E+000	-2.85680E-001	0.00000E+000	1.33720E+000	-2.65776E-004	11	...........
	4659	466	1.33620E+000	-2.85542E-001	0.00000E+000	1.33620E+000	-2.60642E-004	11	...........
	4660	466.1	1.33519E+000	-2.85607E-001	0.00000E+000	1.33520E+000	-2.73877E-004	11	...........
	4661	466.2	1.33420E+000	-2.85494E-001	0.00000E+000	1.33420E+000	-2.58325E-004	11	...........
	4662	466.3	1.33320E+000	-2.85422E-001	0.00000E+000	1.33320E+000	-2.64776E-004	11	...........
	4663	466.4	1.33221E+000	-2.85411E-001	0.00000E+000	1.33220E+000	-2.76378E-004	11	...........
	4664	466.5	1.33119E+000	-2.85442E-001	0.00000E+000	1.33120E+000	-2.55625E-004	11	...........
	4665	466.6	1.33019E+000	-2.85278E-001	0.00000E+000	1.33020E+000	-2.68360E-004	11	...........
	4666	466.7	1.32917E+000	-2.85287E-001	0.00000E+000	1.32920E+000	-2.66993E-004	11	...........
	4667	466.8	1.32819E+000	-2.85264E-001	0.00000E+000	1.32820E+000	-2.59342E-004	11	...........
	4668	466.9	1.32719E+000	-2.85331E-001	0.00000E+000	1.32720E+000	-2.73377E-004	11	...........
	4669	467	1.32620E+000	-2.85309E-001	0.00000E+000	1.32620E+000	-2.66193E-004	11	...........
	4670	467.1	1.32518E+000	-2.85352E-001	0.00000E+000	1.32520E+000	-2.62292E-004	11	...........
	4671	467.2	1.32420E+000	-2.85236E-001	0.00000E+000	1.32420E+000	-2.74694E-004	11	...........
	4672	467.3	1.32320E+000	-2.85206E-001	0.00000E+000	1.32320E+000	-2.66593E-004	11	...........
	4673	467.4	1.32221E+000	-2.85161E-001	0.00000E+000	1.32220E+000	-2.74861E-004	11	...........
	4674	467.5	1.32119E+000	-2.85208E-001	0.00000E+000	1.32120E+000	-2.75144E-004	11	...........
	4675	467.6	1.32022E+000	-2.85209E-001	0.00000E+000	1.32020E+000	-2.81329E-004	11	...........
	4676	467.7	1.31920E+000	-2.85241E-001	0.00000E+000	1.31920E+000	-2.81245E-004	11	...........
	4677	467.8	1.31821E+000	-2.85098E-001	0.00000E+000	1.31820E+000	-2.70210E-004	11	...........
	4678	467.9	1.31722E+000	-2.84937E-001	0.00000E+000	1.31720E+000	-2.70477E-004	11	...........
	4679	468	1.31622E+000	-2.84948E-001	0.00000E+000	1.31620E+000	-2.78895E-004	11	...........
	4680	468.1	1.31523E+000	-2.84947E-001	0.00000E+000	1.31520E+000	-2.63743E-004	11	...........
	4681	468.2	1.31423E+000	-2.84968E-001	0.00000E+000	1.31420E+000	-2.70677E-004	11	...........
	4682	468.3	1.31323E+000	-2.84886E-001	0.00000E+000	1.31320E+000	-2.66060E-004	11	...........
	4683	468.4	1.31223E+000	-2.84868E-001	0.00000E+000	1.31220E+000	-2.53158E-004	11	...........
	4684	468.5	1.31123E+000	-2.84989E-001	0.00000E+000	1.31120E+000	-2.75211E-004	11	...........
	4685	468.6	1.31023E+000	-2.84771E-001	0.00000E+000	1.31020E+000	-2.54725E-004	11	...........
	4686	468.7	1.30923E+000	-2.84841E-001	0.00000E+000	1.30920E+000	-2.61009E-004	11	...........
	4687	468.8	1.30824E+000	-2.84822E-001	0.00000E+000	1.30820E+000	-2.64009E-004	11	...........
	4688	468.9	1.30725E+000	-2.84665E-001	0.00000E+000	1.30720E+000	-2.58675E-004	11	...........
	4689	469	1.30625E+000	-2.84540E-001	0.00000E+000	1.30620E+000	-2.62442E-004	11	...........
	4690	469.1	1.30521E+000	-2.84536E-001	0.00000E+000	1.30520E+000	-2.60625E-004	11	...........
	4691	469.2	1.30422E+000	-2.84506E-001	0.00000E+000	1.30420E+000	-2.52924E-004	11	...........
	4692	469.3	1.30323E+000	-2.84525E-001	0.00000E+000	1.30320E+000	-2.74394E-004	11	...........
	4693	469.4	1.30223E+000	-2.84463E-001	0.00000E+000	1.30220E+000	-2.50974E-004	11	...........
	4694	469.5	1.30123E+000	-2.84553E-001	0.00000E+000	1.30120E+000	-2.61209E-004	11	...........
	4695	469.6	1.30023E+000	-2.84434E-001	0.00000E+000	1.30020E+000	-2.69110E-004	11	...........
	4696	469.7	1.29923E+000	-2.84546E-001	0.00000E+000	1.29920E+000	-2.57725E-004	11	...........
	4697	469.8	1.29824E+000	-2.84373E-001	0.00000E+000	1.29820E+000	-2.67776E-004	11	...........
	4698	469.9	1.29723E+000	-2.84424E-001	0.00000E+000	1.29720E+000	-2.67426E-004	11	...........
	4699	470	1.29624E+000	-2.84388E-001	0.00000E+000	1.29620E+000	-2.56091E-004	11	...........
	4700	470.1	1.29524E+000	-2.84477E-001	0.00000E+000	1.29520E+000	-2.78695E-004	11	...........
	4701	470.2	1.29424E+000	-2.84342E-001	0.00000E+000	1.29420E+000	-2.73644E-004	11	...........
	4702	470.3	1.29324E+000	-2.84290E-001	0.00000E+000	1.29320E+000	-2.75961E-004	11	...........
	4703	470.4	1.29225E+000	-2.84277E-001	0.00000E+000	1.29220E+000	-2.80378E-004	11	...........
	4704	470.5	1.29126E+000	-2.84143E-001	0.00000E+000	1.29120E+000	-2.67576E-004	11	...........
	4705	470.6	1.29025E+000	-2.84094E-001	0.00000E+000	1.29020E+000	-2.67426E-004	11	...........
	4706	470.7	1.28926E+000	-2.84088E-001	0.00000E+000	1.28920E+000	-2.63926E-004	11	...........
	4707	470.8	1.28826E+000	-2.84047E-001	0.00000E+000	1.28820E+000	-2.55841E-004	11	...........
	4708	470.9	1.28727E+000	-2.84021E-001	0.00000E+000	1.28720E+000	-2.75061E-004	11	...........
	4709	471	1.28626E+000	-2.83897E-001	0.00000E+000	1.28620E+000	-2.48824E-004	11	...........
	4710	471.1	1.28528E+000	-2.83810E-001	0.00000E+000	1.28520E+000	-2.59809E-004	11	...........
	4711	471.2	1.28427E+000	-2.83909E-001	0.00000E+000	1.28420E+000	-2.61242E-004	11	...........
	4712	471.3	1.28328E+000	-2.83871E-001	0.00000E+000	1.28320E+000	-2.53324E-004	11	...........
	4713	471.4	1.28229E+000	-2.83720E-001	0.00000E+000	1.28220E+000	-2.61809E-004	11	...........
	4714	471.5	1.28129E+000	-2.83688E-001	0.00000E+000	1.28120E+000	-2.61309E-004	11	...........
	4715	471.6	1.28028E+000	-2.83564E-001	0.00000E+000	1.28020E+000	-2.47873E-004	11	...........
	4716	471.7	1.27926E+000	-2.83695E-001	0.00000E+000	1.27920E+000	-2.74478E-004	11	...........
	4717	471.8	1.27826E+000	-2.83498E-001	0.00000E+000	1.27820E+000	-2.49540E-004	11	...........
	4718	471.9	1.27726E+000	-2.83531E-001	0.00000E+000	1.27720E+000	-2.58608E-004	11	...........
	4719	472	1.27626E+000	-2.83529E-001	0.00000E+000	1.27620E+000	-2.59859E-004	11	...........
	4720	472.1	1.27527E+000	-2.83576E-001	0.00000E+000	1.27520E+000	-2.58742E-004	11	...........
	4721	472.2	1.27427E+000	-2.83458E-001	0.00000E+000	1.27420E+000	-2.59809E-004	11	...........
	4722	472.3	1.27327E+000	-2.83492E-001	0.00000E+000	1.27320E+000	-2.60542E-004	11	...........
	4723	472.4	1.27226E+000	-2.83372E-001	0.00000E+000	1.27220E+000	-2.52724E-004	11	...........
	4724	472.5	1.27128E+000	-2.83397E-001	0.00000E+000	1.27120E+000	-2.76795E-004	11	...........
	4725	472.6	1.27027E+000	-2.83364E-001	0.00000E+000	1.27020E+000	-2.58608E-004	11	...........
	4726	472.7	1.26929E+000	-2.83344E-001	0.00000E+000	1.26920E+000	-2.72811E-004	11	...........
	4727	472.8	1.26828E+000	-2.83340E-001	0.00000E+000	1.26820E+000	-2.83712E-004	11	...........
	4728	472.9	1.26729E+000	-2.83372E-001	0.00000E+000	1.26720E+000	-2.63726E-004	11	...........
	4729	473	1.26628E+000	-2.83203E-001	0.00000E+000	1.26620E+000	-2.71510E-004	11	...........
	4730	473.1	1.26529E+000	-2.83150E-001	0.00000E+000	1.26520E+000	-2.62742E-004	11	...........
	4731	473.2	1.26430E+000	-2.83106E-001	0.00000E+000	1.26420E+000	-2.49374E-004	11	...........
	4732	473.3	1.26330E+000	-2.83227E-001	0.00000E+000	1.26320E+000	-2.73527E-004	11	...........
	4733	473.4	1.26230E+000	-2.83051E-001	0.00000E+000	1.26220E+000	-2.45873E-004	11	...........
	4734	473.5	1.26131E+000	-2.83085E-001	0.00000E+000	1.26120E+000	-2.55525E-004	11	...........
	4735	473.6	1.26030E+000	-2.83015E-001	0.00000E+000	1.26020E+000	-2.49857E-004	11	...........
	4736	473.7	1.25932E+000	-2.82945E-001	0.00000E+000	1.25920E+000	-2.47757E-004	11	...........
	4737	473.8	1.25831E+000	-2.82923E-001	0.00000E+000	1.25820E+000	-2.53974E-004	11	...........
	4738	473.9	1.25732E+000	-2.82903E-001	0.00000E+000	1.25720E+000	-2.46207E-004	11	...........
	4739	474	1.25631E+000	-2.82786E-001	0.00000E+000	1.25620E+000	-2.38172E-004	11	...........
	4740	474.1	1.25532E+000	-2.82834E-001	0.00000E+000	1.25520E+000	-2.63226E-004	11	...........
	4741	474.2	1.25428E+000	-2.82780E-001	0.00000E+000	1.25420E+000	-2.31671E-004	11	...........
	4742	474.3	1.25330E+000	-2.82579E-001	0.00000E+000	1.25320E+000	-2.51324E-004	11	...........
	4743	474.4	1.25229E+000	-2.82583E-001	0.00000E+000	1.25220E+000	-2.48774E-004	11	...........
	4744	474.5	1.25131E+000	-2.82601E-001	0.00000E+000	1.25120E+000	-2.44473E-004	11	...........
	4745	474.6	1.25031E+000	-2.82656E-001	0.00000E+000	1.25020E+000	-2.50424E-004	11	...........
	4746	474.7	1.24931E+000	-2.82683E-001	0.00000E+000	1.24920E+000	-2.51941E-004	11	...........
	4747	474.8	1.24829E+000	-2.82510E-001	0.00000E+000	1.24820E+000	-2.30921E-004	11	...........
	4748	474.9	1.24732E+000	-2.82583E-001	0.00000E+000	1.24720E+000	-2.65393E-004	11	...........
	4749	475	1.24631E+000	-2.82424E-001	0.00000E+000	1.24620E+000	-2.37322E-004	11	...........
	4750	475.1	1.24533E+000	-2.82421E-001	0.00000E+000	1.24520E+000	-2.53458E-004	11	...........
	4751	475.2	1.24430E+000	-2.82435E-001	0.00000E+000	1.24420E+000	-2.48574E-004	11	...........
	4752	475.3	1.24334E+000	-2.82393E-001	0.00000E+000	1.24320E+000	-2.55575E-004	11	...........
	4753	475.4	1.24232E+000	-2.82285E-001	0.00000E+000	1.24220E+000	-2.72711E-004	11	...........
	4754	475.5	1.24133E+000	-2.82306E-001	0.00000E+000	1.24120E+000	-2.74511E-004	11	...........
	4755	475.6	1.24033E+000	-2.82203E-001	0.00000E+000	1.24020E+000	-2.67460E-004	11	...........
	4756	475.7	1.23933E+000	-2.82255E-001	0.00000E+000	1.23920E+000	-2.79445E-004	11	...........
	4757	475.8	1.23834E+000	-2.82116E-001	0.00000E+000	1.23820E+000	-2.56641E-004	11	...........
	4758	475.9	1.23735E+000	-2.82112E-001	0.00000E+000	1.23720E+000	-2.65993E-004	11	...........
	4759	476	1.23634E+000	-2.82081E-001	0.00000E+000	1.23620E+000	-2.66876E-004	11	...........
	4760	476.1	1.23535E+000	-2.82037E-001	0.00000E+000	1.23520E+000	-2.55158E-004	11	...........
	4761	476.2	1.23435E+000	-2.81891E-001	0.00000E+000	1.23420E+000	-2.66126E-004	11	...........
	4762	476.3	1.23335E+000	-2.81992E-001	0.00000E+000	1.23320E+000	-2.59609E-004	11	...........
	4763	476.4	1.23235E+000	-2.81838E-001	0.00000E+000	1.23220E+000	-2.53491E-004	11	...........
	4764	476.5	1.23135E+000	-2.81990E-001	0.00000E+000	1.23120E+000	-2.70910E-004	11	...........
	4765	476.6	1.23037E+000	-2.81655E-001	0.00000E+000	1.23020E+000	-2.53041E-004	11	...........
	4766	476.7	1.22937E+000	-2.81731E-001	0.00000E+000	1.22920E+000	-2.62459E-004	11	...........
	4767	476.8	1.22832E+000	-2.81764E-001	0.00000E+000	1.22820E+000	-2.56808E-004	11	...........
	4768	476.9	1.22735E+000	-2.81669E-001	0.00000E+000	1.22720E+000	-2.57308E-004	11	...........
	4769	477	1.22634E+000	-2.81649E-001	0.00000E+000	1.22620E+000	-2.65576E-004	11	...........
	4770	477.1	1.22535E+000	-2.81638E-001	0.00000E+000	1.22520E+000	-2.55775E-004	11	...........
	4771	477.2	1.22433E+000	-2.81538E-001	0.00000E+000	1.22420E+000	-2.58508E-004	11	...........
	4772	477.3	1.22335E+000	-2.81561E-001	0.00000E+000	1.22320E+000	-2.75711E-004	11	...........
	4773	477.4	1.22234E+000	-2.81428E-001	0.00000E+000	1.22220E+000	-2.52641E-004	11	...........
	4774	477.5	1.22136E+000	-2.81418E-001	0.00000E+000	1.22120E+000	-2.68527E-004	11	...........
	4775	477.6	1.22034E+000	-2.81433E-001	0.00000E+000	1.22020E+000	-2.67493E-004	11	...........
	4776	477.7	1.21937E+000	-2.81366E-001	0.00000E+000	1.21920E+000	-2.65676E-004	11	...........
	4777	477.8	1.21835E+000	-2.81423E-001	0.00000E+000	1.21820E+000	-2.77511E-004	11	...........
	4778	477.9	1.21737E+000	-2.81321E-001	0.00000E+000	1.21720E+000	-2.78345E-004	11	...........
	4779	478	1.21635E+000	-2.81206E-001	0.00000E+000	1.21620E+000	-2.67326E-004	11	...........
	4780	478.1	1.21537E+000	-2.81264E-001	0.00000E+000	1.21520E+000	-2.80945E-004	11	...........
	4781	478.2	1.21438E+000	-2.81023E-001	0.00000E+000	1.21420E+000	-2.61776E-004	11	...........
	4782	478.3	1.21338E+000	-2.81003E-001	0.00000E+000	1.21320E+000	-2.63543E-004	11	...........
	4783	478.4	1.21238E+000	-2.81111E-001	0.00000E+000	1.21220E+000	-2.62426E-004	11	...........
	4784	478.5	1.21139E+000	-2.81033E-001	0.00000E+000	1.21120E+000	-2.56825E-004	11	...........
	4785	478.6	1.21039E+000	-2.80972E-001	0.00000E+000	1.21020E+000	-2.68927E-004	11	...........
	4786	478.7	1.20939E+000	-2.80949E-001	0.00000E+000	1.20920E+000	-2.53224E-004	11	...........
	4787	478.8	1.20839E+000	-2.80845E-001	0.00000E+000	1.20820E+000	-2.56791E-004	11	...........
	4788	478.9	1.20740E+000	-2.80890E-001	0.00000E+000	1.20720E+000	-2.68043E-004	11	...........
	4789	479	1.20640E+000	-2.80765E-001	0.00000E+000	1.20620E+000	-2.49674E-004	11	...........
	4790	479.1	1.20541E+000	-2.80646E-001	0.00000E+000	1.20520E+000	-2.58475E-004	11	...........
	4791	479.2	1.20440E+000	-2.80637E-001	0.00000E+000	1.20420E+000	-2.59509E-004	11	...........
	4792	479.3	1.20341E+000	-2.80599E-001	0.00000E+000	1.20320E+000	-2.47023E-004	11	...........
	4793	479.4	1.20238E+000	-2.80488E-001	0.00000E+000	1.20220E+000	-2.63926E-004	11	...........
	4794	479.5	1.20138E+000	-2.80545E-001	0.00000E+000	1.20120E+000	-2.50791E-004	11	...........
	4795	479.6	1.20038E+000	-2.80388E-001	0.00000E+000	1.20020E+000	-2.52508E-004	11	...........
	4796	479.7	1.19939E+000	-2.80503E-001	0.00000E+000	1.19920E+000	-2.65643E-004	11	...........
	4797	479.8	1.19839E+000	-2.80429E-001	0.00000E+000	1.19820E+000	-2.49907E-004	11	...........
	4798	479.9	1.19740E+000	-2.80475E-001	0.00000E+000	1.19720E+000	-2.57758E-004	11	...........
	4799	480	1.19638E+000	-2.80436E-001	0.00000E+000	1.19620E+000	-2.57792E-004	11	...........
	4800	480.1	1.19540E+000	-2.80339E-001	0.00000E+000	1.19520E+000	-2.53991E-004	11	...........
	4801	480.2	1.19440E+000	-2.80226E-001	0.00000E+000	1.19420E+000	-2.69860E-004	11	...........
	4802	480.3	1.19341E+000	-2.80259E-001	0.00000E+000	1.19320E+000	-2.56391E-004	11	...........
	4803	480.4	1.19240E+000	-2.80207E-001	0.00000E+000	1.19220E+000	-2.67360E-004	11	...........
	4804	480.5	1.19141E+000	-2.80167E-001	0.00000E+000	1.19120E+000	-2.78228E-004	11	...........
	4805	480.6	1.19042E+000	-2.80134E-001	0.00000E+000	1.19020E+000	-2.60125E-004	11	...........
	4806	480.7	1.18942E+000	-2.80006E-001	0.00000E+000	1.18920E+000	-2.71494E-004	11	...........
	4807	480.8	1.18842E+000	-2.79984E-001	0.00000E+000	1.18820E+000	-2.65209E-004	11	...........
	4808	480.9	1.18743E+000	-2.80032E-001	0.00000E+000	1.18720E+000	-2.55708E-004	11	...........
	4809	481	1.18642E+000	-2.80030E-001	0.00000E+000	1.18620E+000	-2.69393E-004	11	...........
	4810	481.1	1.18543E+000	-2.79943E-001	0.00000E+000	1.18520E+000	-2.51574E-004	11	...........
	4811	481.2	1.18443E+000	-2.79892E-001	0.00000E+000	1.18420E+000	-2.54408E-004	11	...........
	4812	481.3	1.18343E+000	-2.79938E-001	0.00000E+000	1.18320E+000	-2.65359E-004	11	...........
	4813	481.4	1.18244E+000	-2.79756E-001	0.00000E+000	1.18220E+000	-2.51374E-004	11	...........
	4814	481.5	1.18144E+000	-2.79668E-001	0.00000E+000	1.18120E+000	-2.56525E-004	11	...........
	4815	481.6	1.18044E+000	-2.79642E-001	0.00000E+000	1.18020E+000	-2.53541E-004	11	...........
	4816	481.7	1.17945E+000	-2.79555E-001	0.00000E+000	1.17920E+000	-2.41573E-004	11	...........
	4817	481.8	1.17845E+000	-2.79388E-001	0.00000E+000	1.17820E+000	-2.62659E-004	11	...........
	4818	481.9	1.17742E+000	-2.79579E-001	0.00000E+000	1.17720E+000	-2.42023E-004	11	...........
	4819	482	1.17641E+000	-2.79417E-001	0.00000E+000	1.17620E+000	-2.53258E-004	11	...........
	4820	482.1	1.17542E+000	-2.79596E-001	0.00000E+000	1.17520E+000	-2.64826E-004	11	...........
	4821	482.2	1.17442E+000	-2.79509E-001	0.00000E+000	1.17420E+000	-2.48824E-004	11	...........
	4822	482.3	1.17343E+000	-2.79417E-001	0.00000E+000	1.17320E+000	-2.57342E-004	11	...........
	4823	482.4	1.17242E+000	-2.79322E-001	0.00000E+000	1.17220E+000	-2.59108E-004	11	...........
	4824	482.5	1.17143E+000	-2.79334E-001	0.00000E+000	1.17120E+000	-2.44373E-004	11	...........
	4825	482.6	1.17043E+000	-2.79197E-001	0.00000E+000	1.17020E+000	-2.70060E-004	11	...........
	4826	482.7	1.16943E+000	-2.79258E-001	0.00000E+000	1.16920E+000	-2.52908E-004	11	...........
	4827	482.8	1.16843E+000	-2.79143E-001	0.00000E+000	1.16820E+000	-2.62542E-004	11	...........
	4828	482.9	1.16744E+000	-2.79209E-001	0.00000E+000	1.16720E+000	-2.71427E-004	11	...........
	4829	483	1.16645E+000	-2.79076E-001	0.00000E+000	1.16620E+000	-2.67960E-004	11	...........
	4830	483.1	1.16544E+000	-2.79074E-001	0.00000E+000	1.16520E+000	-2.74711E-004	11	...........
	4831	483.2	1.16444E+000	-2.79122E-001	0.00000E+000	1.16420E+000	-2.63826E-004	11	...........
	4832	483.3	1.16345E+000	-2.78940E-001	0.00000E+000	1.16320E+000	-2.55708E-004	11	...........
	4833	483.4	1.16245E+000	-2.78780E-001	0.00000E+000	1.16220E+000	-2.70260E-004	11	...........
	4834	483.5	1.16145E+000	-2.78936E-001	0.00000E+000	1.16120E+000	-2.45323E-004	11	...........
	4835	483.6	1.16046E+000	-2.78856E-001	0.00000E+000	1.16020E+000	-2.54224E-004	11	...........
	4836	483.7	1.15946E+000	-2.78883E-001	0.00000E+000	1.15920E+000	-2.61092E-004	11	...........
	4837	483.8	1.15847E+000	-2.78742E-001	0.00000E+000	1.15820E+000	-2.46307E-004	11	...........
	4838	483.9	1.15746E+000	-2.78752E-001	0.00000E+000	1.15720E+000	-2.53408E-004	11	...........
	4839	484	1.15647E+000	-2.78760E-001	0.00000E+000	1.15620E+000	-2.51057E-004	11	...........
	4840	484.1	1.15547E+000	-2.78639E-001	0.00000E+000	1.15520E+000	-2.35238E-004	11	...........
	4841	484.2	1.15448E+000	-2.78500E-001	0.00000E+000	1.15420E+000	-2.66643E-004	11	...........
	4842	484.3	1.15348E+000	-2.78495E-001	0.00000E+000	1.15320E+000	-2.40472E-004	11	...........
	4843	484.4	1.15248E+000	-2.78408E-001	0.00000E+000	1.15220E+000	-2.49407E-004	11	...........
	4844	484.5	1.15145E+000	-2.78457E-001	0.00000E+000	1.15120E+000	-2.51357E-004	11	...........
	4845	484.6	1.15046E+000	-2.78300E-001	0.00000E+000	1.15020E+000	-2.44673E-004	11	...........
	4846	484.7	1.14946E+000	-2.78255E-001	0.00000E+000	1.14920E+000	-2.45590E-004	11	...........
	4847	484.8	1.14846E+000	-2.78331E-001	0.00000E+000	1.14820E+000	-2.48390E-004	11	...........
	4848	484.9	1.14746E+000	-2.78330E-001	0.00000E+000	1.14720E+000	-2.34855E-004	11	...........
	4849	485	1.14648E+000	-2.78214E-001	0.00000E+000	1.14620E+000	-2.62642E-004	11	...........
	4850	485.1	1.14546E+000	-2.78163E-001	0.00000E+000	1.14520E+000	-2.29837E-004	11	...........
	4851	485.2	1.14447E+000	-2.78184E-001	0.00000E+000	1.14420E+000	-2.54991E-004	11	...........
	4852	485.3	1.14347E+000	-2.78235E-001	0.00000E+000	1.14320E+000	-2.55858E-004	11	...........
	4853	485.4	1.14249E+000	-2.78084E-001	0.00000E+000	1.14220E+000	-2.49424E-004	11	...........
	4854	485.5	1.14147E+000	-2.78168E-001	0.00000E+000	1.14120E+000	-2.62792E-004	11	...........
	4855	485.6	1.14049E+000	-2.78054E-001	0.00000E+000	1.14020E+000	-2.66343E-004	11	...........
	4856	485.7	1.13947E+000	-2.78036E-001	0.00000E+000	1.13920E+000	-2.60392E-004	11	...........
	4857	485.8	1.13849E+000	-2.77852E-001	0.00000E+000	1.13820E+000	-2.74161E-004	11	...........
	4858	485.9	1.13749E+000	-2.77773E-001	0.00000E+000	1.13720E+000	-2.52941E-004	11	...........
	4859	486	1.13650E+000	-2.77851E-001	0.00000E+000	1.13620E+000	-2.55441E-004	11	...........
	4860	486.1	1.13549E+000	-2.77821E-001	0.00000E+000	1.13520E+000	-2.59975E-004	11	...........
	4861	486.2	1.13451E+000	-2.77668E-001	0.00000E+000	1.13420E+000	-2.48023E-004	11	...........
	4862	486.3	1.13350E+000	-2.77752E-001	0.00000E+000	1.13320E+000	-2.53241E-004	11	...........
	4863	486.4	1.13250E+000	-2.77726E-001	0.00000E+000	1.13220E+000	-2.49774E-004	11	...........
	4864	486.5	1.13150E+000	-2.77582E-001	0.00000E+000	1.13120E+000	-2.42923E-004	11	...........
	4865	486.6	1.13051E+000	-2.77605E-001	0.00000E+000	1.13020E+000	-2.65876E-004	11	...........
	4866	486.7	1.12951E+000	-2.77617E-001	0.00000E+000	1.12920E+000	-2.36605E-004	11	...........
	4867	486.8	1.12852E+000	-2.77448E-001	0.00000E+000	1.12820E+000	-2.53241E-004	11	...........
	4868	486.9	1.12751E+000	-2.77499E-001	0.00000E+000	1.12720E+000	-2.57008E-004	11	...........
	4869	487	1.12652E+000	-2.77269E-001	0.00000E+000	1.12620E+000	-2.47957E-004	11	...........
	4870	487.1	1.12549E+000	-2.77264E-001	0.00000E+000	1.12520E+000	-2.53224E-004	11	...........
	4871	487.2	1.12450E+000	-2.77270E-001	0.00000E+000	1.12420E+000	-2.51691E-004	11	...........
	4872	487.3	1.12349E+000	-2.77265E-001	0.00000E+000	1.12320E+000	-2.37272E-004	11	...........
	4873	487.4	1.12251E+000	-2.77224E-001	0.00000E+000	1.12220E+000	-2.64776E-004	11	...........
	4874	487.5	1.12150E+000	-2.77226E-001	0.00000E+000	1.12120E+000	-2.42789E-004	11	...........
	4875	487.6	1.12052E+000	-2.77175E-001	0.00000E+000	1.12020E+000	-2.53508E-004	11	...........
	4876	487.7	1.11949E+000	-2.77341E-001	0.00000E+000	1.11920E+000	-2.52541E-004	11	...........
	4877	487.8	1.11852E+000	-2.77117E-001	0.00000E+000	1.11820E+000	-2.54424E-004	11	...........
	4878	487.9	1.11750E+000	-2.77119E-001	0.00000E+000	1.11720E+000	-2.62626E-004	11	...........
	4879	488	1.11652E+000	-2.77085E-001	0.00000E+000	1.11620E+000	-2.59892E-004	11	...........
	4880	488.1	1.11551E+000	-2.77100E-001	0.00000E+000	1.11520E+000	-2.65726E-004	11	...........
	4881	488.2	1.11452E+000	-2.76972E-001	0.00000E+000	1.11420E+000	-2.72861E-004	11	...........
	4882	488.3	1.11352E+000	-2.76977E-001	0.00000E+000	1.11320E+000	-2.55025E-004	11	...........
	4883	488.4	1.11253E+000	-2.76780E-001	0.00000E+000	1.11220E+000	-2.62309E-004	11	...........
	4884	488.5	1.11153E+000	-2.76888E-001	0.00000E+000	1.11120E+000	-2.64059E-004	11	...........
	4885	488.6	1.11054E+000	-2.76743E-001	0.00000E+000	1.11020E+000	-2.52074E-004	11	...........
	4886	488.7	1.10954E+000	-2.76710E-001	0.00000E+000	1.10920E+000	-2.57208E-004	11	...........
	4887	488.8	1.10854E+000	-2.76711E-001	0.00000E+000	1.10820E+000	-2.48440E-004	11	...........
	4888	488.9	1.10754E+000	-2.76680E-001	0.00000E+000	1.10720E+000	-2.43640E-004	11	...........
	4889	489	1.10654E+000	-2.76597E-001	0.00000E+000	1.10620E+000	-2.62559E-004	11	...........
	4890	489.1	1.10555E+000	-2.76579E-001	0.00000E+000	1.10520E+000	-2.38089E-004	11	...........
	4891	489.2	1.10456E+000	-2.76529E-001	0.00000E+000	1.10420E+000	-2.46973E-004	11	...........
	4892	489.3	1.10354E+000	-2.76601E-001	0.00000E+000	1.10320E+000	-2.42389E-004	11	...........
	4893	489.4	1.10257E+000	-2.76383E-001	0.00000E+000	1.10220E+000	-2.39739E-004	11	...........
	4894	489.5	1.10155E+000	-2.76366E-001	0.00000E+000	1.10120E+000	-2.49157E-004	11	...........
	4895	489.6	1.10053E+000	-2.76393E-001	0.00000E+000	1.10020E+000	-2.39972E-004	11	...........
	4896	489.7	1.09952E+000	-2.76319E-001	0.00000E+000	1.09920E+000	-2.37189E-004	11	...........
	4897	489.8	1.09854E+000	-2.76151E-001	0.00000E+000	1.09820E+000	-2.60592E-004	11	...........
	4898	489.9	1.09753E+000	-2.76174E-001	0.00000E+000	1.09720E+000	-2.28621E-004	11	...........
	4899	490	1.09655E+000	-2.76213E-001	0.00000E+000	1.09620E+000	-2.47240E-004	11	...........
	4900	490.1	1.09553E+000	-2.76227E-001	0.00000E+000	1.09520E+000	-2.51224E-004	11	...........
	4901	490.2	1.09457E+000	-2.76035E-001	0.00000E+000	1.09420E+000	-2.38155E-004	11	...........
	4902	490.3	1.09355E+000	-2.75977E-001	0.00000E+000	1.09320E+000	-2.55291E-004	11	...........
	4903	490.4	1.09256E+000	-2.76064E-001	0.00000E+000	1.09220E+000	-2.46440E-004	11	...........
	4904	490.5	1.09154E+000	-2.76074E-001	0.00000E+000	1.09120E+000	-2.43306E-004	11	...........
	4905	490.6	1.09056E+000	-2.76079E-001	0.00000E+000	1.09020E+000	-2.66593E-004	11	...........
	4906	490.7	1.08955E+000	-2.76058E-001	0.00000E+000	1.08920E+000	-2.55808E-004	11	...........
	4907	490.8	1.08856E+000	-2.75984E-001	0.00000E+000	1.08820E+000	-2.69893E-004	11	...........
	4908	490.9	1.08756E+000	-2.75966E-001	0.00000E+000	1.08720E+000	-2.63276E-004	11	...........
	4909	491	1.08657E+000	-2.75774E-001	0.00000E+000	1.08620E+000	-2.53658E-004	11	...........
	4910	491.1	1.08557E+000	-2.75704E-001	0.00000E+000	1.08520E+000	-2.60525E-004	11	...........
	4911	491.2	1.08457E+000	-2.75776E-001	0.00000E+000	1.08420E+000	-2.45073E-004	11	...........
	4912	491.3	1.08357E+000	-2.75697E-001	0.00000E+000	1.08320E+000	-2.46507E-004	11	...........
	4913	491.4	1.08258E+000	-2.75537E-001	0.00000E+000	1.08220E+000	-2.62709E-004	11	...........
	4914	491.5	1.08158E+000	-2.75537E-001	0.00000E+000	1.08120E+000	-2.36455E-004	11	...........
	4915	491.6	1.08059E+000	-2.75371E-001	0.00000E+000	1.08020E+000	-2.50324E-004	11	...........
	4916	491.7	1.07958E+000	-2.75457E-001	0.00000E+000	1.07920E+000	-2.47957E-004	11	...........
	4917	491.8	1.07860E+000	-2.75402E-001	0.00000E+000	1.07820E+000	-2.30854E-004	11	...........
	4918	491.9	1.07760E+000	-2.75327E-001	0.00000E+000	1.07720E+000	-2.53508E-004	11	...........
	4919	492	1.07661E+000	-2.75237E-001	0.00000E+000	1.07620E+000	-2.36655E-004	11	...........
	4920	492.1	1.07559E+000	-2.75244E-001	0.00000E+000	1.07520E+000	-2.37755E-004	11	...........
	4921	492.2	1.07457E+000	-2.75164E-001	0.00000E+000	1.07420E+000	-2.55508E-004	11	...........
	4922	492.3	1.07356E+000	-2.75182E-001	0.00000E+000	1.07320E+000	-2.33955E-004	11	...........
	4923	492.4	1.07258E+000	-2.75121E-001	0.00000E+000	1.07220E+000	-2.44273E-004	11	...........
	4924	492.5	1.07156E+000	-2.75254E-001	0.00000E+000	1.07120E+000	-2.42023E-004	11	...........
	4925	492.6	1.07058E+000	-2.75101E-001	0.00000E+000	1.07020E+000	-2.36788E-004	11	...........
	4926	492.7	1.06958E+000	-2.75124E-001	0.00000E+000	1.06920E+000	-2.50841E-004	11	...........
	4927	492.8	1.06858E+000	-2.75105E-001	0.00000E+000	1.06820E+000	-2.37922E-004	11	...........
	4928	492.9	1.06757E+000	-2.75095E-001	0.00000E+000	1.06720E+000	-2.41222E-004	11	...........
	4929	493	1.06659E+000	-2.75013E-001	0.00000E+000	1.06620E+000	-2.58575E-004	11	...........
	4930	493.1	1.06558E+000	-2.75109E-001	0.00000E+000	1.06520E+000	-2.41773E-004	11	...........
	4931	493.2	1.06459E+000	-2.75083E-001	0.00000E+000	1.06420E+000	-2.60509E-004	11	...........
	4932	493.3	1.06359E+000	-2.75078E-001	0.00000E+000	1.06320E+000	-2.66476E-004	11	...........
	4933	493.4	1.06260E+000	-2.74946E-001	0.00000E+000	1.06220E+000	-2.48390E-004	11	...........
	4934	493.5	1.06159E+000	-2.74816E-001	0.00000E+000	1.06120E+000	-2.61426E-004	11	...........
	4935	493.6	1.06060E+000	-2.74803E-001	0.00000E+000	1.06020E+000	-2.45306E-004	11	...........
	4936	493.7	1.05961E+000	-2.74766E-001	0.00000E+000	1.05920E+000	-2.41423E-004	11	...........
	4937	493.8	1.05861E+000	-2.74692E-001	0.00000E+000	1.05820E+000	-2.54024E-004	11	...........
	4938	493.9	1.05762E+000	-2.74661E-001	0.00000E+000	1.05720E+000	-2.37505E-004	11	...........
	4939	494	1.05662E+000	-2.74563E-001	0.00000E+000	1.05620E+000	-2.39589E-004	11	...........
	4940	494.1	1.05561E+000	-2.74585E-001	0.00000E+000	1.05520E+000	-2.36488E-004	11	...........
	4941	494.2	1.05463E+000	-2.74370E-001	0.00000E+000	1.05420E+000	-2.23453E-004	11	...........
	4942	494.3	1.05362E+000	-2.74467E-001	0.00000E+000	1.05320E+000	-2.51307E-004	11	...........
	4943	494.4	1.05262E+000	-2.74442E-001	0.00000E+000	1.05220E+000	-2.18769E-004	11	...........
	4944	494.5	1.05163E+000	-2.74377E-001	0.00000E+000	1.05120E+000	-2.34621E-004	11	...........
	4945	494.6	1.05063E+000	-2.74277E-001	0.00000E+000	1.05020E+000	-2.45623E-004	11	...........
	4946	494.7	1.04961E+000	-2.74300E-001	0.00000E+000	1.04920E+000	-2.25820E-004	11	...........
	4947	494.8	1.04861E+000	-2.74179E-001	0.00000E+000	1.04820E+000	-2.35888E-004	11	...........
	4948	494.9	1.04760E+000	-2.74227E-001	0.00000E+000	1.04720E+000	-2.34772E-004	11	...........
	4949	495	1.04661E+000	-2.74154E-001	0.00000E+000	1.04620E+000	-2.16052E-004	11	...........
	4950	495.1	1.04561E+000	-2.74112E-001	0.00000E+000	1.04520E+000	-2.48074E-004	11	...........
	4951	495.2	1.04462E+000	-2.74080E-001	0.00000E+000	1.04420E+000	-2.23070E-004	11	...........
	4952	495.3	1.04361E+000	-2.74077E-001	0.00000E+000	1.04320E+000	-2.27654E-004	11	...........
	4953	495.4	1.04262E+000	-2.73916E-001	0.00000E+000	1.04220E+000	-2.36938E-004	11	...........
	4954	495.5	1.04162E+000	-2.74003E-001	0.00000E+000	1.04120E+000	-2.28254E-004	11	...........
	4955	495.6	1.04063E+000	-2.73887E-001	0.00000E+000	1.04020E+000	-2.34121E-004	11	...........
	4956	495.7	1.03962E+000	-2.73954E-001	0.00000E+000	1.03920E+000	-2.36088E-004	11	...........
	4957	495.8	1.03864E+000	-2.73893E-001	0.00000E+000	1.03820E+000	-2.30071E-004	11	...........
	4958	495.9	1.03763E+000	-2.73842E-001	0.00000E+000	1.03720E+000	-2.59192E-004	11	...........
	4959	496	1.03663E+000	-2.73882E-001	0.00000E+000	1.03620E+000	-2.58208E-004	11	...........
	4960	496.1	1.03564E+000	-2.73785E-001	0.00000E+000	1.03520E+000	-2.53591E-004	11	...........
	4961	496.2	1.03464E+000	-2.73699E-001	0.00000E+000	1.03420E+000	-2.58442E-004	11	...........
	4962	496.3	1.03365E+000	-2.73701E-001	0.00000E+000	1.03320E+000	-2.38755E-004	11	...........
	4963	496.4	1.03265E+000	-2.73642E-001	0.00000E+000	1.03220E+000	-2.46273E-004	11	...........
	4964	496.5	1.03165E+000	-2.73626E-001	0.00000E+000	1.03120E+000	-2.44273E-004	11	...........
	4965	496.6	1.03066E+000	-2.73595E-001	0.00000E+000	1.03020E+000	-2.27820E-004	11	...........
	4966	496.7	1.02966E+000	-2.73419E-001	0.00000E+000	1.02920E+000	-2.58858E-004	11	...........
	4967	496.8	1.02866E+000	-2.73440E-001	0.00000E+000	1.02820E+000	-2.31254E-004	11	...........
	4968	496.9	1.02767E+000	-2.73431E-001	0.00000E+000	1.02720E+000	-2.40106E-004	11	...........
	4969	497	1.02667E+000	-2.73243E-001	0.00000E+000	1.02620E+000	-2.41989E-004	11	...........
	4970	497.1	1.02568E+000	-2.73318E-001	0.00000E+000	1.02520E+000	-2.37755E-004	11	...........
	4971	497.2	1.02466E+000	-2.73221E-001	0.00000E+000	1.02420E+000	-2.38639E-004	11	...........
	4972	497.3	1.02365E+000	-2.73253E-001	0.00000E+000	1.02320E+000	-2.39572E-004	11	...........
	4973	497.4	1.02266E+000	-2.73030E-001	0.00000E+000	1.02220E+000	-2.28704E-004	11	...........
	4974	497.5	1.02166E+000	-2.73064E-001	0.00000E+000	1.02120E+000	-2.56108E-004	11	...........
	4975	497.6	1.02066E+000	-2.73074E-001	0.00000E+000	1.02020E+000	-2.24987E-004	11	...........
	4976	497.7	1.01967E+000	-2.73084E-001	0.00000E+000	1.01920E+000	-2.41989E-004	11	...........
	4977	497.8	1.01867E+000	-2.72988E-001	0.00000E+000	1.01820E+000	-2.52808E-004	11	...........
	4978	497.9	1.01768E+000	-2.73005E-001	0.00000E+000	1.01720E+000	-2.37389E-004	11	...........
	4979	498	1.01667E+000	-2.72891E-001	0.00000E+000	1.01620E+000	-2.48690E-004	11	...........
	4980	498.1	1.01568E+000	-2.72914E-001	0.00000E+000	1.01520E+000	-2.49257E-004	11	...........
	4981	498.2	1.01468E+000	-2.72872E-001	0.00000E+000	1.01420E+000	-2.42039E-004	11	...........
	4982	498.3	1.01368E+000	-2.72937E-001	0.00000E+000	1.01320E+000	-2.62226E-004	11	...........
	4983	498.4	1.01268E+000	-2.72883E-001	0.00000E+000	1.01220E+000	-2.62909E-004	11	...........
	4984	498.5	1.01169E+000	-2.72915E-001	0.00000E+000	1.01120E+000	-2.56391E-004	11	...........
	4985	498.6	1.01069E+000	-2.72860E-001	0.00000E+000	1.01020E+000	-2.62759E-004	11	...........
	4986	498.7	1.00969E+000	-2.72853E-001	0.00000E+000	1.00920E+000	-2.47857E-004	11	...........
	4987	498.8	1.00869E+000	-2.72709E-001	0.00000E+000	1.00820E+000	-2.50707E-004	11	...........
	4988	498.9	1.00770E+000	-2.72686E-001	0.00000E+000	1.00720E+000	-2.41372E-004	11	...........
	4989	499	1.00670E+000	-2.72587E-001	0.00000E+000	1.00620E+000	-2.35122E-004	11	...........
	4990	499.1	1.00570E+000	-2.72544E-001	0.00000E+000	1.00520E+000	-2.56775E-004	11	...........
	4991	499.2	1.00470E+000	-2.72626E-001	0.00000E+000	1.00420E+000	-2.26987E-004	11	...........
	4992	499.3	1.00371E+000	-2.72552E-001	0.00000E+000	1.00320E+000	-2.43690E-004	11	...........
	4993	499.4	1.00271E+000	-2.72378E-001	0.00000E+000	1.00220E+000	-2.40189E-004	11	...........
	4994	499.5	1.00172E+000	-2.72453E-001	0.00000E+000	1.00120E+000	-2.30788E-004	11	...........
	4995	499.6	1.00071E+000	-2.72302E-001	0.00000E+000	1.00020E+000	-2.46790E-004	11	...........
	4996	499.7	9.99728E-001	-2.72370E-001	0.00000E+000	9.99200E-001	-2.40939E-004	11	...........
	4997	499.8	9.98711E-001	-2.72214E-001	0.00000E+000	9.98200E-001	-2.25970E-004	11	...........
	4998	499.9	9.97700E-001	-2.72186E-001	0.00000E+000	9.97200E-001	-2.53058E-004	11	...........
	4999	500	9.96693E-001	-2.72146E-001	0.00000E+000	9.96200E-001	-2.21653E-004	11	...........
	5000	500.1	9.95708E-001	-2.72165E-001	0.00000E+000	9.95200E-001	-2.36572E-004	11	...........
	5001	500.2	9.94695E-001	-2.72143E-001	0.00000E+000	9.94200E-001	-2.34772E-004	11	...........
	5002	500.3	9.93717E-001	-2.72134E-001	0.00000E+000	9.93200E-001	-2.31988E-004	11	...........
	5003	500.4	9.92706E-001	-2.72071E-001	0.00000E+000	9.92200E-001	-2.34838E-004	11	...........
	5004	500.5	9.91714E-001	-2.72247E-001	0.00000E+000	9.91200E-001	-2.35755E-004	11	...........
	5005	500.6	9.90703E-001	-2.71962E-001	0.00000E+000	9.90200E-001	-2.28921E-004	11	...........
	5006	500.7	9.89719E-001	-2.71996E-001	0.00000E+000	9.89200E-001	-2.58992E-004	11	...........
	5007	500.8	9.88710E-001	-2.72005E-001	0.00000E+000	9.88200E-001	-2.33838E-004	11	...........
	5008	500.9	9.87731E-001	-2.71883E-001	0.00000E+000	9.87200E-001	-2.51641E-004	11	...........
	5009	501	9.86728E-001	-2.71783E-001	0.00000E+000	9.86200E-001	-2.65309E-004	11	...........
	5010	501.1	9.85738E-001	-2.71825E-001	0.00000E+000	9.85200E-001	-2.49790E-004	11	...........
	5011	501.2	9.84724E-001	-2.71728E-001	0.00000E+000	9.84200E-001	-2.57908E-004	11	...........
	5012	501.3	9.83730E-001	-2.71758E-001	0.00000E+000	9.83200E-001	-2.48090E-004	11	...........
	5013	501.4	9.82736E-001	-2.71680E-001	0.00000E+000	9.82200E-001	-2.39222E-004	11	...........
	5014	501.5	9.81739E-001	-2.71688E-001	0.00000E+000	9.81200E-001	-2.59475E-004	11	...........
	5015	501.6	9.80744E-001	-2.71671E-001	0.00000E+000	9.80200E-001	-2.32088E-004	11	...........
	5016	501.7	9.79742E-001	-2.71664E-001	0.00000E+000	9.79200E-001	-2.39556E-004	11	...........
	5017	501.8	9.78743E-001	-2.71468E-001	0.00000E+000	9.78200E-001	-2.36005E-004	11	...........
	5018	501.9	9.77758E-001	-2.71485E-001	0.00000E+000	9.77200E-001	-2.31454E-004	11	...........
	5019	502	9.76747E-001	-2.71326E-001	0.00000E+000	9.76200E-001	-2.45006E-004	11	...........
	5020	502.1	9.75759E-001	-2.71463E-001	0.00000E+000	9.75200E-001	-2.30204E-004	11	...........
	5021	502.2	9.74757E-001	-2.71251E-001	0.00000E+000	9.74200E-001	-2.28937E-004	11	...........
	5022	502.3	9.73762E-001	-2.71209E-001	0.00000E+000	9.73200E-001	-2.54008E-004	11	...........
	5023	502.4	9.72724E-001	-2.71199E-001	0.00000E+000	9.72200E-001	-2.19753E-004	11	...........
	5024	502.5	9.71734E-001	-2.71147E-001	0.00000E+000	9.71200E-001	-2.38472E-004	11	...........
	5025	502.6	9.70724E-001	-2.71004E-001	0.00000E+000	9.70200E-001	-2.37522E-004	11	...........
	5026	502.7	9.69748E-001	-2.70985E-001	0.00000E+000	9.69200E-001	-2.30571E-004	11	...........
	5027	502.8	9.68730E-001	-2.71068E-001	0.00000E+000	9.68200E-001	-2.43806E-004	11	...........
	5028	502.9	9.67741E-001	-2.71059E-001	0.00000E+000	9.67200E-001	-2.38939E-004	11	...........
	5029	503	9.66730E-001	-2.70935E-001	0.00000E+000	9.66200E-001	-2.28904E-004	11	...........
	5030	503.1	9.65750E-001	-2.70794E-001	0.00000E+000	9.65200E-001	-2.56475E-004	11	...........
	5031	503.2	9.64740E-001	-2.70879E-001	0.00000E+000	9.64200E-001	-2.32888E-004	11	...........
	5032	503.3	9.63760E-001	-2.70802E-001	0.00000E+000	9.63200E-001	-2.48224E-004	11	...........
	5033	503.4	9.62746E-001	-2.70823E-001	0.00000E+000	9.62200E-001	-2.48057E-004	11	...........
	5034	503.5	9.61766E-001	-2.70820E-001	0.00000E+000	9.61200E-001	-2.54108E-004	11	...........
	5035	503.6	9.60740E-001	-2.70664E-001	0.00000E+000	9.60200E-001	-2.64326E-004	11	...........
	5036	503.7	9.59759E-001	-2.70705E-001	0.00000E+000	9.59200E-001	-2.48424E-004	11	...........
	5037	503.8	9.58766E-001	-2.70548E-001	0.00000E+000	9.58200E-001	-2.42589E-004	11	...........
	5038	503.9	9.57766E-001	-2.70540E-001	0.00000E+000	9.57200E-001	-2.57875E-004	11	...........
	5039	504	9.56770E-001	-2.70529E-001	0.00000E+000	9.56200E-001	-2.29354E-004	11	...........
	5040	504.1	9.55773E-001	-2.70545E-001	0.00000E+000	9.55200E-001	-2.39939E-004	11	...........
	5041	504.2	9.54773E-001	-2.70447E-001	0.00000E+000	9.54200E-001	-2.34788E-004	11	...........
	5042	504.3	9.53783E-001	-2.70399E-001	0.00000E+000	9.53200E-001	-2.22053E-004	11	...........
	5043	504.4	9.52773E-001	-2.70217E-001	0.00000E+000	9.52200E-001	-2.41923E-004	11	...........
	5044	504.5	9.51783E-001	-2.70344E-001	0.00000E+000	9.51200E-001	-2.24870E-004	11	...........
	5045	504.6	9.50781E-001	-2.70190E-001	0.00000E+000	9.50200E-001	-2.22370E-004	11	...........
	5046	504.7	9.49795E-001	-2.70107E-001	0.00000E+000	9.49200E-001	-2.40939E-004	11	...........
	5047	504.8	9.48797E-001	-2.70099E-001	0.00000E+000	9.48200E-001	-2.25070E-004	11	...........
	5048	504.9	9.47790E-001	-2.70145E-001	0.00000E+000	9.47200E-001	-2.27470E-004	11	...........
	5049	505	9.46756E-001	-2.69953E-001	0.00000E+000	9.46200E-001	-2.28437E-004	11	...........
	5050	505.1	9.45775E-001	-2.70024E-001	0.00000E+000	9.45200E-001	-2.20619E-004	11	...........
	5051	505.2	9.44764E-001	-2.69902E-001	0.00000E+000	9.44200E-001	-2.33838E-004	11	...........
	5052	505.3	9.43777E-001	-2.69980E-001	0.00000E+000	9.43200E-001	-2.17419E-004	11	...........
	5053	505.4	9.42764E-001	-2.69937E-001	0.00000E+000	9.42200E-001	-2.22620E-004	11	...........
	5054	505.5	9.41780E-001	-2.69844E-001	0.00000E+000	9.41200E-001	-2.46957E-004	11	...........
	5055	505.6	9.40773E-001	-2.69876E-001	0.00000E+000	9.40200E-001	-2.15935E-004	11	...........
	5056	505.7	9.39788E-001	-2.69830E-001	0.00000E+000	9.39200E-001	-2.29187E-004	11	...........
	5057	505.8	9.38776E-001	-2.69694E-001	0.00000E+000	9.38200E-001	-2.30371E-004	11	...........
	5058	505.9	9.37802E-001	-2.69709E-001	0.00000E+000	9.37200E-001	-2.21003E-004	11	...........
	5059	506	9.36787E-001	-2.69696E-001	0.00000E+000	9.36200E-001	-2.45223E-004	11	...........
	5060	506.1	9.35798E-001	-2.69697E-001	0.00000E+000	9.35200E-001	-2.37705E-004	11	...........
	5061	506.2	9.34794E-001	-2.69548E-001	0.00000E+000	9.34200E-001	-2.49374E-004	11	...........
	5062	506.3	9.33798E-001	-2.69477E-001	0.00000E+000	9.33200E-001	-2.60292E-004	11	...........
	5063	506.4	9.32802E-001	-2.69481E-001	0.00000E+000	9.32200E-001	-2.36638E-004	11	...........
	5064	506.5	9.31802E-001	-2.69433E-001	0.00000E+000	9.31200E-001	-2.38822E-004	11	...........
	5065	506.6	9.30804E-001	-2.69427E-001	0.00000E+000	9.30200E-001	-2.37322E-004	11	...........
	5066	506.7	9.29812E-001	-2.69407E-001	0.00000E+000	9.29200E-001	-2.27420E-004	11	...........
	5067	506.8	9.28809E-001	-2.69340E-001	0.00000E+000	9.28200E-001	-2.45140E-004	11	...........
	5068	506.9	9.27809E-001	-2.69341E-001	0.00000E+000	9.27200E-001	-2.19653E-004	11	...........
	5069	507	9.26820E-001	-2.69104E-001	0.00000E+000	9.26200E-001	-2.30287E-004	11	...........
	5070	507.1	9.25822E-001	-2.69066E-001	0.00000E+000	9.25200E-001	-2.40739E-004	11	...........
	5071	507.2	9.24831E-001	-2.69049E-001	0.00000E+000	9.24200E-001	-2.25287E-004	11	...........
	5072	507.3	9.23831E-001	-2.68885E-001	0.00000E+000	9.23200E-001	-2.29904E-004	11	...........
	5073	507.4	9.22837E-001	-2.68839E-001	0.00000E+000	9.22200E-001	-2.31804E-004	11	...........
	5074	507.5	9.21829E-001	-2.68879E-001	0.00000E+000	9.21200E-001	-2.21903E-004	11	...........
	5075	507.6	9.20803E-001	-2.68702E-001	0.00000E+000	9.20200E-001	-2.44523E-004	11	...........
	5076	507.7	9.19810E-001	-2.68757E-001	0.00000E+000	9.19200E-001	-2.25103E-004	11	...........
	5077	507.8	9.18807E-001	-2.68668E-001	0.00000E+000	9.18200E-001	-2.29021E-004	11	...........
	5078	507.9	9.17812E-001	-2.68734E-001	0.00000E+000	9.17200E-001	-2.44706E-004	11	...........
	5079	508	9.16818E-001	-2.68684E-001	0.00000E+000	9.16200E-001	-2.30471E-004	11	...........
	5080	508.1	9.15823E-001	-2.68671E-001	0.00000E+000	9.15200E-001	-2.33355E-004	11	...........
	5081	508.2	9.14822E-001	-2.68463E-001	0.00000E+000	9.14200E-001	-2.34105E-004	11	...........
	5082	508.3	9.13832E-001	-2.68465E-001	0.00000E+000	9.13200E-001	-2.31988E-004	11	...........
	5083	508.4	9.12825E-001	-2.68458E-001	0.00000E+000	9.12200E-001	-2.53091E-004	11	...........
	5084	508.5	9.11829E-001	-2.68578E-001	0.00000E+000	9.11200E-001	-2.34988E-004	11	...........
	5085	508.6	9.10836E-001	-2.68375E-001	0.00000E+000	9.10200E-001	-2.49190E-004	11	...........
	5086	508.7	9.09830E-001	-2.68386E-001	0.00000E+000	9.09200E-001	-2.61692E-004	11	...........
	5087	508.8	9.08846E-001	-2.68311E-001	0.00000E+000	9.08200E-001	-2.37655E-004	11	...........
	5088	508.9	9.07839E-001	-2.68158E-001	0.00000E+000	9.07200E-001	-2.50724E-004	11	...........
	5089	509	9.06848E-001	-2.68038E-001	0.00000E+000	9.06200E-001	-2.42039E-004	11	...........
	5090	509.1	9.05852E-001	-2.68041E-001	0.00000E+000	9.05200E-001	-2.25903E-004	11	...........
	5091	509.2	9.04850E-001	-2.67990E-001	0.00000E+000	9.04200E-001	-2.51957E-004	11	...........
	5092	509.3	9.03855E-001	-2.68031E-001	0.00000E+000	9.03200E-001	-2.22586E-004	11	...........
	5093	509.4	9.02857E-001	-2.67910E-001	0.00000E+000	9.02200E-001	-2.30721E-004	11	...........
	5094	509.5	9.01856E-001	-2.67851E-001	0.00000E+000	9.01200E-001	-2.33855E-004	11	...........
	5095	509.6	9.00869E-001	-2.67766E-001	0.00000E+000	9.00200E-001	-2.23403E-004	11	...........
	5096	509.7	8.99860E-001	-2.67794E-001	0.00000E+000	8.99200E-001	-2.27620E-004	11	...........
	5097	509.8	8.98871E-001	-2.67616E-001	0.00000E+000	8.98200E-001	-2.29354E-004	11	...........
	5098	509.9	8.97872E-001	-2.67616E-001	0.00000E+000	8.97200E-001	-2.14102E-004	11	...........
	5099	510	8.96872E-001	-2.67533E-001	0.00000E+000	8.96200E-001	-2.41489E-004	11	...........
	5100	510.1	8.95842E-001	-2.67603E-001	0.00000E+000	8.95200E-001	-2.10418E-004	11	...........
	5101	510.2	8.94851E-001	-2.67385E-001	0.00000E+000	8.94200E-001	-2.29437E-004	11	...........
	5102	510.3	8.93847E-001	-2.67493E-001	0.00000E+000	8.93200E-001	-2.33055E-004	11	...........
	5103	510.4	8.92857E-001	-2.67422E-001	0.00000E+000	8.92200E-001	-2.23320E-004	11	...........
	5104	510.5	8.91855E-001	-2.67353E-001	0.00000E+000	8.91200E-001	-2.27504E-004	11	...........
	5105	510.6	8.90861E-001	-2.67276E-001	0.00000E+000	8.90200E-001	-2.31571E-004	11	...........
	5106	510.7	8.89860E-001	-2.67214E-001	0.00000E+000	8.89200E-001	-2.09834E-004	11	...........
	5107	510.8	8.88862E-001	-2.67131E-001	0.00000E+000	8.88200E-001	-2.46140E-004	11	...........
	5108	510.9	8.87861E-001	-2.67118E-001	0.00000E+000	8.87200E-001	-2.17069E-004	11	...........
	5109	511	8.86873E-001	-2.67008E-001	0.00000E+000	8.86200E-001	-2.34371E-004	11	...........
	5110	511.1	8.85867E-001	-2.67039E-001	0.00000E+000	8.85200E-001	-2.38755E-004	11	...........
	5111	511.2	8.84880E-001	-2.66989E-001	0.00000E+000	8.84200E-001	-2.38855E-004	11	...........
	5112	511.3	8.83865E-001	-2.66893E-001	0.00000E+000	8.83200E-001	-2.61576E-004	11	...........
	5113	511.4	8.82875E-001	-2.66765E-001	0.00000E+000	8.82200E-001	-2.44456E-004	11	...........
	5114	511.5	8.81880E-001	-2.66730E-001	0.00000E+000	8.81200E-001	-2.34155E-004	11	...........
	5115	511.6	8.80881E-001	-2.66621E-001	0.00000E+000	8.80200E-001	-2.53158E-004	11	...........
	5116	511.7	8.79881E-001	-2.66679E-001	0.00000E+000	8.79200E-001	-2.20003E-004	11	...........
	5117	511.8	8.78892E-001	-2.66517E-001	0.00000E+000	8.78200E-001	-2.29687E-004	11	...........
	5118	511.9	8.77892E-001	-2.66479E-001	0.00000E+000	8.77200E-001	-2.32404E-004	11	...........
	5119	512	8.76904E-001	-2.66420E-001	0.00000E+000	8.76200E-001	-2.22853E-004	11	...........
	5120	512.1	8.75895E-001	-2.66253E-001	0.00000E+000	8.75200E-001	-2.29387E-004	11	...........
	5121	512.2	8.74904E-001	-2.66262E-001	0.00000E+000	8.74200E-001	-2.24087E-004	11	...........
	5122	512.3	8.73900E-001	-2.66326E-001	0.00000E+000	8.73200E-001	-2.08968E-004	11	...........
	5123	512.4	8.72912E-001	-2.66036E-001	0.00000E+000	8.72200E-001	-2.44940E-004	11	...........
	5124	512.5	8.71914E-001	-2.66041E-001	0.00000E+000	8.71200E-001	-2.14452E-004	11	...........
	5125	512.6	8.70916E-001	-2.65972E-001	0.00000E+000	8.70200E-001	-2.24770E-004	11	...........
	5126	512.7	8.69875E-001	-2.65880E-001	0.00000E+000	8.69200E-001	-2.25587E-004	11	...........
	5127	512.8	8.68893E-001	-2.65870E-001	0.00000E+000	8.68200E-001	-2.21253E-004	11	...........
	5128	512.9	8.67882E-001	-2.65820E-001	0.00000E+000	8.67200E-001	-2.24687E-004	11	...........
	5129	513	8.66894E-001	-2.65810E-001	0.00000E+000	8.66200E-001	-2.24837E-004	11	...........
	5130	513.1	8.65888E-001	-2.65767E-001	0.00000E+000	8.65200E-001	-2.12135E-004	11	...........
	5131	513.2	8.64895E-001	-2.65697E-001	0.00000E+000	8.64200E-001	-2.44056E-004	11	...........
	5132	513.3	8.63889E-001	-2.65637E-001	0.00000E+000	8.63200E-001	-2.09934E-004	11	...........
	5133	513.4	8.62906E-001	-2.65530E-001	0.00000E+000	8.62200E-001	-2.33071E-004	11	...........
	5134	513.5	8.61897E-001	-2.65551E-001	0.00000E+000	8.61200E-001	-2.30954E-004	11	...........
	5135	513.6	8.60912E-001	-2.65582E-001	0.00000E+000	8.60200E-001	-2.28621E-004	11	...........
	5136	513.7	8.59895E-001	-2.65556E-001	0.00000E+000	8.59200E-001	-2.45506E-004	11	...........
	5137	513.8	8.58913E-001	-2.65416E-001	0.00000E+000	8.58200E-001	-2.46823E-004	11	...........
	5138	513.9	8.57901E-001	-2.65406E-001	0.00000E+000	8.57200E-001	-2.36522E-004	11	...........
	5139	514	8.56912E-001	-2.65202E-001	0.00000E+000	8.56200E-001	-2.53441E-004	11	...........
	5140	514.1	8.55917E-001	-2.65226E-001	0.00000E+000	8.55200E-001	-2.21569E-004	11	...........
	5141	514.2	8.54923E-001	-2.65140E-001	0.00000E+000	8.54200E-001	-2.26970E-004	11	...........
	5142	514.3	8.53924E-001	-2.65040E-001	0.00000E+000	8.53200E-001	-2.24953E-004	11	...........
	5143	514.4	8.52932E-001	-2.65021E-001	0.00000E+000	8.52200E-001	-2.15969E-004	11	...........
	5144	514.5	8.51924E-001	-2.64924E-001	0.00000E+000	8.51200E-001	-2.25970E-004	11	...........
	5145	514.6	8.50936E-001	-2.64789E-001	0.00000E+000	8.50200E-001	-2.12802E-004	11	...........
	5146	514.7	8.49931E-001	-2.64847E-001	0.00000E+000	8.49200E-001	-2.08634E-004	11	...........
	5147	514.8	8.48941E-001	-2.64766E-001	0.00000E+000	8.48200E-001	-2.35472E-004	11	...........
	5148	514.9	8.47936E-001	-2.64874E-001	0.00000E+000	8.47200E-001	-2.03950E-004	11	...........
	5149	515	8.46952E-001	-2.64623E-001	0.00000E+000	8.46200E-001	-2.16485E-004	11	...........
	5150	515.1	8.45945E-001	-2.64537E-001	0.00000E+000	8.45200E-001	-2.18702E-004	11	...........
	5151	515.2	8.44955E-001	-2.64505E-001	0.00000E+000	8.44200E-001	-2.07967E-004	11	...........
	5152	515.3	8.43913E-001	-2.64493E-001	0.00000E+000	8.43200E-001	-2.15052E-004	11	...........
	5153	515.4	8.42932E-001	-2.64391E-001	0.00000E+000	8.42200E-001	-2.12601E-004	11	...........
	5154	515.5	8.41914E-001	-2.64392E-001	0.00000E+000	8.41200E-001	-1.97516E-004	11	...........
	5155	515.6	8.40937E-001	-2.64306E-001	0.00000E+000	8.40200E-001	-2.29254E-004	11	...........
	5156	515.7	8.39920E-001	-2.64453E-001	0.00000E+000	8.39200E-001	-1.99583E-004	11	...........
	5157	515.8	8.38941E-001	-2.64323E-001	0.00000E+000	8.38200E-001	-2.09618E-004	11	...........
	5158	515.9	8.37921E-001	-2.64175E-001	0.00000E+000	8.37200E-001	-2.04784E-004	11	...........
	5159	516	8.36951E-001	-2.64115E-001	0.00000E+000	8.36200E-001	-2.08167E-004	11	...........
	5160	516.1	8.35922E-001	-2.64168E-001	0.00000E+000	8.35200E-001	-2.19586E-004	11	...........
	5161	516.2	8.34949E-001	-2.64108E-001	0.00000E+000	8.34200E-001	-2.11851E-004	11	...........
	5162	516.3	8.33932E-001	-2.64100E-001	0.00000E+000	8.33200E-001	-2.10685E-004	11	...........
	5163	516.4	8.32951E-001	-2.63986E-001	0.00000E+000	8.32200E-001	-2.45156E-004	11	...........
	5164	516.5	8.31955E-001	-2.63999E-001	0.00000E+000	8.31200E-001	-2.30604E-004	11	...........
	5165	516.6	8.30946E-001	-2.63858E-001	0.00000E+000	8.30200E-001	-2.56091E-004	11	...........
	5166	516.7	8.29952E-001	-2.63774E-001	0.00000E+000	8.29200E-001	-2.48124E-004	11	...........
	5167	516.8	8.28957E-001	-2.63704E-001	0.00000E+000	8.28200E-001	-2.32788E-004	11	...........
	5168	516.9	8.27948E-001	-2.63694E-001	0.00000E+000	8.27200E-001	-2.43323E-004	11	...........
	5169	517	8.26957E-001	-2.63588E-001	0.00000E+000	8.26200E-001	-2.31571E-004	11	...........
	5170	517.1	8.25960E-001	-2.63610E-001	0.00000E+000	8.25200E-001	-2.27237E-004	11	...........
	5171	517.2	8.24961E-001	-2.63453E-001	0.00000E+000	8.24200E-001	-2.46957E-004	11	...........
	5172	517.3	8.23960E-001	-2.63513E-001	0.00000E+000	8.23200E-001	-2.24837E-004	11	...........
	5173	517.4	8.22966E-001	-2.63313E-001	0.00000E+000	8.22200E-001	-2.29987E-004	11	...........
	5174	517.5	8.21966E-001	-2.63255E-001	0.00000E+000	8.21200E-001	-2.33505E-004	11	...........
	5175	517.6	8.20983E-001	-2.63141E-001	0.00000E+000	8.20200E-001	-2.26904E-004	11	...........
	5176	517.7	8.19974E-001	-2.63087E-001	0.00000E+000	8.19200E-001	-2.36205E-004	11	...........
	5177	517.8	8.18926E-001	-2.62980E-001	0.00000E+000	8.18200E-001	-2.27604E-004	11	...........
	5178	517.9	8.17913E-001	-2.63030E-001	0.00000E+000	8.17200E-001	-2.24603E-004	11	...........
	5179	518	8.16922E-001	-2.62919E-001	0.00000E+000	8.16200E-001	-2.49290E-004	11	...........
	5180	518.1	8.15913E-001	-2.62972E-001	0.00000E+000	8.15200E-001	-2.18786E-004	11	...........
	5181	518.2	8.14932E-001	-2.62844E-001	0.00000E+000	8.14200E-001	-2.36005E-004	11	...........
	5182	518.3	8.13928E-001	-2.62771E-001	0.00000E+000	8.13200E-001	-2.42039E-004	11	...........
	5183	518.4	8.12940E-001	-2.62754E-001	0.00000E+000	8.12200E-001	-2.33471E-004	11	...........
	5184	518.5	8.11923E-001	-2.62704E-001	0.00000E+000	8.11200E-001	-2.43423E-004	11	...........
	5185	518.6	8.10939E-001	-2.62667E-001	0.00000E+000	8.10200E-001	-2.41156E-004	11	...........
	5186	518.7	8.09937E-001	-2.62615E-001	0.00000E+000	8.09200E-001	-2.42639E-004	11	...........
	5187	518.8	8.08936E-001	-2.62629E-001	0.00000E+000	8.08200E-001	-2.56008E-004	11	...........
	5188	518.9	8.07930E-001	-2.62636E-001	0.00000E+000	8.07200E-001	-2.54374E-004	11	...........
	5189	519	8.06942E-001	-2.62478E-001	0.00000E+000	8.06200E-001	-2.55225E-004	11	...........
	5190	519.1	8.05953E-001	-2.62272E-001	0.00000E+000	8.05200E-001	-2.48074E-004	11	...........
	5191	519.2	8.04953E-001	-2.62264E-001	0.00000E+000	8.04200E-001	-2.41706E-004	11	...........
	5192	519.3	8.03953E-001	-2.62195E-001	0.00000E+000	8.03200E-001	-2.43489E-004	11	...........
	5193	519.4	8.02961E-001	-2.62157E-001	0.00000E+000	8.02200E-001	-2.31688E-004	11	...........
	5194	519.5	8.01966E-001	-2.62190E-001	0.00000E+000	8.01200E-001	-2.30938E-004	11	...........
	5195	519.6	8.00971E-001	-2.62011E-001	0.00000E+000	8.00200E-001	-2.47723E-004	11	...........
	5196	519.7	7.99966E-001	-2.62046E-001	0.00000E+000	7.99200E-001	-2.21703E-004	11	...........
	5197	519.8	7.98974E-001	-2.61861E-001	0.00000E+000	7.98200E-001	-2.34688E-004	11	...........
	5198	519.9	7.97977E-001	-2.61802E-001	0.00000E+000	7.97200E-001	-2.33871E-004	11	...........
	5199	520	7.96985E-001	-2.61802E-001	0.00000E+000	7.96200E-001	-2.24320E-004	11	...........
	5200	520.1	7.95982E-001	-2.61645E-001	0.00000E+000	7.95200E-001	-2.38472E-004	11	...........
	5201	520.2	7.94991E-001	-2.61565E-001	0.00000E+000	7.94200E-001	-2.26904E-004	11	...........
	5202	520.3	7.93978E-001	-2.61591E-001	0.00000E+000	7.93200E-001	-2.27604E-004	11	...........
	5203	520.4	7.92961E-001	-2.61471E-001	0.00000E+000	7.92200E-001	-2.49607E-004	11	...........
	5204	520.5	7.91954E-001	-2.61509E-001	0.00000E+000	7.91200E-001	-2.20886E-004	11	...........
	5205	520.6	7.90970E-001	-2.61411E-001	0.00000E+000	7.90200E-001	-2.27920E-004	11	...........
	5206	520.7	7.89964E-001	-2.61457E-001	0.00000E+000	7.89200E-001	-2.28537E-004	11	...........
	5207	520.8	7.88980E-001	-2.61375E-001	0.00000E+000	7.88200E-001	-2.24503E-004	11	...........
	5208	520.9	7.87961E-001	-2.61432E-001	0.00000E+000	7.87200E-001	-2.34388E-004	11	...........
	5209	521	7.86980E-001	-2.61273E-001	0.00000E+000	7.86200E-001	-2.22986E-004	11	...........
	5210	521.1	7.85975E-001	-2.61221E-001	0.00000E+000	7.85200E-001	-2.29437E-004	11	...........
	5211	521.2	7.84980E-001	-2.61151E-001	0.00000E+000	7.84200E-001	-2.47490E-004	11	...........
	5212	521.3	7.83969E-001	-2.61282E-001	0.00000E+000	7.83200E-001	-2.27254E-004	11	...........
	5213	521.4	7.82983E-001	-2.61136E-001	0.00000E+000	7.82200E-001	-2.45856E-004	11	...........
	5214	521.5	7.81987E-001	-2.60954E-001	0.00000E+000	7.81200E-001	-2.50907E-004	11	...........
	5215	521.6	7.80992E-001	-2.60940E-001	0.00000E+000	7.80200E-001	-2.44240E-004	11	...........
	5216	521.7	7.79985E-001	-2.60867E-001	0.00000E+000	7.79200E-001	-2.51324E-004	11	...........
	5217	521.8	7.78994E-001	-2.60734E-001	0.00000E+000	7.78200E-001	-2.39172E-004	11	...........
	5218	521.9	7.77998E-001	-2.60786E-001	0.00000E+000	7.77200E-001	-2.33671E-004	11	...........
	5219	522	7.76999E-001	-2.60696E-001	0.00000E+000	7.76200E-001	-2.52724E-004	11	...........
	5220	522.1	7.76002E-001	-2.60731E-001	0.00000E+000	7.75200E-001	-2.30604E-004	11	...........
	5221	522.2	7.75005E-001	-2.60586E-001	0.00000E+000	7.74200E-001	-2.34021E-004	11	...........
	5222	522.3	7.74008E-001	-2.60461E-001	0.00000E+000	7.73200E-001	-2.31604E-004	11	...........
	5223	522.4	7.73014E-001	-2.60455E-001	0.00000E+000	7.72200E-001	-2.24737E-004	11	...........
	5224	522.5	7.72010E-001	-2.60387E-001	0.00000E+000	7.71200E-001	-2.41756E-004	11	...........
	5225	522.6	7.71024E-001	-2.60265E-001	0.00000E+000	7.70200E-001	-2.18536E-004	11	...........
	5226	522.7	7.70025E-001	-2.60224E-001	0.00000E+000	7.69200E-001	-2.30638E-004	11	...........
	5227	522.8	7.69030E-001	-2.60114E-001	0.00000E+000	7.68200E-001	-2.47890E-004	11	...........
	5228	522.9	7.68001E-001	-2.60152E-001	0.00000E+000	7.67200E-001	-2.23236E-004	11	...........
	5229	523	7.66997E-001	-2.60057E-001	0.00000E+000	7.66200E-001	-2.33555E-004	11	...........
	5230	523.1	7.65997E-001	-2.60011E-001	0.00000E+000	7.65200E-001	-2.35272E-004	11	...........
	5231	523.2	7.65007E-001	-2.59936E-001	0.00000E+000	7.64200E-001	-2.24087E-004	11	...........
	5232	523.3	7.63994E-001	-2.59977E-001	0.00000E+000	7.63200E-001	-2.41656E-004	11	...........
	5233	523.4	7.63007E-001	-2.59945E-001	0.00000E+000	7.62200E-001	-2.25470E-004	11	...........
	5234	523.5	7.62010E-001	-2.59904E-001	0.00000E+000	7.61200E-001	-2.29371E-004	11	...........
	5235	523.6	7.61010E-001	-2.59834E-001	0.00000E+000	7.60200E-001	-2.46640E-004	11	...........
	5236	523.7	7.60011E-001	-2.59834E-001	0.00000E+000	7.59200E-001	-2.29921E-004	11	...........
	5237	523.8	7.59014E-001	-2.59757E-001	0.00000E+000	7.58200E-001	-2.42823E-004	11	...........
	5238	523.9	7.58016E-001	-2.59744E-001	0.00000E+000	7.57200E-001	-2.39572E-004	11	...........
	5239	524	7.57022E-001	-2.59708E-001	0.00000E+000	7.56200E-001	-2.47623E-004	11	...........
	5240	524.1	7.56007E-001	-2.59561E-001	0.00000E+000	7.55200E-001	-2.50290E-004	11	...........
	5241	524.2	7.55023E-001	-2.59497E-001	0.00000E+000	7.54200E-001	-2.40239E-004	11	...........
	5242	524.3	7.54031E-001	-2.59430E-001	0.00000E+000	7.53200E-001	-2.37472E-004	11	...........
	5243	524.4	7.53032E-001	-2.59358E-001	0.00000E+000	7.52200E-001	-2.48924E-004	11	...........
	5244	524.5	7.52034E-001	-2.59419E-001	0.00000E+000	7.51200E-001	-2.26987E-004	11	...........
	5245	524.6	7.51035E-001	-2.59264E-001	0.00000E+000	7.50200E-001	-2.33655E-004	11	...........
	5246	524.7	7.50042E-001	-2.59177E-001	0.00000E+000	7.49200E-001	-2.29937E-004	11	...........
	5247	524.8	7.49046E-001	-2.59138E-001	0.00000E+000	7.48200E-001	-2.15785E-004	11	...........
	5248	524.9	7.48043E-001	-2.59088E-001	0.00000E+000	7.47200E-001	-2.40489E-004	11	...........
	5249	525	7.47050E-001	-2.58989E-001	0.00000E+000	7.46200E-001	-2.15185E-004	11	...........
	5250	525.1	7.46051E-001	-2.59068E-001	0.00000E+000	7.45200E-001	-2.23603E-004	11	...........
	5251	525.2	7.45058E-001	-2.58877E-001	0.00000E+000	7.44200E-001	-2.29937E-004	11	...........
	5252	525.3	7.44060E-001	-2.58984E-001	0.00000E+000	7.43200E-001	-2.22736E-004	11	...........
	5253	525.4	7.43048E-001	-2.58835E-001	0.00000E+000	7.42200E-001	-2.20086E-004	11	...........
	5254	525.5	7.42029E-001	-2.58781E-001	0.00000E+000	7.41200E-001	-2.19936E-004	11	...........
	5255	525.6	7.41035E-001	-2.58661E-001	0.00000E+000	7.40200E-001	-2.12018E-004	11	...........
	5256	525.7	7.40029E-001	-2.58700E-001	0.00000E+000	7.39200E-001	-2.36972E-004	11	...........
	5257	525.8	7.39037E-001	-2.58667E-001	0.00000E+000	7.38200E-001	-2.07967E-004	11	...........
	5258	525.9	7.38042E-001	-2.58666E-001	0.00000E+000	7.37200E-001	-2.22036E-004	11	...........
	5259	526	7.37045E-001	-2.58559E-001	0.00000E+000	7.36200E-001	-2.36105E-004	11	...........
	5260	526.1	7.36047E-001	-2.58635E-001	0.00000E+000	7.35200E-001	-2.17419E-004	11	...........
	5261	526.2	7.35047E-001	-2.58429E-001	0.00000E+000	7.34200E-001	-2.26870E-004	11	...........
	5262	526.3	7.34051E-001	-2.58350E-001	0.00000E+000	7.33200E-001	-2.28621E-004	11	...........
	5263	526.4	7.33058E-001	-2.58336E-001	0.00000E+000	7.32200E-001	-2.17102E-004	11	...........
	5264	526.5	7.32047E-001	-2.58401E-001	0.00000E+000	7.31200E-001	-2.45023E-004	11	...........
	5265	526.6	7.31054E-001	-2.58291E-001	0.00000E+000	7.30200E-001	-2.40222E-004	11	...........
	5266	526.7	7.30057E-001	-2.58279E-001	0.00000E+000	7.29200E-001	-2.46223E-004	11	...........
	5267	526.8	7.29064E-001	-2.58085E-001	0.00000E+000	7.28200E-001	-2.53491E-004	11	...........
	5268	526.9	7.28062E-001	-2.58205E-001	0.00000E+000	7.27200E-001	-2.35338E-004	11	...........
	5269	527	7.27061E-001	-2.58014E-001	0.00000E+000	7.26200E-001	-2.34872E-004	11	...........
	5270	527.1	7.26068E-001	-2.57974E-001	0.00000E+000	7.25200E-001	-2.33871E-004	11	...........
	5271	527.2	7.25076E-001	-2.57982E-001	0.00000E+000	7.24200E-001	-2.24270E-004	11	...........
	5272	527.3	7.24071E-001	-2.57937E-001	0.00000E+000	7.23200E-001	-2.46223E-004	11	...........
	5273	527.4	7.23076E-001	-2.57784E-001	0.00000E+000	7.22200E-001	-2.14752E-004	11	...........
	5274	527.5	7.22080E-001	-2.57786E-001	0.00000E+000	7.21200E-001	-2.26470E-004	11	...........
	5275	527.6	7.21082E-001	-2.57703E-001	0.00000E+000	7.20200E-001	-2.31688E-004	11	...........
	5276	527.7	7.20089E-001	-2.57711E-001	0.00000E+000	7.19200E-001	-2.22003E-004	11	...........
	5277	527.8	7.19088E-001	-2.57463E-001	0.00000E+000	7.18200E-001	-2.27970E-004	11	...........
	5278	527.9	7.18099E-001	-2.57451E-001	0.00000E+000	7.17200E-001	-2.31504E-004	11	...........
	5279	528	7.17091E-001	-2.57485E-001	0.00000E+000	7.16200E-001	-2.19519E-004	11	...........
	5280	528.1	7.16067E-001	-2.57411E-001	0.00000E+000	7.15200E-001	-2.46540E-004	11	...........
	5281	528.2	7.15073E-001	-2.57276E-001	0.00000E+000	7.14200E-001	-2.17902E-004	11	...........
	5282	528.3	7.14081E-001	-2.57261E-001	0.00000E+000	7.13200E-001	-2.28871E-004	11	...........
	5283	528.4	7.13082E-001	-2.57194E-001	0.00000E+000	7.12200E-001	-2.36888E-004	11	...........
	5284	528.5	7.12090E-001	-2.57213E-001	0.00000E+000	7.11200E-001	-2.28904E-004	11	...........
	5285	528.6	7.11075E-001	-2.57141E-001	0.00000E+000	7.10200E-001	-2.29871E-004	11	...........
	5286	528.7	7.10092E-001	-2.57071E-001	0.00000E+000	7.09200E-001	-2.30354E-004	11	...........
	5287	528.8	7.09090E-001	-2.57039E-001	0.00000E+000	7.08200E-001	-2.27720E-004	11	...........
	5288	528.9	7.08086E-001	-2.57044E-001	0.00000E+000	7.07200E-001	-2.48574E-004	11	...........
	5289	529	7.07083E-001	-2.57054E-001	0.00000E+000	7.06200E-001	-2.30521E-004	11	...........
	5290	529.1	7.06097E-001	-2.57019E-001	0.00000E+000	7.05200E-001	-2.45756E-004	11	...........
	5291	529.2	7.05100E-001	-2.56843E-001	0.00000E+000	7.04200E-001	-2.55325E-004	11	...........
	5292	529.3	7.04103E-001	-2.56912E-001	0.00000E+000	7.03200E-001	-2.36905E-004	11	...........
	5293	529.4	7.03101E-001	-2.56729E-001	0.00000E+000	7.02200E-001	-2.45773E-004	11	...........
	5294	529.5	7.02107E-001	-2.56718E-001	0.00000E+000	7.01200E-001	-2.37922E-004	11	...........
	5295	529.6	7.01114E-001	-2.56740E-001	0.00000E+000	7.00200E-001	-2.27787E-004	11	...........
	5296	529.7	7.00106E-001	-2.56786E-001	0.00000E+000	6.99200E-001	-2.46440E-004	11	...........
	5297	529.8	6.99113E-001	-2.56741E-001	0.00000E+000	6.98200E-001	-2.21003E-004	11	...........
	5298	529.9	6.98113E-001	-2.56663E-001	0.00000E+000	6.97200E-001	-2.28654E-004	11	...........
	5299	530	6.97118E-001	-2.56482E-001	0.00000E+000	6.96200E-001	-2.26437E-004	11	...........
	5300	530.1	6.96127E-001	-2.56454E-001	0.00000E+000	6.95200E-001	-2.23970E-004	11	...........
	5301	530.2	6.95118E-001	-2.56406E-001	0.00000E+000	6.94200E-001	-2.31421E-004	11	...........
	5302	530.3	6.94129E-001	-2.56325E-001	0.00000E+000	6.93200E-001	-2.20736E-004	11	...........
	5303	530.4	6.93133E-001	-2.56273E-001	0.00000E+000	6.92200E-001	-2.15069E-004	11	...........
	5304	530.5	6.92130E-001	-2.56195E-001	0.00000E+000	6.91200E-001	-2.43506E-004	11	...........
	5305	530.6	6.91100E-001	-2.56057E-001	0.00000E+000	6.90200E-001	-2.07134E-004	11	...........
	5306	530.7	6.90111E-001	-2.56091E-001	0.00000E+000	6.89200E-001	-2.25053E-004	11	...........
	5307	530.8	6.89111E-001	-2.55924E-001	0.00000E+000	6.88200E-001	-2.29221E-004	11	...........
	5308	530.9	6.88118E-001	-2.55997E-001	0.00000E+000	6.87200E-001	-2.21119E-004	11	...........
	5309	531	6.87106E-001	-2.55910E-001	0.00000E+000	6.86200E-001	-2.24970E-004	11	...........
	5310	531.1	6.86125E-001	-2.55820E-001	0.00000E+000	6.85200E-001	-2.24237E-004	11	...........
	5311	531.2	6.85118E-001	-2.55879E-001	0.00000E+000	6.84200E-001	-2.16785E-004	11	...........
	5312	531.3	6.84119E-001	-2.55789E-001	0.00000E+000	6.83200E-001	-2.44873E-004	11	...........
	5313	531.4	6.83121E-001	-2.55693E-001	0.00000E+000	6.82200E-001	-2.18052E-004	11	...........
	5314	531.5	6.82134E-001	-2.55753E-001	0.00000E+000	6.81200E-001	-2.30904E-004	11	...........
	5315	531.6	6.81127E-001	-2.55839E-001	0.00000E+000	6.80200E-001	-2.36322E-004	11	...........
	5316	531.7	6.80133E-001	-2.55882E-001	0.00000E+000	6.79200E-001	-2.38489E-004	11	...........
	5317	531.8	6.79105E-001	-2.55721E-001	0.00000E+000	6.78200E-001	-2.58025E-004	11	...........
	5318	531.9	6.78130E-001	-2.55645E-001	0.00000E+000	6.77200E-001	-2.40672E-004	11	...........
	5319	532	6.77139E-001	-2.55609E-001	0.00000E+000	6.76200E-001	-2.33238E-004	11	...........
	5320	532.1	6.76136E-001	-2.55483E-001	0.00000E+000	6.75200E-001	-2.50724E-004	11	...........
	5321	532.2	6.75142E-001	-2.55412E-001	0.00000E+000	6.74200E-001	-2.19919E-004	11	...........
	5322	532.3	6.74143E-001	-2.55450E-001	0.00000E+000	6.73200E-001	-2.28571E-004	11	...........
	5323	532.4	6.73151E-001	-2.55402E-001	0.00000E+000	6.72200E-001	-2.29837E-004	11	...........
	5324	532.5	6.72152E-001	-2.55376E-001	0.00000E+000	6.71200E-001	-2.21436E-004	11	...........
	5325	532.6	6.71147E-001	-2.55189E-001	0.00000E+000	6.70200E-001	-2.33555E-004	11	...........
	5326	532.7	6.70156E-001	-2.55134E-001	0.00000E+000	6.69200E-001	-2.20503E-004	11	...........
	5327	532.8	6.69159E-001	-2.55157E-001	0.00000E+000	6.68200E-001	-2.18836E-004	11	...........
	5328	532.9	6.68163E-001	-2.55008E-001	0.00000E+000	6.67200E-001	-2.39589E-004	11	...........
	5329	533	6.67170E-001	-2.54914E-001	0.00000E+000	6.66200E-001	-2.19219E-004	11	...........
	5330	533.1	6.66164E-001	-2.54892E-001	0.00000E+000	6.65200E-001	-2.20519E-004	11	...........
	5331	533.2	6.65132E-001	-2.54764E-001	0.00000E+000	6.64200E-001	-2.25920E-004	11	...........
	5332	533.3	6.64145E-001	-2.54800E-001	0.00000E+000	6.63200E-001	-2.21936E-004	11	...........
	5333	533.4	6.63129E-001	-2.54735E-001	0.00000E+000	6.62200E-001	-2.28087E-004	11	...........
	5334	533.5	6.62146E-001	-2.54821E-001	0.00000E+000	6.61200E-001	-2.18036E-004	11	...........
	5335	533.6	6.61142E-001	-2.54738E-001	0.00000E+000	6.60200E-001	-2.19586E-004	11	...........
	5336	533.7	6.60142E-001	-2.54747E-001	0.00000E+000	6.59200E-001	-2.45640E-004	11	...........
	5337	533.8	6.59141E-001	-2.54532E-001	0.00000E+000	6.58200E-001	-2.15085E-004	11	...........
	5338	533.9	6.58155E-001	-2.54557E-001	0.00000E+000	6.57200E-001	-2.28704E-004	11	...........
	5339	534	6.57155E-001	-2.54499E-001	0.00000E+000	6.56200E-001	-2.32038E-004	11	...........
	5340	534.1	6.56163E-001	-2.54590E-001	0.00000E+000	6.55200E-001	-2.25120E-004	11	...........
	5341	534.2	6.55121E-001	-2.54440E-001	0.00000E+000	6.54200E-001	-2.40789E-004	11	...........
	5342	534.3	6.54162E-001	-2.54386E-001	0.00000E+000	6.53200E-001	-2.47423E-004	11	...........
	5343	534.4	6.53163E-001	-2.54434E-001	0.00000E+000	6.52200E-001	-2.35688E-004	11	...........
	5344	534.5	6.52166E-001	-2.54256E-001	0.00000E+000	6.51200E-001	-2.53758E-004	11	...........
	5345	534.6	6.51174E-001	-2.54179E-001	0.00000E+000	6.50200E-001	-2.24820E-004	11	...........
	5346	534.7	6.50174E-001	-2.54241E-001	0.00000E+000	6.49200E-001	-2.25687E-004	11	...........
	5347	534.8	6.49185E-001	-2.54140E-001	0.00000E+000	6.48200E-001	-2.25453E-004	11	...........
	5348	534.9	6.48186E-001	-2.54175E-001	0.00000E+000	6.47200E-001	-2.16435E-004	11	...........
	5349	535	6.47181E-001	-2.54174E-001	0.00000E+000	6.46200E-001	-2.33838E-004	11	...........
	5350	535.1	6.46184E-001	-2.54102E-001	0.00000E+000	6.45200E-001	-2.09234E-004	11	...........
	5351	535.2	6.45194E-001	-2.54043E-001	0.00000E+000	6.44200E-001	-2.15169E-004	11	...........
	5352	535.3	6.44193E-001	-2.54021E-001	0.00000E+000	6.43200E-001	-2.30387E-004	11	...........
	5353	535.4	6.43198E-001	-2.53888E-001	0.00000E+000	6.42200E-001	-2.09801E-004	11	...........
	5354	535.5	6.42201E-001	-2.53880E-001	0.00000E+000	6.41200E-001	-2.13635E-004	11	...........
	5355	535.6	6.41207E-001	-2.53707E-001	0.00000E+000	6.40200E-001	-2.20153E-004	11	...........
	5356	535.7	6.40205E-001	-2.53836E-001	0.00000E+000	6.39200E-001	-2.08051E-004	11	...........
	5357	535.8	6.39165E-001	-2.53631E-001	0.00000E+000	6.38200E-001	-2.20369E-004	11	...........
	5358	535.9	6.38182E-001	-2.53612E-001	0.00000E+000	6.37200E-001	-2.05084E-004	11	...........
	5359	536	6.37181E-001	-2.53598E-001	0.00000E+000	6.36200E-001	-2.08051E-004	11	...........
	5360	536.1	6.36187E-001	-2.53687E-001	0.00000E+000	6.35200E-001	-2.26554E-004	11	...........
	5361	536.2	6.35186E-001	-2.53580E-001	0.00000E+000	6.34200E-001	-2.08418E-004	11	...........
	5362	536.3	6.34192E-001	-2.53590E-001	0.00000E+000	6.33200E-001	-2.08134E-004	11	...........
	5363	536.4	6.33189E-001	-2.53431E-001	0.00000E+000	6.32200E-001	-2.13152E-004	11	...........
	5364	536.5	6.32201E-001	-2.53481E-001	0.00000E+000	6.31200E-001	-2.08634E-004	11	...........
	5365	536.6	6.31171E-001	-2.53418E-001	0.00000E+000	6.30200E-001	-2.32704E-004	11	...........
	5366	536.7	6.30202E-001	-2.53435E-001	0.00000E+000	6.29200E-001	-2.09134E-004	11	...........
	5367	536.8	6.29203E-001	-2.53384E-001	0.00000E+000	6.28200E-001	-2.24637E-004	11	...........
	5368	536.9	6.28199E-001	-2.53383E-001	0.00000E+000	6.27200E-001	-2.49740E-004	11	...........
	5369	537	6.27208E-001	-2.53182E-001	0.00000E+000	6.26200E-001	-2.40289E-004	11	...........
	5370	537.1	6.26206E-001	-2.53158E-001	0.00000E+000	6.25200E-001	-2.43206E-004	11	...........
	5371	537.2	6.25217E-001	-2.53057E-001	0.00000E+000	6.24200E-001	-2.37539E-004	11	...........
	5372	537.3	6.24215E-001	-2.53186E-001	0.00000E+000	6.23200E-001	-2.21469E-004	11	...........
	5373	537.4	6.23215E-001	-2.53057E-001	0.00000E+000	6.22200E-001	-2.40522E-004	11	...........
	5374	537.5	6.22224E-001	-2.53026E-001	0.00000E+000	6.21200E-001	-2.19403E-004	11	...........
	5375	537.6	6.21228E-001	-2.53072E-001	0.00000E+000	6.20200E-001	-2.20369E-004	11	...........
	5376	537.7	6.20226E-001	-2.52886E-001	0.00000E+000	6.19200E-001	-2.37672E-004	11	...........
	5377	537.8	6.19234E-001	-2.52862E-001	0.00000E+000	6.18200E-001	-2.22036E-004	11	...........
	5378	537.9	6.18229E-001	-2.52850E-001	0.00000E+000	6.17200E-001	-2.24287E-004	11	...........
	5379	538	6.17240E-001	-2.52740E-001	0.00000E+000	6.16200E-001	-2.26570E-004	11	...........
	5380	538.1	6.16245E-001	-2.52754E-001	0.00000E+000	6.15200E-001	-2.14352E-004	11	...........
	5381	538.2	6.15232E-001	-2.52674E-001	0.00000E+000	6.14200E-001	-2.38955E-004	11	...........
	5382	538.3	6.14228E-001	-2.52542E-001	0.00000E+000	6.13200E-001	-2.08834E-004	11	...........
	5383	538.4	6.13237E-001	-2.52471E-001	0.00000E+000	6.12200E-001	-2.25653E-004	11	...........
	5384	538.5	6.12233E-001	-2.52555E-001	0.00000E+000	6.11200E-001	-2.39472E-004	11	...........
	5385	538.6	6.11235E-001	-2.52504E-001	0.00000E+000	6.10200E-001	-2.20236E-004	11	...........
	5386	538.7	6.10233E-001	-2.52518E-001	0.00000E+000	6.09200E-001	-2.27137E-004	11	...........
	5387	538.8	6.09243E-001	-2.52457E-001	0.00000E+000	6.08200E-001	-2.31121E-004	11	...........
	5388	538.9	6.08241E-001	-2.52595E-001	0.00000E+000	6.07200E-001	-2.19369E-004	11	...........
	5389	539	6.07228E-001	-2.52361E-001	0.00000E+000	6.06200E-001	-2.44756E-004	11	...........
	5390	539.1	6.06243E-001	-2.52411E-001	0.00000E+000	6.05200E-001	-2.24003E-004	11	...........
	5391	539.2	6.05251E-001	-2.52350E-001	0.00000E+000	6.04200E-001	-2.35522E-004	11	...........
	5392	539.3	6.04247E-001	-2.52376E-001	0.00000E+000	6.03200E-001	-2.51124E-004	11	...........
	5393	539.4	6.03251E-001	-2.52227E-001	0.00000E+000	6.02200E-001	-2.41306E-004	11	...........
	5394	539.5	6.02236E-001	-2.52323E-001	0.00000E+000	6.01200E-001	-2.55308E-004	11	...........
	5395	539.6	6.01257E-001	-2.52164E-001	0.00000E+000	6.00200E-001	-2.42839E-004	11	...........
	5396	539.7	6.00262E-001	-2.52217E-001	0.00000E+000	5.99200E-001	-2.31354E-004	11	...........
	5397	539.8	5.99261E-001	-2.51982E-001	0.00000E+000	5.98200E-001	-2.49457E-004	11	...........
	5398	539.9	5.98260E-001	-2.52071E-001	0.00000E+000	5.97200E-001	-2.18252E-004	11	...........
	5399	540	5.97270E-001	-2.52051E-001	0.00000E+000	5.96200E-001	-2.28554E-004	11	...........
	5400	540.1	5.96273E-001	-2.52015E-001	0.00000E+000	5.95200E-001	-2.34488E-004	11	...........
	5401	540.2	5.95281E-001	-2.51926E-001	0.00000E+000	5.94200E-001	-2.17502E-004	11	...........
	5402	540.3	5.94271E-001	-2.51922E-001	0.00000E+000	5.93200E-001	-2.27504E-004	11	...........
	5403	540.4	5.93279E-001	-2.51807E-001	0.00000E+000	5.92200E-001	-2.21903E-004	11	...........
	5404	540.5	5.92281E-001	-2.51911E-001	0.00000E+000	5.91200E-001	-2.14302E-004	11	...........
	5405	540.6	5.91281E-001	-2.51715E-001	0.00000E+000	5.90200E-001	-2.40472E-004	11	...........
	5406	540.7	5.90289E-001	-2.51714E-001	0.00000E+000	5.89200E-001	-2.14368E-004	11	...........
	5407	540.8	5.89290E-001	-2.51569E-001	0.00000E+000	5.88200E-001	-2.20353E-004	11	...........
	5408	540.9	5.88265E-001	-2.51455E-001	0.00000E+000	5.87200E-001	-2.31054E-004	11	...........
	5409	541	5.87273E-001	-2.51453E-001	0.00000E+000	5.86200E-001	-2.20403E-004	11	...........
	5410	541.1	5.86261E-001	-2.51521E-001	0.00000E+000	5.85200E-001	-2.19736E-004	11	...........
	5411	541.2	5.85275E-001	-2.51480E-001	0.00000E+000	5.84200E-001	-2.22153E-004	11	...........
	5412	541.3	5.84274E-001	-2.51501E-001	0.00000E+000	5.83200E-001	-2.14385E-004	11	...........
	5413	541.4	5.83270E-001	-2.51380E-001	0.00000E+000	5.82200E-001	-2.40956E-004	11	...........
	5414	541.5	5.82274E-001	-2.51365E-001	0.00000E+000	5.81200E-001	-2.08134E-004	11	...........
	5415	541.6	5.81288E-001	-2.51258E-001	0.00000E+000	5.80200E-001	-2.26737E-004	11	...........
	5416	541.7	5.80286E-001	-2.51299E-001	0.00000E+000	5.79200E-001	-2.31504E-004	11	...........
	5417	541.8	5.79293E-001	-2.51301E-001	0.00000E+000	5.78200E-001	-2.25687E-004	11	...........
	5418	541.9	5.78281E-001	-2.51154E-001	0.00000E+000	5.77200E-001	-2.37589E-004	11	...........
	5419	542	5.77294E-001	-2.51097E-001	0.00000E+000	5.76200E-001	-2.44440E-004	11	...........
	5420	542.1	5.76295E-001	-2.51176E-001	0.00000E+000	5.75200E-001	-2.41006E-004	11	...........
	5421	542.2	5.75301E-001	-2.50999E-001	0.00000E+000	5.74200E-001	-2.52307E-004	11	...........
	5422	542.3	5.74308E-001	-2.50937E-001	0.00000E+000	5.73200E-001	-2.28320E-004	11	...........
	5423	542.4	5.73309E-001	-2.50981E-001	0.00000E+000	5.72200E-001	-2.29204E-004	11	...........
	5424	542.5	5.72317E-001	-2.50883E-001	0.00000E+000	5.71200E-001	-2.33521E-004	11	...........
	5425	542.6	5.71321E-001	-2.50881E-001	0.00000E+000	5.70200E-001	-2.22103E-004	11	...........
	5426	542.7	5.70314E-001	-2.50942E-001	0.00000E+000	5.69200E-001	-2.33021E-004	11	...........
	5427	542.8	5.69325E-001	-2.50720E-001	0.00000E+000	5.68200E-001	-2.16852E-004	11	...........
	5428	542.9	5.68326E-001	-2.50871E-001	0.00000E+000	5.67200E-001	-2.16469E-004	11	...........
	5429	543	5.67326E-001	-2.50667E-001	0.00000E+000	5.66200E-001	-2.42089E-004	11	...........
	5430	543.1	5.66331E-001	-2.50603E-001	0.00000E+000	5.65200E-001	-2.11768E-004	11	...........
	5431	543.2	5.65334E-001	-2.50685E-001	0.00000E+000	5.64200E-001	-2.22503E-004	11	...........
	5432	543.3	5.64338E-001	-2.50681E-001	0.00000E+000	5.63200E-001	-2.31388E-004	11	...........
	5433	543.4	5.63338E-001	-2.50423E-001	0.00000E+000	5.62200E-001	-2.22086E-004	11	...........
	5434	543.5	5.62297E-001	-2.50470E-001	0.00000E+000	5.61200E-001	-2.24820E-004	11	...........
	5435	543.6	5.61311E-001	-2.50486E-001	0.00000E+000	5.60200E-001	-2.24487E-004	11	...........
	5436	543.7	5.60311E-001	-2.50488E-001	0.00000E+000	5.59200E-001	-2.13485E-004	11	...........
	5437	543.8	5.59310E-001	-2.50419E-001	0.00000E+000	5.58200E-001	-2.43239E-004	11	...........
	5438	543.9	5.58310E-001	-2.50440E-001	0.00000E+000	5.57200E-001	-2.16235E-004	11	...........
	5439	544	5.57323E-001	-2.50346E-001	0.00000E+000	5.56200E-001	-2.24670E-004	11	...........
	5440	544.1	5.56318E-001	-2.50364E-001	0.00000E+000	5.55200E-001	-2.33505E-004	11	...........
	5441	544.2	5.55326E-001	-2.50308E-001	0.00000E+000	5.54200E-001	-2.28137E-004	11	...........
	5442	544.3	5.54310E-001	-2.50306E-001	0.00000E+000	5.53200E-001	-2.38472E-004	11	...........
	5443	544.4	5.53327E-001	-2.50317E-001	0.00000E+000	5.52200E-001	-2.35322E-004	11	...........
	5444	544.5	5.52329E-001	-2.50368E-001	0.00000E+000	5.51200E-001	-2.38189E-004	11	...........
	5445	544.6	5.51325E-001	-2.50202E-001	0.00000E+000	5.50200E-001	-2.50724E-004	11	...........
	5446	544.7	5.50332E-001	-2.50216E-001	0.00000E+000	5.49200E-001	-2.30471E-004	11	...........
	5447	544.8	5.49335E-001	-2.50178E-001	0.00000E+000	5.48200E-001	-2.38722E-004	11	...........
	5448	544.9	5.48341E-001	-2.50162E-001	0.00000E+000	5.47200E-001	-2.37822E-004	11	...........
	5449	545	5.47343E-001	-2.50101E-001	0.00000E+000	5.46200E-001	-2.21019E-004	11	...........
	5450	545.1	5.46341E-001	-2.50093E-001	0.00000E+000	5.45200E-001	-2.33221E-004	11	...........
	5451	545.2	5.45348E-001	-2.50000E-001	0.00000E+000	5.44200E-001	-2.19619E-004	11	...........
	5452	545.3	5.44352E-001	-2.50056E-001	0.00000E+000	5.43200E-001	-2.15785E-004	11	...........
	5453	545.4	5.43353E-001	-2.49851E-001	0.00000E+000	5.42200E-001	-2.43456E-004	11	...........
	5454	545.5	5.42355E-001	-2.49914E-001	0.00000E+000	5.41200E-001	-2.11651E-004	11	...........
	5455	545.6	5.41358E-001	-2.49876E-001	0.00000E+000	5.40200E-001	-2.21553E-004	11	...........
	5456	545.7	5.40365E-001	-2.49839E-001	0.00000E+000	5.39200E-001	-2.20269E-004	11	...........
	5457	545.8	5.39375E-001	-2.49660E-001	0.00000E+000	5.38200E-001	-2.11035E-004	11	...........
	5458	545.9	5.38349E-001	-2.49738E-001	0.00000E+000	5.37200E-001	-2.22653E-004	11	...........
	5459	546	5.37343E-001	-2.49620E-001	0.00000E+000	5.36200E-001	-2.12601E-004	11	...........
	5460	546.1	5.36341E-001	-2.49690E-001	0.00000E+000	5.35200E-001	-2.10184E-004	11	...........
	5461	546.2	5.35345E-001	-2.49589E-001	0.00000E+000	5.34200E-001	-2.37089E-004	11	...........
	5462	546.3	5.34342E-001	-2.49600E-001	0.00000E+000	5.33200E-001	-2.02967E-004	11	...........
	5463	546.4	5.33356E-001	-2.49601E-001	0.00000E+000	5.32200E-001	-2.15802E-004	11	...........
	5464	546.5	5.32353E-001	-2.49616E-001	0.00000E+000	5.31200E-001	-2.21353E-004	11	...........
	5465	546.6	5.31366E-001	-2.49530E-001	0.00000E+000	5.30200E-001	-2.09151E-004	11	...........
	5466	546.7	5.30331E-001	-2.49510E-001	0.00000E+000	5.29200E-001	-2.22370E-004	11	...........
	5467	546.8	5.29362E-001	-2.49499E-001	0.00000E+000	5.28200E-001	-2.15219E-004	11	...........
	5468	546.9	5.28362E-001	-2.49578E-001	0.00000E+000	5.27200E-001	-2.17319E-004	11	...........
	5469	547	5.27361E-001	-2.49504E-001	0.00000E+000	5.26200E-001	-2.42973E-004	11	...........
	5470	547.1	5.26361E-001	-2.49461E-001	0.00000E+000	5.25200E-001	-2.22420E-004	11	...........
	5471	547.2	5.25363E-001	-2.49366E-001	0.00000E+000	5.24200E-001	-2.51591E-004	11	...........
	5472	547.3	5.24369E-001	-2.49355E-001	0.00000E+000	5.23200E-001	-2.44190E-004	11	...........
	5473	547.4	5.23378E-001	-2.49233E-001	0.00000E+000	5.22200E-001	-2.30204E-004	11	...........
	5474	547.5	5.22376E-001	-2.49291E-001	0.00000E+000	5.21200E-001	-2.38322E-004	11	...........
	5475	547.6	5.21380E-001	-2.49272E-001	0.00000E+000	5.20200E-001	-2.19553E-004	11	...........
	5476	547.7	5.20386E-001	-2.49245E-001	0.00000E+000	5.19200E-001	-2.25003E-004	11	...........
	5477	547.8	5.19383E-001	-2.49186E-001	0.00000E+000	5.18200E-001	-2.40872E-004	11	...........
	5478	547.9	5.18389E-001	-2.49027E-001	0.00000E+000	5.17200E-001	-2.15685E-004	11	...........
	5479	548	5.17391E-001	-2.48994E-001	0.00000E+000	5.16200E-001	-2.22553E-004	11	...........
	5480	548.1	5.16398E-001	-2.49043E-001	0.00000E+000	5.15200E-001	-2.24020E-004	11	...........
	5481	548.2	5.15405E-001	-2.48926E-001	0.00000E+000	5.14200E-001	-2.13735E-004	11	...........
	5482	548.3	5.14397E-001	-2.48904E-001	0.00000E+000	5.13200E-001	-2.32504E-004	11	...........
	5483	548.4	5.13408E-001	-2.48827E-001	0.00000E+000	5.12200E-001	-2.15469E-004	11	...........
	5484	548.5	5.12402E-001	-2.48964E-001	0.00000E+000	5.11200E-001	-2.21686E-004	11	...........
	5485	548.6	5.11383E-001	-2.48742E-001	0.00000E+000	5.10200E-001	-2.41489E-004	11	...........
	5486	548.7	5.10385E-001	-2.48752E-001	0.00000E+000	5.09200E-001	-2.18802E-004	11	...........
	5487	548.8	5.09390E-001	-2.48700E-001	0.00000E+000	5.08200E-001	-2.19969E-004	11	...........
	5488	548.9	5.08390E-001	-2.48781E-001	0.00000E+000	5.07200E-001	-2.27204E-004	11	...........
	5489	549	5.07401E-001	-2.48714E-001	0.00000E+000	5.06200E-001	-2.20853E-004	11	...........
	5490	549.1	5.06381E-001	-2.48688E-001	0.00000E+000	5.05200E-001	-2.34588E-004	11	...........
	5491	549.2	5.05401E-001	-2.48500E-001	0.00000E+000	5.04200E-001	-2.18402E-004	11	...........
	5492	549.3	5.04401E-001	-2.48684E-001	0.00000E+000	5.03200E-001	-2.27070E-004	11	...........
	5493	549.4	5.03403E-001	-2.48538E-001	0.00000E+000	5.02200E-001	-2.42656E-004	11	...........
	5494	549.5	5.02403E-001	-2.48583E-001	0.00000E+000	5.01200E-001	-2.28904E-004	11	...........
	5495	549.6	5.01405E-001	-2.48484E-001	0.00000E+000	5.00200E-001	-2.42839E-004	11	...........
	5496	549.7	5.00408E-001	-2.48529E-001	0.00000E+000	4.99200E-001	-2.53674E-004	11	...........
	5497	549.8	4.99416E-001	-2.48407E-001	0.00000E+000	4.98200E-001	-2.33988E-004	11	...........
	5498	549.9	4.98419E-001	-2.48430E-001	0.00000E+000	4.97200E-001	-2.47223E-004	11	...........
	5499	550	4.97420E-001	-2.48335E-001	0.00000E+000	4.96200E-001	-2.25603E-004	11	...........
	5500	550.1	4.96425E-001	-2.48427E-001	0.00000E+000	4.95200E-001	-2.26154E-004	11	...........
	5501	550.2	4.95425E-001	-2.48332E-001	0.00000E+000	4.94200E-001	-2.42223E-004	11	...........
	5502	550.3	4.94432E-001	-2.48303E-001	0.00000E+000	4.93200E-001	-2.18902E-004	11	...........
	5503	550.4	4.93431E-001	-2.48320E-001	0.00000E+000	4.92200E-001	-2.22786E-004	11	...........
	5504	550.5	4.92431E-001	-2.48239E-001	0.00000E+000	4.91200E-001	-2.19519E-004	11	...........
	5505	550.6	4.91440E-001	-2.48236E-001	0.00000E+000	4.90200E-001	-2.12368E-004	11	...........
	5506	550.7	4.90434E-001	-2.48258E-001	0.00000E+000	4.89200E-001	-2.37939E-004	11	...........
	5507	550.8	4.89442E-001	-2.48092E-001	0.00000E+000	4.88200E-001	-2.02550E-004	11	...........
	5508	550.9	4.88447E-001	-2.48158E-001	0.00000E+000	4.87200E-001	-2.22103E-004	11	...........
	5509	551	4.87447E-001	-2.48119E-001	0.00000E+000	4.86200E-001	-2.34205E-004	11	...........
	5510	551.1	4.86435E-001	-2.47958E-001	0.00000E+000	4.85200E-001	-2.13618E-004	11	...........
	5511	551.2	4.85420E-001	-2.47994E-001	0.00000E+000	4.84200E-001	-2.18519E-004	11	...........
	5512	551.3	4.84426E-001	-2.47963E-001	0.00000E+000	4.83200E-001	-2.23837E-004	11	...........
	5513	551.4	4.83434E-001	-2.47957E-001	0.00000E+000	4.82200E-001	-2.04800E-004	11	...........
	5514	551.5	4.82422E-001	-2.47981E-001	0.00000E+000	4.81200E-001	-2.36172E-004	11	...........
	5515	551.6	4.81433E-001	-2.47896E-001	0.00000E+000	4.80200E-001	-2.07067E-004	11	...........
	5516	551.7	4.80436E-001	-2.47973E-001	0.00000E+000	4.79200E-001	-2.17219E-004	11	...........
	5517	551.8	4.79438E-001	-2.47793E-001	0.00000E+000	4.78200E-001	-2.31621E-004	11	...........
	5518	551.9	4.78439E-001	-2.47802E-001	0.00000E+000	4.77200E-001	-2.18286E-004	11	...........
	5519	552	4.77436E-001	-2.47809E-001	0.00000E+000	4.76200E-001	-2.23803E-004	11	...........
	5520	552.1	4.76446E-001	-2.47783E-001	0.00000E+000	4.75200E-001	-2.24720E-004	11	...........
	5521	552.2	4.75454E-001	-2.47746E-001	0.00000E+000	4.74200E-001	-2.28571E-004	11	...........
	5522	552.3	4.74430E-001	-2.47856E-001	0.00000E+000	4.73200E-001	-2.48974E-004	11	...........
	5523	552.4	4.73444E-001	-2.47702E-001	0.00000E+000	4.72200E-001	-2.36755E-004	11	...........
	5524	552.5	4.72454E-001	-2.47700E-001	0.00000E+000	4.71200E-001	-2.34021E-004	11	...........
	5525	552.6	4.71460E-001	-2.47645E-001	0.00000E+000	4.70200E-001	-2.43323E-004	11	...........
	5526	552.7	4.70466E-001	-2.47586E-001	0.00000E+000	4.69200E-001	-2.19352E-004	11	...........
	5527	552.8	4.69462E-001	-2.47622E-001	0.00000E+000	4.68200E-001	-2.25437E-004	11	...........
	5528	552.9	4.68471E-001	-2.47583E-001	0.00000E+000	4.67200E-001	-2.23020E-004	11	...........
	5529	553	4.67481E-001	-2.47467E-001	0.00000E+000	4.66200E-001	-2.09101E-004	11	...........
	5530	553.1	4.66473E-001	-2.47436E-001	0.00000E+000	4.65200E-001	-2.42706E-004	11	...........
	5531	553.2	4.65480E-001	-2.47377E-001	0.00000E+000	4.64200E-001	-2.06601E-004	11	...........
	5532	553.3	4.64480E-001	-2.47443E-001	0.00000E+000	4.63200E-001	-2.16485E-004	11	...........
	5533	553.4	4.63489E-001	-2.47249E-001	0.00000E+000	4.62200E-001	-2.20686E-004	11	...........
	5534	553.5	4.62497E-001	-2.47246E-001	0.00000E+000	4.61200E-001	-2.13968E-004	11	...........
	5535	553.6	4.61473E-001	-2.47244E-001	0.00000E+000	4.60200E-001	-2.14868E-004	11	...........
	5536	553.7	4.60459E-001	-2.47143E-001	0.00000E+000	4.59200E-001	-2.17102E-004	11	...........
	5537	553.8	4.59463E-001	-2.47166E-001	0.00000E+000	4.58200E-001	-2.10501E-004	11	...........
	5538	553.9	4.58453E-001	-2.47208E-001	0.00000E+000	4.57200E-001	-2.38672E-004	11	...........
	5539	554	4.57461E-001	-2.47145E-001	0.00000E+000	4.56200E-001	-2.03017E-004	11	...........
	5540	554.1	4.56468E-001	-2.47200E-001	0.00000E+000	4.55200E-001	-2.17902E-004	11	...........
	5541	554.2	4.55473E-001	-2.47059E-001	0.00000E+000	4.54200E-001	-2.25753E-004	11	...........
	5542	554.3	4.54482E-001	-2.46975E-001	0.00000E+000	4.53200E-001	-2.14452E-004	11	...........
	5543	554.4	4.53468E-001	-2.46971E-001	0.00000E+000	4.52200E-001	-2.20486E-004	11	...........
	5544	554.5	4.52482E-001	-2.46986E-001	0.00000E+000	4.51200E-001	-2.26387E-004	11	...........
	5545	554.6	4.51485E-001	-2.47111E-001	0.00000E+000	4.50200E-001	-2.18752E-004	11	...........
	5546	554.7	4.50474E-001	-2.47069E-001	0.00000E+000	4.49200E-001	-2.43406E-004	11	...........
	5547	554.8	4.49482E-001	-2.46980E-001	0.00000E+000	4.48200E-001	-2.35538E-004	11	...........
	5548	554.9	4.48476E-001	-2.47093E-001	0.00000E+000	4.47200E-001	-2.38972E-004	11	...........
	5549	555	4.47495E-001	-2.46894E-001	0.00000E+000	4.46200E-001	-2.39956E-004	11	...........
	5550	555.1	4.46497E-001	-2.46922E-001	0.00000E+000	4.45200E-001	-2.27070E-004	11	...........
	5551	555.2	4.45494E-001	-2.46928E-001	0.00000E+000	4.44200E-001	-2.24270E-004	11	...........
	5552	555.3	4.44497E-001	-2.46950E-001	0.00000E+000	4.43200E-001	-2.18369E-004	11	...........
	5553	555.4	4.43506E-001	-2.46903E-001	0.00000E+000	4.42200E-001	-2.11218E-004	11	...........
	5554	555.5	4.42503E-001	-2.46877E-001	0.00000E+000	4.41200E-001	-2.38622E-004	11	...........
	5555	555.6	4.41507E-001	-2.46732E-001	0.00000E+000	4.40200E-001	-1.99083E-004	11	...........
	5556	555.7	4.40509E-001	-2.46837E-001	0.00000E+000	4.39200E-001	-2.12835E-004	11	...........
	5557	555.8	4.39514E-001	-2.46713E-001	0.00000E+000	4.38200E-001	-2.14618E-004	11	...........
	5558	555.9	4.38522E-001	-2.46672E-001	0.00000E+000	4.37200E-001	-2.05984E-004	11	...........
	5559	556	4.37513E-001	-2.46588E-001	0.00000E+000	4.36200E-001	-2.14618E-004	11	...........
	5560	556.1	4.36527E-001	-2.46588E-001	0.00000E+000	4.35200E-001	-2.08034E-004	11	...........
	5561	556.2	4.35526E-001	-2.46493E-001	0.00000E+000	4.34200E-001	-2.01466E-004	11	...........
	5562	556.3	4.34497E-001	-2.46534E-001	0.00000E+000	4.33200E-001	-2.34055E-004	11	...........
	5563	556.4	4.33496E-001	-2.46517E-001	0.00000E+000	4.32200E-001	-1.95916E-004	11	...........
	5564	556.5	4.32504E-001	-2.46681E-001	0.00000E+000	4.31200E-001	-2.08784E-004	11	...........
	5565	556.6	4.31503E-001	-2.46551E-001	0.00000E+000	4.30200E-001	-2.12335E-004	11	...........
	5566	556.7	4.30512E-001	-2.46582E-001	0.00000E+000	4.29200E-001	-2.05950E-004	11	...........
	5567	556.8	4.29488E-001	-2.46586E-001	0.00000E+000	4.28200E-001	-2.01800E-004	11	...........
	5568	556.9	4.28513E-001	-2.46456E-001	0.00000E+000	4.27200E-001	-2.06317E-004	11	...........
	5569	557	4.27514E-001	-2.46372E-001	0.00000E+000	4.26200E-001	-2.00833E-004	11	...........
	5570	557.1	4.26510E-001	-2.46519E-001	0.00000E+000	4.25200E-001	-2.34271E-004	11	...........
	5571	557.2	4.25509E-001	-2.46455E-001	0.00000E+000	4.24200E-001	-1.97833E-004	11	...........
	5572	557.3	4.24522E-001	-2.46395E-001	0.00000E+000	4.23200E-001	-2.16452E-004	11	...........
	5573	557.4	4.23525E-001	-2.46370E-001	0.00000E+000	4.22200E-001	-2.27554E-004	11	...........
	5574	557.5	4.22535E-001	-2.46240E-001	0.00000E+000	4.21200E-001	-2.22653E-004	11	...........
	5575	557.6	4.21530E-001	-2.46223E-001	0.00000E+000	4.20200E-001	-2.56241E-004	11	...........
	5576	557.7	4.20525E-001	-2.46278E-001	0.00000E+000	4.19200E-001	-2.39306E-004	11	...........
	5577	557.8	4.19537E-001	-2.46211E-001	0.00000E+000	4.18200E-001	-2.31038E-004	11	...........
	5578	557.9	4.18532E-001	-2.46235E-001	0.00000E+000	4.17200E-001	-2.50924E-004	11	...........
	5579	558	4.17538E-001	-2.46183E-001	0.00000E+000	4.16200E-001	-2.22003E-004	11	...........
	5580	558.1	4.16537E-001	-2.46249E-001	0.00000E+000	4.15200E-001	-2.27670E-004	11	...........
	5581	558.2	4.15549E-001	-2.46051E-001	0.00000E+000	4.14200E-001	-2.28421E-004	11	...........
	5582	558.3	4.14552E-001	-2.46053E-001	0.00000E+000	4.13200E-001	-2.20169E-004	11	...........
	5583	558.4	4.13542E-001	-2.46159E-001	0.00000E+000	4.12200E-001	-2.35255E-004	11	...........
	5584	558.5	4.12554E-001	-2.45975E-001	0.00000E+000	4.11200E-001	-2.19236E-004	11	...........
	5585	558.6	4.11562E-001	-2.45881E-001	0.00000E+000	4.10200E-001	-2.19836E-004	11	...........
	5586	558.7	4.10555E-001	-2.45919E-001	0.00000E+000	4.09200E-001	-2.43940E-004	11	...........
	5587	558.8	4.09533E-001	-2.45721E-001	0.00000E+000	4.08200E-001	-2.08251E-004	11	...........
	5588	558.9	4.08538E-001	-2.45869E-001	0.00000E+000	4.07200E-001	-2.27354E-004	11	...........
	5589	559	4.07544E-001	-2.45795E-001	0.00000E+000	4.06200E-001	-2.31888E-004	11	...........
	5590	559.1	4.06547E-001	-2.45860E-001	0.00000E+000	4.05200E-001	-2.19319E-004	11	...........
	5591	559.2	4.05520E-001	-2.45843E-001	0.00000E+000	4.04200E-001	-2.32805E-004	11	...........
	5592	559.3	4.04547E-001	-2.45827E-001	0.00000E+000	4.03200E-001	-2.29571E-004	11	...........
	5593	559.4	4.03557E-001	-2.45711E-001	0.00000E+000	4.02200E-001	-2.22036E-004	11	...........
	5594	559.5	4.02547E-001	-2.45746E-001	0.00000E+000	4.01200E-001	-2.51174E-004	11	...........
	5595	559.6	4.01548E-001	-2.45790E-001	0.00000E+000	4.00200E-001	-2.28971E-004	11	...........
	5596	559.7	4.00553E-001	-2.45800E-001	0.00000E+000	3.99200E-001	-2.41272E-004	11	...........
	5597	559.8	3.99560E-001	-2.45732E-001	0.00000E+000	3.98200E-001	-2.47307E-004	11	...........
	5598	559.9	3.98559E-001	-2.45626E-001	0.00000E+000	3.97200E-001	-2.44040E-004	11	...........
	5599	560	3.97548E-001	-2.45650E-001	0.00000E+000	3.96200E-001	-2.55525E-004	11	...........
	5600	560.1	3.96562E-001	-2.45565E-001	0.00000E+000	3.95200E-001	-2.42223E-004	11	...........
	5601	560.2	3.95580E-001	-2.45441E-001	0.00000E+000	3.94200E-001	-2.37955E-004	11	...........
	5602	560.3	3.94578E-001	-2.45526E-001	0.00000E+000	3.93200E-001	-2.48374E-004	11	...........
	5603	560.4	3.93581E-001	-2.45540E-001	0.00000E+000	3.92200E-001	-2.23653E-004	11	...........
	5604	560.5	3.92578E-001	-2.45547E-001	0.00000E+000	3.91200E-001	-2.31538E-004	11	...........
	5605	560.6	3.91585E-001	-2.45528E-001	0.00000E+000	3.90200E-001	-2.33771E-004	11	...........
	5606	560.7	3.90592E-001	-2.45408E-001	0.00000E+000	3.89200E-001	-2.19052E-004	11	...........
	5607	560.8	3.89585E-001	-2.45455E-001	0.00000E+000	3.88200E-001	-2.35405E-004	11	...........
	5608	560.9	3.88589E-001	-2.45477E-001	0.00000E+000	3.87200E-001	-2.20703E-004	11	...........
	5609	561	3.87601E-001	-2.45336E-001	0.00000E+000	3.86200E-001	-2.19753E-004	11	...........
	5610	561.1	3.86598E-001	-2.45348E-001	0.00000E+000	3.85200E-001	-2.38555E-004	11	...........
	5611	561.2	3.85611E-001	-2.45255E-001	0.00000E+000	3.84200E-001	-2.24087E-004	11	...........
	5612	561.3	3.84595E-001	-2.45366E-001	0.00000E+000	3.83200E-001	-2.22420E-004	11	...........
	5613	561.4	3.83580E-001	-2.45220E-001	0.00000E+000	3.82200E-001	-2.29687E-004	11	...........
	5614	561.5	3.82587E-001	-2.45223E-001	0.00000E+000	3.81200E-001	-2.18852E-004	11	...........
	5615	561.6	3.81564E-001	-2.45233E-001	0.00000E+000	3.80200E-001	-2.35155E-004	11	...........
	5616	561.7	3.80584E-001	-2.45342E-001	0.00000E+000	3.79200E-001	-2.15602E-004	11	...........
	5617	561.8	3.79595E-001	-2.45251E-001	0.00000E+000	3.78200E-001	-2.25203E-004	11	...........
	5618	561.9	3.78588E-001	-2.45263E-001	0.00000E+000	3.77200E-001	-2.44290E-004	11	...........
	5619	562	3.77591E-001	-2.45127E-001	0.00000E+000	3.76200E-001	-2.18469E-004	11	...........
	5620	562.1	3.76591E-001	-2.45231E-001	0.00000E+000	3.75200E-001	-2.29587E-004	11	...........
	5621	562.2	3.75600E-001	-2.45202E-001	0.00000E+000	3.74200E-001	-2.34055E-004	11	...........
	5622	562.3	3.74605E-001	-2.45152E-001	0.00000E+000	3.73200E-001	-2.28421E-004	11	...........
	5623	562.4	3.73593E-001	-2.45093E-001	0.00000E+000	3.72200E-001	-2.49507E-004	11	...........
	5624	562.5	3.72604E-001	-2.45118E-001	0.00000E+000	3.71200E-001	-2.45240E-004	11	...........
	5625	562.6	3.71610E-001	-2.44946E-001	0.00000E+000	3.70200E-001	-2.48640E-004	11	...........
	5626	562.7	3.70618E-001	-2.44990E-001	0.00000E+000	3.69200E-001	-2.57825E-004	11	...........
	5627	562.8	3.69620E-001	-2.45046E-001	0.00000E+000	3.68200E-001	-2.33788E-004	11	...........
	5628	562.9	3.68617E-001	-2.45090E-001	0.00000E+000	3.67200E-001	-2.37839E-004	11	...........
	5629	563	3.67624E-001	-2.45040E-001	0.00000E+000	3.66200E-001	-2.32888E-004	11	...........
	5630	563.1	3.66627E-001	-2.45101E-001	0.00000E+000	3.65200E-001	-2.27720E-004	11	...........
	5631	563.2	3.65622E-001	-2.45090E-001	0.00000E+000	3.64200E-001	-2.46590E-004	11	...........
	5632	563.3	3.64626E-001	-2.44951E-001	0.00000E+000	3.63200E-001	-2.15802E-004	11	...........
	5633	563.4	3.63639E-001	-2.44855E-001	0.00000E+000	3.62200E-001	-2.27754E-004	11	...........
	5634	563.5	3.62637E-001	-2.44937E-001	0.00000E+000	3.61200E-001	-2.41506E-004	11	...........
	5635	563.6	3.61650E-001	-2.44749E-001	0.00000E+000	3.60200E-001	-2.25620E-004	11	...........
	5636	563.7	3.60638E-001	-2.44883E-001	0.00000E+000	3.59200E-001	-2.28004E-004	11	...........
	5637	563.8	3.59648E-001	-2.44780E-001	0.00000E+000	3.58200E-001	-2.29437E-004	11	...........
	5638	563.9	3.58653E-001	-2.44683E-001	0.00000E+000	3.57200E-001	-2.18552E-004	11	...........
	5639	564	3.57601E-001	-2.44675E-001	0.00000E+000	3.56200E-001	-2.43473E-004	11	...........
	5640	564.1	3.56617E-001	-2.44771E-001	0.00000E+000	3.55200E-001	-2.19836E-004	11	...........
	5641	564.2	3.55625E-001	-2.44802E-001	0.00000E+000	3.54200E-001	-2.26387E-004	11	...........
	5642	564.3	3.54622E-001	-2.44820E-001	0.00000E+000	3.53200E-001	-2.44790E-004	11	...........
	5643	564.4	3.53625E-001	-2.44764E-001	0.00000E+000	3.52200E-001	-2.25603E-004	11	...........
	5644	564.5	3.52623E-001	-2.44794E-001	0.00000E+000	3.51200E-001	-2.24387E-004	11	...........
	5645	564.6	3.51629E-001	-2.44635E-001	0.00000E+000	3.50200E-001	-2.31788E-004	11	...........
	5646	564.7	3.50635E-001	-2.44651E-001	0.00000E+000	3.49200E-001	-2.30387E-004	11	...........
	5647	564.8	3.49615E-001	-2.44669E-001	0.00000E+000	3.48200E-001	-2.49290E-004	11	...........
	5648	564.9	3.48630E-001	-2.44737E-001	0.00000E+000	3.47200E-001	-2.31171E-004	11	...........
	5649	565	3.47643E-001	-2.44622E-001	0.00000E+000	3.46200E-001	-2.43439E-004	11	...........
	5650	565.1	3.46633E-001	-2.44698E-001	0.00000E+000	3.45200E-001	-2.62992E-004	11	...........
	5651	565.2	3.45641E-001	-2.44635E-001	0.00000E+000	3.44200E-001	-2.36438E-004	11	...........
	5652	565.3	3.44642E-001	-2.44634E-001	0.00000E+000	3.43200E-001	-2.46673E-004	11	...........
	5653	565.4	3.43647E-001	-2.44571E-001	0.00000E+000	3.42200E-001	-2.39406E-004	11	...........
	5654	565.5	3.42658E-001	-2.44636E-001	0.00000E+000	3.41200E-001	-2.25303E-004	11	...........
	5655	565.6	3.41649E-001	-2.44718E-001	0.00000E+000	3.40200E-001	-2.49540E-004	11	...........
	5656	565.7	3.40654E-001	-2.44614E-001	0.00000E+000	3.39200E-001	-2.16869E-004	11	...........
	5657	565.8	3.39666E-001	-2.44418E-001	0.00000E+000	3.38200E-001	-2.24637E-004	11	...........
	5658	565.9	3.38667E-001	-2.44420E-001	0.00000E+000	3.37200E-001	-2.33655E-004	11	...........
	5659	566	3.37671E-001	-2.44470E-001	0.00000E+000	3.36200E-001	-2.21086E-004	11	...........
	5660	566.1	3.36660E-001	-2.44566E-001	0.00000E+000	3.35200E-001	-2.24670E-004	11	...........
	5661	566.2	3.35679E-001	-2.44315E-001	0.00000E+000	3.34200E-001	-2.21253E-004	11	...........
	5662	566.3	3.34685E-001	-2.44363E-001	0.00000E+000	3.33200E-001	-2.14435E-004	11	...........
	5663	566.4	3.33666E-001	-2.44372E-001	0.00000E+000	3.32200E-001	-2.44773E-004	11	...........
	5664	566.5	3.32648E-001	-2.44322E-001	0.00000E+000	3.31200E-001	-2.05017E-004	11	...........
	5665	566.6	3.31662E-001	-2.44215E-001	0.00000E+000	3.30200E-001	-2.21820E-004	11	...........
	5666	566.7	3.30659E-001	-2.44271E-001	0.00000E+000	3.29200E-001	-2.31754E-004	11	...........
	5667	566.8	3.29665E-001	-2.44273E-001	0.00000E+000	3.28200E-001	-2.14718E-004	11	...........
	5668	566.9	3.28655E-001	-2.44403E-001	0.00000E+000	3.27200E-001	-2.19252E-004	11	...........
	5669	567	3.27667E-001	-2.44239E-001	0.00000E+000	3.26200E-001	-2.26587E-004	11	...........
	5670	567.1	3.26677E-001	-2.44223E-001	0.00000E+000	3.25200E-001	-2.12218E-004	11	...........
	5671	567.2	3.25660E-001	-2.44284E-001	0.00000E+000	3.24200E-001	-2.44790E-004	11	...........
	5672	567.3	3.24665E-001	-2.44368E-001	0.00000E+000	3.23200E-001	-2.12301E-004	11	...........
	5673	567.4	3.23677E-001	-2.44338E-001	0.00000E+000	3.22200E-001	-2.24920E-004	11	...........
	5674	567.5	3.22677E-001	-2.44363E-001	0.00000E+000	3.21200E-001	-2.41122E-004	11	...........
	5675	567.6	3.21681E-001	-2.44295E-001	0.00000E+000	3.20200E-001	-2.36522E-004	11	...........
	5676	567.7	3.20653E-001	-2.44324E-001	0.00000E+000	3.19200E-001	-2.60625E-004	11	...........
	5677	567.8	3.19681E-001	-2.44186E-001	0.00000E+000	3.18200E-001	-2.46557E-004	11	...........
	5678	567.9	3.18689E-001	-2.44148E-001	0.00000E+000	3.17200E-001	-2.35338E-004	11	...........
	5679	568	3.17687E-001	-2.44144E-001	0.00000E+000	3.16200E-001	-2.51391E-004	11	...........
	5680	568.1	3.16690E-001	-2.44185E-001	0.00000E+000	3.15200E-001	-2.23253E-004	11	...........
	5681	568.2	3.15699E-001	-2.44086E-001	0.00000E+000	3.14200E-001	-2.34772E-004	11	...........
	5682	568.3	3.14704E-001	-2.44149E-001	0.00000E+000	3.13200E-001	-2.37889E-004	11	...........
	5683	568.4	3.13706E-001	-2.44061E-001	0.00000E+000	3.12200E-001	-2.25087E-004	11	...........
	5684	568.5	3.12699E-001	-2.44092E-001	0.00000E+000	3.11200E-001	-2.34121E-004	11	...........
	5685	568.6	3.11707E-001	-2.44092E-001	0.00000E+000	3.10200E-001	-2.26237E-004	11	...........
	5686	568.7	3.10716E-001	-2.43986E-001	0.00000E+000	3.09200E-001	-2.20786E-004	11	...........
	5687	568.8	3.09712E-001	-2.43993E-001	0.00000E+000	3.08200E-001	-2.50857E-004	11	...........
	5688	568.9	3.08717E-001	-2.44047E-001	0.00000E+000	3.07200E-001	-2.18552E-004	11	...........
	5689	569	3.07711E-001	-2.43922E-001	0.00000E+000	3.06200E-001	-2.28521E-004	11	...........
	5690	569.1	3.06694E-001	-2.43905E-001	0.00000E+000	3.05200E-001	-2.35772E-004	11	...........
	5691	569.2	3.05697E-001	-2.43897E-001	0.00000E+000	3.04200E-001	-2.28871E-004	11	...........
	5692	569.3	3.04686E-001	-2.43992E-001	0.00000E+000	3.03200E-001	-2.28421E-004	11	...........
	5693	569.4	3.03698E-001	-2.43958E-001	0.00000E+000	3.02200E-001	-2.28371E-004	11	...........
	5694	569.5	3.02707E-001	-2.43931E-001	0.00000E+000	3.01200E-001	-2.24403E-004	11	...........
	5695	569.6	3.01700E-001	-2.43958E-001	0.00000E+000	3.00200E-001	-2.51807E-004	11	...........
	5696	569.7	3.00697E-001	-2.43923E-001	0.00000E+000	2.99200E-001	-2.20253E-004	11	...........
	5697	569.8	2.99708E-001	-2.43896E-001	0.00000E+000	2.98200E-001	-2.32371E-004	11	...........
	5698	569.9	2.98713E-001	-2.43929E-001	0.00000E+000	2.97200E-001	-2.41523E-004	11	...........
	5699	570	2.97716E-001	-2.43891E-001	0.00000E+000	2.96200E-001	-2.37172E-004	11	...........
	5700	570.1	2.96698E-001	-2.43961E-001	0.00000E+000	2.95200E-001	-2.54491E-004	11	...........
	5701	570.2	2.95711E-001	-2.43917E-001	0.00000E+000	2.94200E-001	-2.60059E-004	11	...........
	5702	570.3	2.94724E-001	-2.43813E-001	0.00000E+000	2.93200E-001	-2.47757E-004	11	...........
	5703	570.4	2.93726E-001	-2.43835E-001	0.00000E+000	2.92200E-001	-2.57475E-004	11	...........
	5704	570.5	2.92732E-001	-2.43784E-001	0.00000E+000	2.91200E-001	-2.32238E-004	11	...........
	5705	570.6	2.91734E-001	-2.43831E-001	0.00000E+000	2.90200E-001	-2.35288E-004	11	...........
	5706	570.7	2.90740E-001	-2.43873E-001	0.00000E+000	2.89200E-001	-2.38372E-004	11	...........
	5707	570.8	2.89743E-001	-2.43768E-001	0.00000E+000	2.88200E-001	-2.29371E-004	11	...........
	5708	570.9	2.88736E-001	-2.43886E-001	0.00000E+000	2.87200E-001	-2.42289E-004	11	...........
	5709	571	2.87740E-001	-2.43768E-001	0.00000E+000	2.86200E-001	-2.21786E-004	11	...........
	5710	571.1	2.86754E-001	-2.43718E-001	0.00000E+000	2.85200E-001	-2.24487E-004	11	...........
	5711	571.2	2.85747E-001	-2.43762E-001	0.00000E+000	2.84200E-001	-2.49124E-004	11	...........
	5712	571.3	2.84755E-001	-2.43710E-001	0.00000E+000	2.83200E-001	-2.19019E-004	11	...........
	5713	571.4	2.83756E-001	-2.43615E-001	0.00000E+000	2.82200E-001	-2.28487E-004	11	...........
	5714	571.5	2.82764E-001	-2.43651E-001	0.00000E+000	2.81200E-001	-2.32071E-004	11	...........
	5715	571.6	2.81758E-001	-2.43500E-001	0.00000E+000	2.80200E-001	-2.25203E-004	11	...........
	5716	571.7	2.80709E-001	-2.43698E-001	0.00000E+000	2.79200E-001	-2.28437E-004	11	...........
	5717	571.8	2.79735E-001	-2.43609E-001	0.00000E+000	2.78200E-001	-2.28354E-004	11	...........
	5718	571.9	2.78741E-001	-2.43693E-001	0.00000E+000	2.77200E-001	-2.20986E-004	11	...........
	5719	572	2.77735E-001	-2.43666E-001	0.00000E+000	2.76200E-001	-2.48590E-004	11	...........
	5720	572.1	2.76731E-001	-2.43712E-001	0.00000E+000	2.75200E-001	-2.18769E-004	11	...........
	5721	572.2	2.75746E-001	-2.43538E-001	0.00000E+000	2.74200E-001	-2.23253E-004	11	...........
	5722	572.3	2.74746E-001	-2.43609E-001	0.00000E+000	2.73200E-001	-2.34805E-004	11	...........
	5723	572.4	2.73752E-001	-2.43531E-001	0.00000E+000	2.72200E-001	-2.28120E-004	11	...........
	5724	572.5	2.72732E-001	-2.43691E-001	0.00000E+000	2.71200E-001	-2.40472E-004	11	...........
	5725	572.6	2.71750E-001	-2.43621E-001	0.00000E+000	2.70200E-001	-2.30621E-004	11	...........
	5726	572.7	2.70762E-001	-2.43637E-001	0.00000E+000	2.69200E-001	-2.39189E-004	11	...........
	5727	572.8	2.69754E-001	-2.43631E-001	0.00000E+000	2.68200E-001	-2.60359E-004	11	...........
	5728	572.9	2.68761E-001	-2.43489E-001	0.00000E+000	2.67200E-001	-2.44423E-004	11	...........
	5729	573	2.67769E-001	-2.43456E-001	0.00000E+000	2.66200E-001	-2.46457E-004	11	...........
	5730	573.1	2.66773E-001	-2.43560E-001	0.00000E+000	2.65200E-001	-2.41889E-004	11	...........
	5731	573.2	2.65774E-001	-2.43541E-001	0.00000E+000	2.64200E-001	-2.30554E-004	11	...........
	5732	573.3	2.64777E-001	-2.43567E-001	0.00000E+000	2.63200E-001	-2.41122E-004	11	...........
	5733	573.4	2.63780E-001	-2.43508E-001	0.00000E+000	2.62200E-001	-2.25503E-004	11	...........
	5734	573.5	2.62791E-001	-2.43404E-001	0.00000E+000	2.61200E-001	-2.26420E-004	11	...........
	5735	573.6	2.61785E-001	-2.43478E-001	0.00000E+000	2.60200E-001	-2.47757E-004	11	...........
	5736	573.7	2.60788E-001	-2.43456E-001	0.00000E+000	2.59200E-001	-2.22386E-004	11	...........
	5737	573.8	2.59788E-001	-2.43398E-001	0.00000E+000	2.58200E-001	-2.27020E-004	11	...........
	5738	573.9	2.58798E-001	-2.43369E-001	0.00000E+000	2.57200E-001	-2.27020E-004	11	...........
	5739	574	2.57806E-001	-2.43276E-001	0.00000E+000	2.56200E-001	-2.20369E-004	11	...........
	5740	574.1	2.56778E-001	-2.43401E-001	0.00000E+000	2.55200E-001	-2.36338E-004	11	...........
	5741	574.2	2.55767E-001	-2.43277E-001	0.00000E+000	2.54200E-001	-2.20203E-004	11	...........
	5742	574.3	2.54775E-001	-2.43294E-001	0.00000E+000	2.53200E-001	-2.21970E-004	11	...........
	5743	574.4	2.53772E-001	-2.43386E-001	0.00000E+000	2.52200E-001	-2.42889E-004	11	...........
	5744	574.5	2.52768E-001	-2.43439E-001	0.00000E+000	2.51200E-001	-2.19136E-004	11	...........
	5745	574.6	2.51777E-001	-2.43403E-001	0.00000E+000	2.50200E-001	-2.26787E-004	11	...........
	5746	574.7	2.50780E-001	-2.43416E-001	0.00000E+000	2.49200E-001	-2.35038E-004	11	...........
	5747	574.8	2.49787E-001	-2.43330E-001	0.00000E+000	2.48200E-001	-2.24037E-004	11	...........
	5748	574.9	2.48763E-001	-2.43530E-001	0.00000E+000	2.47200E-001	-2.41573E-004	11	...........
	5749	575	2.47781E-001	-2.43371E-001	0.00000E+000	2.46200E-001	-2.28404E-004	11	...........
	5750	575.1	2.46789E-001	-2.43415E-001	0.00000E+000	2.45200E-001	-2.32755E-004	11	...........
	5751	575.2	2.45789E-001	-2.43316E-001	0.00000E+000	2.44200E-001	-2.56291E-004	11	...........
	5752	575.3	2.44790E-001	-2.43343E-001	0.00000E+000	2.43200E-001	-2.43439E-004	11	...........
	5753	575.4	2.43784E-001	-2.43260E-001	0.00000E+000	2.42200E-001	-2.60759E-004	11	...........
	5754	575.5	2.42802E-001	-2.43249E-001	0.00000E+000	2.41200E-001	-2.46157E-004	11	...........
	5755	575.6	2.41808E-001	-2.43216E-001	0.00000E+000	2.40200E-001	-2.36472E-004	11	...........
	5756	575.7	2.40806E-001	-2.43280E-001	0.00000E+000	2.39200E-001	-2.48090E-004	11	...........
	5757	575.8	2.39809E-001	-2.43205E-001	0.00000E+000	2.38200E-001	-2.18769E-004	11	...........
	5758	575.9	2.38818E-001	-2.43229E-001	0.00000E+000	2.37200E-001	-2.27920E-004	11	...........
	5759	576	2.37814E-001	-2.43300E-001	0.00000E+000	2.36200E-001	-2.39089E-004	11	...........
	5760	576.1	2.36822E-001	-2.43185E-001	0.00000E+000	2.35200E-001	-2.21569E-004	11	...........
	5761	576.2	2.35820E-001	-2.43121E-001	0.00000E+000	2.34200E-001	-2.20019E-004	11	...........
	5762	576.3	2.34826E-001	-2.43186E-001	0.00000E+000	2.33200E-001	-2.25337E-004	11	...........
	5763	576.4	2.33837E-001	-2.43088E-001	0.00000E+000	2.32200E-001	-2.12468E-004	11	...........
	5764	576.5	2.32826E-001	-2.43096E-001	0.00000E+000	2.31200E-001	-2.37355E-004	11	...........
	5765	576.6	2.31838E-001	-2.43056E-001	0.00000E+000	2.30200E-001	-2.08467E-004	11	...........
	5766	576.7	2.30837E-001	-2.43054E-001	0.00000E+000	2.29200E-001	-2.18136E-004	11	...........
	5767	576.8	2.29813E-001	-2.43064E-001	0.00000E+000	2.28200E-001	-2.36105E-004	11	...........
	5768	576.9	2.28812E-001	-2.43133E-001	0.00000E+000	2.27200E-001	-2.19036E-004	11	...........
	5769	577	2.27813E-001	-2.43170E-001	0.00000E+000	2.26200E-001	-2.11885E-004	11	...........
	5770	577.1	2.26823E-001	-2.43110E-001	0.00000E+000	2.25200E-001	-2.21469E-004	11	...........
	5771	577.2	2.25829E-001	-2.43088E-001	0.00000E+000	2.24200E-001	-2.09201E-004	11	...........
	5772	577.3	2.24798E-001	-2.43218E-001	0.00000E+000	2.23200E-001	-2.33771E-004	11	...........
	5773	577.4	2.23827E-001	-2.43017E-001	0.00000E+000	2.22200E-001	-2.02600E-004	11	...........
	5774	577.5	2.22831E-001	-2.43079E-001	0.00000E+000	2.21200E-001	-2.19136E-004	11	...........
	5775	577.6	2.21829E-001	-2.43117E-001	0.00000E+000	2.20200E-001	-2.34238E-004	11	...........
	5776	577.7	2.20833E-001	-2.43207E-001	0.00000E+000	2.19200E-001	-2.20669E-004	11	...........
	5777	577.8	2.19825E-001	-2.43167E-001	0.00000E+000	2.18200E-001	-2.24020E-004	11	...........
	5778	577.9	2.18837E-001	-2.43151E-001	0.00000E+000	2.17200E-001	-2.36722E-004	11	...........
	5779	578	2.17842E-001	-2.43062E-001	0.00000E+000	2.16200E-001	-2.39039E-004	11	...........
	5780	578.1	2.16837E-001	-2.43093E-001	0.00000E+000	2.15200E-001	-2.60109E-004	11	...........
	5781	578.2	2.15841E-001	-2.43020E-001	0.00000E+000	2.14200E-001	-2.40789E-004	11	...........
	5782	578.3	2.14851E-001	-2.43012E-001	0.00000E+000	2.13200E-001	-2.41039E-004	11	...........
	5783	578.4	2.13851E-001	-2.43058E-001	0.00000E+000	2.12200E-001	-2.46857E-004	11	...........
	5784	578.5	2.12854E-001	-2.43079E-001	0.00000E+000	2.11200E-001	-2.29971E-004	11	...........
	5785	578.6	2.11855E-001	-2.42956E-001	0.00000E+000	2.10200E-001	-2.33438E-004	11	...........
	5786	578.7	2.10856E-001	-2.42916E-001	0.00000E+000	2.09200E-001	-2.30654E-004	11	...........
	5787	578.8	2.09867E-001	-2.42910E-001	0.00000E+000	2.08200E-001	-2.21369E-004	11	...........
	5788	578.9	2.08857E-001	-2.43040E-001	0.00000E+000	2.07200E-001	-2.47673E-004	11	...........
	5789	579	2.07873E-001	-2.42774E-001	0.00000E+000	2.06200E-001	-2.14969E-004	11	...........
	5790	579.1	2.06876E-001	-2.42891E-001	0.00000E+000	2.05200E-001	-2.27470E-004	11	...........
	5791	579.2	2.05883E-001	-2.42870E-001	0.00000E+000	2.04200E-001	-2.40372E-004	11	...........
	5792	579.3	2.04873E-001	-2.42794E-001	0.00000E+000	2.03200E-001	-2.28971E-004	11	...........
	5793	579.4	2.03856E-001	-2.42808E-001	0.00000E+000	2.02200E-001	-2.31854E-004	11	...........
	5794	579.5	2.02866E-001	-2.42893E-001	0.00000E+000	2.01200E-001	-2.36288E-004	11	...........
	5795	579.6	2.01870E-001	-2.42920E-001	0.00000E+000	2.00200E-001	-2.25270E-004	11	...........
	5796	579.7	2.00863E-001	-2.42972E-001	0.00000E+000	1.99200E-001	-2.51924E-004	11	...........
	5797	579.8	1.99868E-001	-2.42937E-001	0.00000E+000	1.98200E-001	-2.21820E-004	11	...........
	5798	579.9	1.98878E-001	-2.42892E-001	0.00000E+000	1.97200E-001	-2.32504E-004	11	...........
	5799	580	1.97873E-001	-2.42899E-001	0.00000E+000	1.96200E-001	-2.47257E-004	11	...........
	5800	580.1	1.96878E-001	-2.42967E-001	0.00000E+000	1.95200E-001	-2.38539E-004	11	...........
	5801	580.2	1.95861E-001	-2.43074E-001	0.00000E+000	1.94200E-001	-2.44540E-004	11	...........
	5802	580.3	1.94875E-001	-2.43062E-001	0.00000E+000	1.93200E-001	-2.44540E-004	11	...........
	5803	580.4	1.93885E-001	-2.43019E-001	0.00000E+000	1.92200E-001	-2.49107E-004	11	...........
	5804	580.5	1.92870E-001	-2.43066E-001	0.00000E+000	1.91200E-001	-2.61876E-004	11	...........
	5805	580.6	1.91888E-001	-2.42869E-001	0.00000E+000	1.90200E-001	-2.45540E-004	11	...........
	5806	580.7	1.90897E-001	-2.42846E-001	0.00000E+000	1.89200E-001	-2.48023E-004	11	...........
	5807	580.8	1.89901E-001	-2.42878E-001	0.00000E+000	1.88200E-001	-2.52591E-004	11	...........
	5808	580.9	1.88903E-001	-2.42918E-001	0.00000E+000	1.87200E-001	-2.33421E-004	11	...........
	5809	581	1.87903E-001	-2.42898E-001	0.00000E+000	1.86200E-001	-2.42023E-004	11	...........
	5810	581.1	1.86905E-001	-2.42856E-001	0.00000E+000	1.85200E-001	-2.34872E-004	11	...........
	5811	581.2	1.85920E-001	-2.42784E-001	0.00000E+000	1.84200E-001	-2.25353E-004	11	...........
	5812	581.3	1.84908E-001	-2.42950E-001	0.00000E+000	1.83200E-001	-2.52408E-004	11	...........
	5813	581.4	1.83921E-001	-2.42845E-001	0.00000E+000	1.82200E-001	-2.22903E-004	11	...........
	5814	581.5	1.82919E-001	-2.42819E-001	0.00000E+000	1.81200E-001	-2.31254E-004	11	...........
	5815	581.6	1.81924E-001	-2.42866E-001	0.00000E+000	1.80200E-001	-2.35588E-004	11	...........
	5816	581.7	1.80927E-001	-2.42857E-001	0.00000E+000	1.79200E-001	-2.25987E-004	11	...........
	5817	581.8	1.79904E-001	-2.42747E-001	0.00000E+000	1.78200E-001	-2.31371E-004	11	...........
	5818	581.9	1.78896E-001	-2.42880E-001	0.00000E+000	1.77200E-001	-2.27537E-004	11	...........
	5819	582	1.77912E-001	-2.42760E-001	0.00000E+000	1.76200E-001	-2.22086E-004	11	...........
	5820	582.1	1.76897E-001	-2.42868E-001	0.00000E+000	1.75200E-001	-2.54191E-004	11	...........
	5821	582.2	1.75899E-001	-2.42788E-001	0.00000E+000	1.74200E-001	-2.11835E-004	11	...........
	5822	582.3	1.74909E-001	-2.42832E-001	0.00000E+000	1.73200E-001	-2.30137E-004	11	...........
	5823	582.4	1.73912E-001	-2.42851E-001	0.00000E+000	1.72200E-001	-2.38522E-004	11	...........
	5824	582.5	1.72915E-001	-2.42784E-001	0.00000E+000	1.71200E-001	-2.27470E-004	11	...........
	5825	582.6	1.71901E-001	-2.42743E-001	0.00000E+000	1.70200E-001	-2.36972E-004	11	...........
	5826	582.7	1.70911E-001	-2.42828E-001	0.00000E+000	1.69200E-001	-2.33771E-004	11	...........
	5827	582.8	1.69925E-001	-2.42778E-001	0.00000E+000	1.68200E-001	-2.33755E-004	11	...........
	5828	582.9	1.68915E-001	-2.42806E-001	0.00000E+000	1.67200E-001	-2.58025E-004	11	...........
	5829	583	1.67923E-001	-2.42794E-001	0.00000E+000	1.66200E-001	-2.44606E-004	11	...........
	5830	583.1	1.66925E-001	-2.42686E-001	0.00000E+000	1.65200E-001	-2.67343E-004	11	...........
	5831	583.2	1.65935E-001	-2.42746E-001	0.00000E+000	1.64200E-001	-2.58092E-004	11	...........
	5832	583.3	1.64941E-001	-2.42719E-001	0.00000E+000	1.63200E-001	-2.45756E-004	11	...........
	5833	583.4	1.63940E-001	-2.42752E-001	0.00000E+000	1.62200E-001	-2.48607E-004	11	...........
	5834	583.5	1.62941E-001	-2.42757E-001	0.00000E+000	1.61200E-001	-2.33088E-004	11	...........
	5835	583.6	1.61953E-001	-2.42687E-001	0.00000E+000	1.60200E-001	-2.33955E-004	11	...........
	5836	583.7	1.60951E-001	-2.42737E-001	0.00000E+000	1.59200E-001	-2.51091E-004	11	...........
	5837	583.8	1.59958E-001	-2.42649E-001	0.00000E+000	1.58200E-001	-2.25453E-004	11	...........
	5838	583.9	1.58955E-001	-2.42672E-001	0.00000E+000	1.57200E-001	-2.34255E-004	11	...........
	5839	584	1.57962E-001	-2.42759E-001	0.00000E+000	1.56200E-001	-2.38105E-004	11	...........
	5840	584.1	1.56968E-001	-2.42612E-001	0.00000E+000	1.55200E-001	-2.25487E-004	11	...........
	5841	584.2	1.55951E-001	-2.42628E-001	0.00000E+000	1.54200E-001	-2.40839E-004	11	...........
	5842	584.3	1.54968E-001	-2.42642E-001	0.00000E+000	1.53200E-001	-2.32304E-004	11	...........
	5843	584.4	1.53973E-001	-2.42552E-001	0.00000E+000	1.52200E-001	-2.30804E-004	11	...........
	5844	584.5	1.52935E-001	-2.42647E-001	0.00000E+000	1.51200E-001	-2.53658E-004	11	...........
	5845	584.6	1.51932E-001	-2.42695E-001	0.00000E+000	1.50200E-001	-2.23303E-004	11	...........
	5846	584.7	1.50937E-001	-2.42719E-001	0.00000E+000	1.49200E-001	-2.31354E-004	11	...........
	5847	584.8	1.49944E-001	-2.42725E-001	0.00000E+000	1.48200E-001	-2.41556E-004	11	...........
	5848	584.9	1.48942E-001	-2.42823E-001	0.00000E+000	1.47200E-001	-2.33171E-004	11	...........
	5849	585	1.47933E-001	-2.42619E-001	0.00000E+000	1.46200E-001	-2.41506E-004	11	...........
	5850	585.1	1.46946E-001	-2.42692E-001	0.00000E+000	1.45200E-001	-2.31304E-004	11	...........
	5851	585.2	1.45958E-001	-2.42642E-001	0.00000E+000	1.44200E-001	-2.35888E-004	11	...........
	5852	585.3	1.44945E-001	-2.42824E-001	0.00000E+000	1.43200E-001	-2.57875E-004	11	...........
	5853	585.4	1.43948E-001	-2.42716E-001	0.00000E+000	1.42200E-001	-2.36222E-004	11	...........
	5854	585.5	1.42956E-001	-2.42663E-001	0.00000E+000	1.41200E-001	-2.51974E-004	11	...........
	5855	585.6	1.41957E-001	-2.42672E-001	0.00000E+000	1.40200E-001	-2.62442E-004	11	...........
	5856	585.7	1.40957E-001	-2.42673E-001	0.00000E+000	1.39200E-001	-2.50457E-004	11	...........
	5857	585.8	1.39966E-001	-2.42673E-001	0.00000E+000	1.38200E-001	-2.56525E-004	11	...........
	5858	585.9	1.38967E-001	-2.42732E-001	0.00000E+000	1.37200E-001	-2.40339E-004	11	...........
	5859	586	1.37979E-001	-2.42711E-001	0.00000E+000	1.36200E-001	-2.36038E-004	11	...........
	5860	586.1	1.36971E-001	-2.42769E-001	0.00000E+000	1.35200E-001	-2.56191E-004	11	...........
	5861	586.2	1.35984E-001	-2.42670E-001	0.00000E+000	1.34200E-001	-2.28154E-004	11	...........
	5862	586.3	1.34982E-001	-2.42558E-001	0.00000E+000	1.33200E-001	-2.30838E-004	11	...........
	5863	586.4	1.33985E-001	-2.42621E-001	0.00000E+000	1.32200E-001	-2.34038E-004	11	...........
	5864	586.5	1.32988E-001	-2.42672E-001	0.00000E+000	1.31200E-001	-2.25903E-004	11	...........
	5865	586.6	1.31984E-001	-2.42540E-001	0.00000E+000	1.30200E-001	-2.44823E-004	11	...........
	5866	586.7	1.30994E-001	-2.42590E-001	0.00000E+000	1.29200E-001	-2.16852E-004	11	...........
	5867	586.8	1.30002E-001	-2.42587E-001	0.00000E+000	1.28200E-001	-2.27404E-004	11	...........
	5868	586.9	1.28993E-001	-2.42721E-001	0.00000E+000	1.27200E-001	-2.50491E-004	11	...........
	5869	587	1.27978E-001	-2.42510E-001	0.00000E+000	1.26200E-001	-2.20253E-004	11	...........
	5870	587.1	1.26978E-001	-2.42541E-001	0.00000E+000	1.25200E-001	-2.20319E-004	11	...........
	5871	587.2	1.25982E-001	-2.42551E-001	0.00000E+000	1.24200E-001	-2.33455E-004	11	...........
	5872	587.3	1.24980E-001	-2.42696E-001	0.00000E+000	1.23200E-001	-2.20586E-004	11	...........
	5873	587.4	1.23968E-001	-2.42631E-001	0.00000E+000	1.22200E-001	-2.37755E-004	11	...........
	5874	587.5	1.22983E-001	-2.42717E-001	0.00000E+000	1.21200E-001	-2.19286E-004	11	...........
	5875	587.6	1.21995E-001	-2.42582E-001	0.00000E+000	1.20200E-001	-2.26920E-004	11	...........
	5876	587.7	1.20986E-001	-2.42730E-001	0.00000E+000	1.19200E-001	-2.50457E-004	11	...........
	5877	587.8	1.19987E-001	-2.42665E-001	0.00000E+000	1.18200E-001	-2.27320E-004	11	...........
	5878	587.9	1.18991E-001	-2.42708E-001	0.00000E+000	1.17200E-001	-2.24937E-004	11	...........
	5879	588	1.18000E-001	-2.42670E-001	0.00000E+000	1.16200E-001	-2.38872E-004	11	...........
	5880	588.1	1.17004E-001	-2.42701E-001	0.00000E+000	1.15200E-001	-2.37705E-004	11	...........
	5881	588.2	1.15988E-001	-2.42602E-001	0.00000E+000	1.14200E-001	-2.55475E-004	11	...........
	5882	588.3	1.15004E-001	-2.42613E-001	0.00000E+000	1.13200E-001	-2.56425E-004	11	...........
	5883	588.4	1.14010E-001	-2.42616E-001	0.00000E+000	1.12200E-001	-2.49857E-004	11	...........
	5884	588.5	1.13009E-001	-2.42677E-001	0.00000E+000	1.11200E-001	-2.60359E-004	11	...........
	5885	588.6	1.12017E-001	-2.42603E-001	0.00000E+000	1.10200E-001	-2.35288E-004	11	...........
	5886	588.7	1.11018E-001	-2.42614E-001	0.00000E+000	1.09200E-001	-2.36372E-004	11	...........
	5887	588.8	1.10020E-001	-2.42668E-001	0.00000E+000	1.08200E-001	-2.35638E-004	11	...........
	5888	588.9	1.09030E-001	-2.42502E-001	0.00000E+000	1.07200E-001	-2.23720E-004	11	...........
	5889	589	1.08024E-001	-2.42506E-001	0.00000E+000	1.06200E-001	-2.51524E-004	11	...........
	5890	589.1	1.07027E-001	-2.42611E-001	0.00000E+000	1.05200E-001	-2.25370E-004	11	...........
	5891	589.2	1.06035E-001	-2.42532E-001	0.00000E+000	1.04200E-001	-2.32421E-004	11	...........
	5892	589.3	1.05033E-001	-2.42645E-001	0.00000E+000	1.03200E-001	-2.45306E-004	11	...........
	5893	589.4	1.04042E-001	-2.42583E-001	0.00000E+000	1.02200E-001	-2.30954E-004	11	...........
	5894	589.5	1.03026E-001	-2.42558E-001	0.00000E+000	1.01200E-001	-2.28304E-004	11	...........
	5895	589.6	1.02015E-001	-2.42499E-001	0.00000E+000	1.00200E-001	-2.35222E-004	11	...........
	5896	589.7	1.01018E-001	-2.42587E-001	0.00000E+000	9.92001E-002	-2.25170E-004	11	...........
	5897	589.8	9.99941E-002	-2.42661E-001	0.00000E+000	9.82002E-002	-2.48940E-004	11	...........
	5898	589.9	9.90134E-002	-2.42685E-001	0.00000E+000	9.72002E-002	-2.23570E-004	11	...........
	5899	590	9.80264E-002	-2.42567E-001	0.00000E+000	9.62001E-002	-2.32871E-004	11	...........
	5900	590.1	9.70221E-002	-2.42680E-001	0.00000E+000	9.52002E-002	-2.49624E-004	11	...........
	5901	590.2	9.60290E-002	-2.42489E-001	0.00000E+000	9.42001E-002	-2.33405E-004	11	...........
	5902	590.3	9.50205E-002	-2.42579E-001	0.00000E+000	9.32002E-002	-2.35638E-004	11	...........
	5903	590.4	9.40315E-002	-2.42632E-001	0.00000E+000	9.22002E-002	-2.44023E-004	11	...........
	5904	590.5	9.30393E-002	-2.42679E-001	0.00000E+000	9.12001E-002	-2.38489E-004	11	...........
	5905	590.6	9.20244E-002	-2.42619E-001	0.00000E+000	9.02002E-002	-2.57992E-004	11	...........
	5906	590.7	9.10332E-002	-2.42693E-001	0.00000E+000	8.92001E-002	-2.54991E-004	11	...........
	5907	590.8	9.00375E-002	-2.42590E-001	0.00000E+000	8.82002E-002	-2.58125E-004	11	...........
	5908	590.9	8.90491E-002	-2.42681E-001	0.00000E+000	8.72002E-002	-2.61042E-004	11	...........
	5909	591	8.80572E-002	-2.42603E-001	0.00000E+000	8.62001E-002	-2.41339E-004	11	...........
	5910	591.1	8.70541E-002	-2.42617E-001	0.00000E+000	8.52002E-002	-2.41339E-004	11	...........
	5911	591.2	8.60563E-002	-2.42685E-001	0.00000E+000	8.42001E-002	-2.40306E-004	11	...........
	5912	591.3	8.50676E-002	-2.42630E-001	0.00000E+000	8.32001E-002	-2.28187E-004	11	...........
	5913	591.4	8.40689E-002	-2.42481E-001	0.00000E+000	8.22002E-002	-2.53258E-004	11	...........
	5914	591.5	8.30626E-002	-2.42628E-001	0.00000E+000	8.12001E-002	-2.18502E-004	11	...........
	5915	591.6	8.20672E-002	-2.42677E-001	0.00000E+000	8.02002E-002	-2.31904E-004	11	...........
	5916	591.7	8.10717E-002	-2.42735E-001	0.00000E+000	7.92001E-002	-2.39739E-004	11	...........
	5917	591.8	8.00845E-002	-2.42522E-001	0.00000E+000	7.82001E-002	-2.27120E-004	11	...........
	5918	591.9	7.90730E-002	-2.42537E-001	0.00000E+000	7.72002E-002	-2.28187E-004	11	...........
	5919	592	7.80829E-002	-2.42596E-001	0.00000E+000	7.62001E-002	-2.31471E-004	11	...........
	5920	592.1	7.70846E-002	-2.42533E-001	0.00000E+000	7.52002E-002	-2.23120E-004	11	...........
	5921	592.2	7.60525E-002	-2.42474E-001	0.00000E+000	7.42002E-002	-2.49540E-004	11	...........
	5922	592.3	7.50583E-002	-2.42563E-001	0.00000E+000	7.32001E-002	-2.17002E-004	11	...........
	5923	592.4	7.40652E-002	-2.42598E-001	0.00000E+000	7.22002E-002	-2.25653E-004	11	...........
	5924	592.5	7.30647E-002	-2.42702E-001	0.00000E+000	7.12001E-002	-2.38022E-004	11	...........
	5925	592.6	7.20687E-002	-2.42720E-001	0.00000E+000	7.02002E-002	-2.30221E-004	11	...........
	5926	592.7	7.10548E-002	-2.42659E-001	0.00000E+000	6.92002E-002	-2.24403E-004	11	...........
	5927	592.8	7.00707E-002	-2.42650E-001	0.00000E+000	6.82001E-002	-2.31388E-004	11	...........
	5928	592.9	6.90779E-002	-2.42684E-001	0.00000E+000	6.72002E-002	-2.28054E-004	11	...........
	5929	593	6.80675E-002	-2.42719E-001	0.00000E+000	6.62001E-002	-2.57142E-004	11	...........
	5930	593.1	6.70726E-002	-2.42713E-001	0.00000E+000	6.52002E-002	-2.22920E-004	11	...........
	5931	593.2	6.60786E-002	-2.42746E-001	0.00000E+000	6.42002E-002	-2.40589E-004	11	...........
	5932	593.3	6.50769E-002	-2.42793E-001	0.00000E+000	6.32001E-002	-2.61342E-004	11	...........
	5933	593.4	6.40831E-002	-2.42635E-001	0.00000E+000	6.22002E-002	-2.51807E-004	11	...........
	5934	593.5	6.30957E-002	-2.42645E-001	0.00000E+000	6.12001E-002	-2.56025E-004	11	...........
	5935	593.6	6.20921E-002	-2.42782E-001	0.00000E+000	6.02002E-002	-2.43339E-004	11	...........
	5936	593.7	6.11021E-002	-2.42779E-001	0.00000E+000	5.92002E-002	-2.30221E-004	11	...........
	5937	593.8	6.00996E-002	-2.42754E-001	0.00000E+000	5.82001E-002	-2.60575E-004	11	...........
	5938	593.9	5.91055E-002	-2.42709E-001	0.00000E+000	5.72002E-002	-2.26120E-004	11	...........
	5939	594	5.81115E-002	-2.42600E-001	0.00000E+000	5.62001E-002	-2.35455E-004	11	...........
	5940	594.1	5.71089E-002	-2.42718E-001	0.00000E+000	5.52001E-002	-2.36705E-004	11	...........
	5941	594.2	5.61096E-002	-2.42733E-001	0.00000E+000	5.42002E-002	-2.31238E-004	11	...........
	5942	594.3	5.51090E-002	-2.42623E-001	0.00000E+000	5.32001E-002	-2.36522E-004	11	...........
	5943	594.4	5.41181E-002	-2.42586E-001	0.00000E+000	5.22002E-002	-2.25587E-004	11	...........
	5944	594.5	5.31318E-002	-2.42618E-001	0.00000E+000	5.12002E-002	-2.26637E-004	11	...........
	5945	594.6	5.21216E-002	-2.42595E-001	0.00000E+000	5.02001E-002	-2.57275E-004	11	...........
	5946	594.7	5.10863E-002	-2.42630E-001	0.00000E+000	4.92002E-002	-2.17969E-004	11	...........
	5947	594.8	5.00961E-002	-2.42595E-001	0.00000E+000	4.82001E-002	-2.31171E-004	11	...........
	5948	594.9	4.90947E-002	-2.42692E-001	0.00000E+000	4.72002E-002	-2.38772E-004	11	...........
	5949	595	4.81015E-002	-2.42695E-001	0.00000E+000	4.62002E-002	-2.32905E-004	11	...........
	5950	595.1	4.70807E-002	-2.42689E-001	0.00000E+000	4.52001E-002	-2.30638E-004	11	...........
	5951	595.2	4.60962E-002	-2.42737E-001	0.00000E+000	4.42002E-002	-2.32905E-004	11	...........
	5952	595.3	4.51108E-002	-2.42685E-001	0.00000E+000	4.32001E-002	-2.27387E-004	11	...........
	5953	595.4	4.41009E-002	-2.42674E-001	0.00000E+000	4.22002E-002	-2.58542E-004	11	...........
	5954	595.5	4.31021E-002	-2.42761E-001	0.00000E+000	4.12002E-002	-2.26037E-004	11	...........
	5955	595.6	4.21110E-002	-2.42765E-001	0.00000E+000	4.02001E-002	-2.39206E-004	11	...........
	5956	595.7	4.11112E-002	-2.42798E-001	0.00000E+000	3.92002E-002	-2.48657E-004	11	...........
	5957	595.8	4.01179E-002	-2.42762E-001	0.00000E+000	3.82001E-002	-2.47757E-004	11	...........
	5958	595.9	3.91009E-002	-2.42637E-001	0.00000E+000	3.72002E-002	-2.68677E-004	11	...........
	5959	596	3.81229E-002	-2.42652E-001	0.00000E+000	3.62002E-002	-2.49107E-004	11	...........
	5960	596.1	3.71349E-002	-2.42687E-001	0.00000E+000	3.52001E-002	-2.39689E-004	11	...........
	5961	596.2	3.61297E-002	-2.42681E-001	0.00000E+000	3.42002E-002	-2.59192E-004	11	...........
	5962	596.3	3.51357E-002	-2.42759E-001	0.00000E+000	3.32001E-002	-2.25053E-004	11	...........
	5963	596.4	3.41407E-002	-2.42639E-001	0.00000E+000	3.22001E-002	-2.32238E-004	11	...........
	5964	596.5	3.31448E-002	-2.42774E-001	0.00000E+000	3.12002E-002	-2.37372E-004	11	...........
	5965	596.6	3.21506E-002	-2.42611E-001	0.00000E+000	3.02001E-002	-2.26237E-004	11	...........
	5966	596.7	3.11342E-002	-2.42734E-001	0.00000E+000	2.92002E-002	-2.32271E-004	11	...........
	5967	596.8	3.01433E-002	-2.42812E-001	0.00000E+000	2.82001E-002	-2.22520E-004	11	...........
	5968	596.9	2.91580E-002	-2.42706E-001	0.00000E+000	2.72001E-002	-2.24203E-004	11	...........
	5969	597	2.81527E-002	-2.42655E-001	0.00000E+000	2.62002E-002	-2.47423E-004	11	...........
	5970	597.1	2.71617E-002	-2.42718E-001	0.00000E+000	2.52001E-002	-2.20719E-004	11	...........
	5971	597.2	2.61536E-002	-2.42607E-001	0.00000E+000	2.42002E-002	-2.19586E-004	11	...........
	5972	597.3	2.51326E-002	-2.42706E-001	0.00000E+000	2.32002E-002	-2.30704E-004	11	...........
	5973	597.4	2.41436E-002	-2.42632E-001	0.00000E+000	2.22001E-002	-2.24187E-004	11	...........
	5974	597.5	2.31176E-002	-2.42775E-001	0.00000E+000	2.12002E-002	-2.21003E-004	11	...........
	5975	597.6	2.21412E-002	-2.42718E-001	0.00000E+000	2.02001E-002	-2.19403E-004	11	...........
	5976	597.7	2.11491E-002	-2.42854E-001	0.00000E+000	1.92002E-002	-2.23070E-004	11	...........
	5977	597.8	2.01511E-002	-2.42662E-001	0.00000E+000	1.82002E-002	-2.49240E-004	11	...........
	5978	597.9	1.91460E-002	-2.42754E-001	0.00000E+000	1.72001E-002	-2.14835E-004	11	...........
	5979	598	1.81521E-002	-2.42767E-001	0.00000E+000	1.62002E-002	-2.24720E-004	11	...........
	5980	598.1	1.71568E-002	-2.42887E-001	0.00000E+000	1.52001E-002	-2.35872E-004	11	...........
	5981	598.2	1.61635E-002	-2.42752E-001	0.00000E+000	1.42002E-002	-2.26470E-004	11	...........
	5982	598.3	1.51349E-002	-2.42788E-001	0.00000E+000	1.32002E-002	-2.40889E-004	11	...........
	5983	598.4	1.41582E-002	-2.42832E-001	0.00000E+000	1.22001E-002	-2.43840E-004	11	...........
	5984	598.5	1.31562E-002	-2.42662E-001	0.00000E+000	1.12002E-002	-2.64909E-004	11	...........
	5985	598.6	1.21629E-002	-2.42691E-001	0.00000E+000	1.02001E-002	-2.73527E-004	11	...........
	5986	598.7	1.11666E-002	-2.42721E-001	0.00000E+000	9.20022E-003	-2.57258E-004	11	...........
	5987	598.8	1.01711E-002	-2.42737E-001	0.00000E+000	8.20017E-003	-2.57675E-004	11	...........
	5988	598.9	9.17259E-003	-2.42845E-001	0.00000E+000	7.20012E-003	-2.57142E-004	11	...........
	5989	599	8.17758E-003	-2.42799E-001	0.00000E+000	6.20019E-003	-2.54108E-004	11	...........
	5990	599.1	7.17770E-003	-2.42736E-001	0.00000E+000	5.20015E-003	-2.61859E-004	11	...........
	5991	599.2	6.17727E-003	-2.42746E-001	0.00000E+000	4.20010E-003	-2.47407E-004	11	...........
	5992	599.3	5.18250E-003	-2.42805E-001	0.00000E+000	3.20017E-003	-2.51041E-004	11	...........
	5993	599.4	4.18241E-003	-2.42792E-001	0.00000E+000	2.20013E-003	-2.67993E-004	11	...........
	5994	599.5	3.19113E-003	-2.42808E-001	0.00000E+000	1.20020E-003	-2.47990E-004	11	...........
	5995	599.6	2.18975E-003	-2.42795E-001	0.00000E+000	2.00152E-004	-2.57342E-004	11	...........
CURVE2	TABLE
	Pt	T	Vf	Im	Vu	Sig	Ach	IERange	Over
	#	s	V vs. Ref.	A	V	V	V	#	bits
	5996	599.7	3.08735E-003	-1.85340E-001	0.00000E+000	1.20020E-003	-2.38089E-004	11	...........
	5997	599.8	4.00852E-003	-1.39087E-001	0.00000E+000	2.20013E-003	-2.60509E-004	11	...........
	5998	599.9	4.94945E-003	-9.98786E-002	0.00000E+000	3.20017E-003	-2.46373E-004	11	...........
	5999	600	5.89666E-003	-6.59660E-002	0.00000E+000	4.20010E-003	-2.57408E-004	11	...........
	6000	600.1	6.84997E-003	-3.66724E-002	0.00000E+000	5.20015E-003	-2.49840E-004	11	...........
