Rec#,Cyc#,Step,Test (Min),Step (Min),Amp-hr,Watt-hr,Amps,Volts,State,ES,DPt Time
1,0,1,0,0,0,0,0,0.00907912,R,0,12:34:34
2,0,1,0.0167,0.0167,0,0,0,0.00999466,R,1,12:34:35
3,0,1,0.0333,0.0333,0,0,0,0.01014725,R,1,12:34:36
4,0,1,0.05,0.05,0,0,0,0.01045243,R,1,12:34:37
5,0,1,0.0667,0.0667,0,0,0,0.01029984,R,1,12:34:38
6,0,1,0.0833,0.0833,0,0,0,0.01029984,R,1,12:34:39
7,0,1,0.1,0.1,0,0,0,0.01045243,R,1,12:34:40
8,0,1,0.1167,0.1167,0,0,0,0.01045243,R,1,12:34:41
9,0,1,0.1333,0.1333,0,0,0,0.01060502,R,1,12:34:42
10,0,1,0.15,0.15,0,0,0,0.01075761,R,1,12:34:43
11,0,1,0.1667,0.1667,0,0,0,0.01075761,R,129,12:34:44
12,1,4,0.1675,0.0008,8E-10,0,0.00015,0.01106279,C,0,12:34:44
13,1,4,0.1758,0.0092,2.92874E-05,4.7132E-06,1.04150454,0.19218738,C,5,12:34:45
14,1,4,0.1922,0.0255,0.000312808,6.74631E-05,1.041428244,0.24696727,C,5,12:34:46
15,1,4,0.2092,0.0425,0.000607893,0.000148625,1.041351949,0.30098421,C,5,12:34:47
16,1,4,0.2263,0.0597,0.000905869,0.000246779,1.041351949,0.35530632,C,5,12:34:48
17,1,4,0.2437,0.077,0.001206741,0.00036219,1.04150454,0.40978103,C,5,12:34:49
18,1,4,0.261,0.0943,0.001507612,0.000493911,1.041275654,0.46395056,C,5,12:34:50
19,1,4,0.2787,0.112,0.001814269,0.000644802,1.041428244,0.51827268,C,5,12:34:51
20,1,4,0.2963,0.1297,0.002120924,0.000812382,1.041580835,0.5725948,C,5,12:34:52
21,1,4,0.3142,0.1475,0.002430475,0.000998326,1.04150454,0.62676432,C,5,12:34:53
22,1,4,0.3322,0.1655,0.002742918,0.001202988,1.041351949,0.68123903,C,5,12:34:54
23,1,4,0.3503,0.1837,0.003058253,0.001426608,1.04150454,0.73495079,C,5,12:34:55
24,1,4,0.3687,0.202,0.003376482,0.001669478,1.04150454,0.78912032,C,5,12:34:56
25,1,4,0.3873,0.2207,0.003700498,0.001934233,1.041428244,0.84328985,C,5,12:34:57
26,1,4,0.4062,0.2395,0.004027406,0.002219046,1.041580835,0.89715419,C,5,12:34:58
27,1,4,0.4252,0.2585,0.004357207,0.002524169,1.041580835,0.95117113,C,5,12:35:00
28,1,4,0.4447,0.278,0.004695686,0.002855559,1.041275654,1.00534066,C,5,12:35:01
29,1,4,0.4645,0.2978,0.005039951,0.003211215,1.041428244,1.0593576,C,5,12:35:02
30,1,4,0.4847,0.318,0.005390004,0.003591825,1.041580835,1.11337453,C,5,12:35:03
31,1,4,0.5048,0.3382,0.005740056,0.003991326,1.04150454,1.16708629,C,5,12:35:04
32,1,4,0.5253,0.3587,0.006095892,0.004416517,1.04150454,1.22095064,C,5,12:35:06
33,1,4,0.5462,0.3795,0.006457516,0.004868052,1.041580835,1.27466239,C,5,12:35:07
34,1,4,0.5672,0.4005,0.006822033,0.005342768,1.04150454,1.32837415,C,5,12:35:08
35,1,4,0.5885,0.4218,0.007192334,0.005844921,1.041428244,1.38193332,C,5,12:35:09
36,1,4,0.6098,0.4432,0.007562637,0.006366903,1.041428244,1.43549248,C,5,12:35:11
37,1,4,0.6315,0.4648,0.007938726,0.006917063,1.04150454,1.48874647,C,5,12:35:12
38,1,4,0.6535,0.4868,0.0083206,0.007496051,1.041351949,1.54215305,C,5,12:35:13
39,1,4,0.6757,0.509,0.008705369,0.008100031,1.04150454,1.59540703,C,5,12:35:15
40,1,4,0.698,0.5313,0.009093029,0.008729217,1.041351949,1.6489662,C,5,12:35:16
41,1,4,0.7207,0.554,0.009486475,0.009388797,1.04150454,1.70222019,C,5,12:35:17
42,1,4,0.7435,0.5768,0.009882813,0.010074292,1.04165713,1.75516899,C,5,12:35:19
43,1,4,0.7665,0.5998,0.010282046,0.010786001,1.041428244,1.80827039,C,5,12:35:20
44,1,4,0.7897,0.623,0.01068417,0.011524146,1.041428244,1.86137179,C,5,12:35:21
45,1,4,0.8132,0.6465,0.011092081,0.012294492,1.04150454,1.91432059,C,5,12:35:23
46,1,4,0.837,0.6703,0.011505779,0.013097746,1.041428244,1.96757458,C,5,12:35:24
47,1,4,0.8612,0.6945,0.011925262,0.013934538,1.041351949,2.02052338,C,5,12:35:26
48,1,4,0.8855,0.7188,0.012347639,0.014799523,1.041580835,2.07347219,C,5,12:35:27
49,1,4,0.91,0.7433,0.012772907,0.015692912,1.041428244,2.12657359,C,5,12:35:29
50,1,4,0.9348,0.7682,0.013203965,0.016621281,1.04150454,2.17906462,C,5,12:35:30
51,1,4,0.9598,0.7932,0.013637911,0.017578783,1.04150454,2.23216602,C,5,12:35:32
52,1,4,0.9853,0.8187,0.014080537,0.01857885,1.041580835,2.28542,C,5,12:35:33
53,1,4,1.0108,0.8442,0.014523165,0.019602431,1.04150454,2.33821622,C,5,12:35:35
54,1,4,1.0367,0.87,0.014971578,0.02066313,1.04150454,2.39101244,C,5,12:35:36
55,1,4,1.0628,0.8962,0.015425778,0.02176143,1.041580835,2.44396124,C,5,12:35:38
56,1,4,1.0893,0.9227,0.015885762,0.022898061,1.041428244,2.49691005,C,5,12:35:39
57,1,4,1.116,0.9493,0.016348639,0.024066308,1.041428244,2.54970626,C,5,12:35:41
58,1,4,1.1428,0.9762,0.016814411,0.025266506,1.041428244,2.6021973,C,5,12:35:43
59,1,4,1.1698,1.0032,0.017283074,0.026498913,1.04165713,2.65499351,C,5,12:35:44
60,1,4,1.1973,1.0307,0.017760416,0.027779099,1.04150454,2.70748455,C,5,12:35:46
61,1,4,1.2252,1.0585,0.018243546,0.02910018,1.04150454,2.75997559,C,5,12:35:48
62,1,4,1.253,1.0863,0.018726675,0.030446531,1.041428244,2.81216144,C,5,12:35:49
63,1,4,1.2815,1.1148,0.019221376,0.031851086,1.041428244,2.86480507,C,5,12:35:51
64,1,4,1.3103,1.1437,0.019721863,0.033298413,1.041428244,2.91775387,C,5,12:35:53
65,1,4,1.3393,1.1727,0.020225243,0.034780585,1.04150454,2.97009232,C,5,12:35:54
66,1,4,1.356,1.1893,0.020514541,0.035644358,1.041351949,3,C,133,12:35:55
67,1,5,1.3568,0.0008,9.0168E-06,2.38367E-05,1.042191196,2.64309148,D,0,12:35:56
68,1,5,1.3775,0.0215,0.000367761,0.000961317,1.04150454,2.5896849,D,5,12:35:57
69,1,5,1.4015,0.0455,0.000784353,0.002028784,1.04150454,2.5367361,D,5,12:35:59
70,1,5,1.4258,0.0698,0.001206728,0.003088647,1.04150454,2.48332952,D,5,12:36:00
71,1,5,1.4503,0.0943,0.001631997,0.004133138,1.041428244,2.43022812,D,5,12:36:02
72,1,5,1.4747,0.1187,0.002054375,0.005148077,1.041428244,2.37712673,D,5,12:36:03
73,1,5,1.4988,0.1428,0.002473858,0.006133893,1.041580835,2.32433051,D,5,12:36:04
74,1,5,1.5232,0.1672,0.002896235,0.00710418,1.04150454,2.27122911,D,5,12:36:06
75,1,5,1.5475,0.1915,0.00331861,0.008051911,1.04150454,2.21766995,D,5,12:36:07
76,1,5,1.5717,0.2157,0.003738095,0.008970741,1.041428244,2.16441596,D,5,12:36:09
77,1,5,1.5958,0.2398,0.004157578,0.009867182,1.04150454,2.1107042,D,5,12:36:10
78,1,5,1.6197,0.2637,0.004571275,0.010729134,1.041580835,2.0577554,D,5,12:36:12
79,1,5,1.6435,0.2875,0.004984972,0.01156906,1.04150454,2.00434882,D,5,12:36:13
80,1,5,1.6672,0.3112,0.005395776,0.012381227,1.041428244,1.95124743,D,5,12:36:15
81,1,5,1.6905,0.3345,0.005800793,0.013160432,1.041580835,1.89814603,D,5,12:36:16
82,1,5,1.7138,0.3578,0.006205812,0.013918207,1.041428244,1.84519722,D,5,12:36:17
83,1,5,1.737,0.381,0.006607937,0.014649225,1.041580835,1.79209583,D,5,12:36:19
84,1,5,1.7602,0.4042,0.007010063,0.015358823,1.041580835,1.73853666,D,5,12:36:20
85,1,5,1.783,0.427,0.007406402,0.016037063,1.041275654,1.68543526,D,5,12:36:22
86,1,5,1.8058,0.4498,0.007802741,0.01669418,1.041428244,1.63233387,D,5,12:36:23
87,1,5,1.8282,0.4722,0.008190402,0.017316318,1.041428244,1.57923247,D,5,12:36:24
88,1,5,1.8507,0.4947,0.008580955,0.017922417,1.04150454,1.52582589,D,5,12:36:26
89,1,5,1.873,0.517,0.008968615,0.018503336,1.041428244,1.47257191,D,5,12:36:27
90,1,5,1.8953,0.5393,0.009356275,0.019063533,1.04150454,1.41916533,D,5,12:36:28
91,1,5,1.9173,0.5613,0.009738149,0.01959494,1.04150454,1.36575875,D,5,12:36:30
92,1,5,1.9393,0.5833,0.010120023,0.020105902,1.041428244,1.312047,D,5,12:36:31
93,1,5,1.961,0.605,0.010496113,0.020589037,1.04150454,1.25879301,D,5,12:36:32
94,1,5,1.9827,0.6267,0.0108722,0.021052147,1.041580835,1.20523384,D,5,12:36:33
95,1,5,2.0045,0.6485,0.011251182,0.021498478,1.041580835,1.15152209,D,5,12:36:35
96,1,5,2.026,0.67,0.011624377,0.021917855,1.04150454,1.09765774,D,5,12:36:36
97,1,5,2.0472,0.6912,0.011991787,0.022311048,1.04150454,1.04440375,D,5,12:36:37
98,1,5,2.0683,0.7123,0.012359197,0.022684569,1.041351949,0.990692,D,5,12:36:39
99,1,5,2.0892,0.7332,0.012720821,0.02303287,1.041428244,0.93743801,D,5,12:36:40
100,1,5,2.11,0.754,0.013082446,0.023361833,1.041428244,0.88387884,D,5,12:36:41
101,1,5,2.1307,0.7747,0.013441175,0.023668926,1.04150454,0.83016709,D,5,12:36:42
102,1,5,2.1512,0.7952,0.013797012,0.023954439,1.041428244,0.77630274,D,5,12:36:44
103,1,5,2.1715,0.8155,0.014149957,0.024218642,1.041428244,0.72259098,D,5,12:36:45
104,1,5,2.1917,0.8357,0.014500008,0.024461911,1.041580835,0.66872663,D,5,12:36:46
105,1,5,2.2117,0.8557,0.014847167,0.024684522,1.04150454,0.61516747,D,5,12:36:47
106,1,5,2.2315,0.8755,0.015191432,0.024886766,1.04150454,0.56145571,D,5,12:36:48
107,1,5,2.2512,0.8952,0.015532804,0.025068962,1.041428244,0.50759136,D,5,12:36:50
108,1,5,2.2707,0.9147,0.015871283,0.025231404,1.041428244,0.45387961,D,5,12:36:51
109,1,5,2.2902,0.9342,0.016209763,0.025375565,1.04150454,0.39986267,D,5,12:36:52
110,1,5,2.3095,0.9535,0.016545349,0.025500349,1.041428244,0.34584573,D,5,12:36:53
111,1,5,2.3287,0.9727,0.016878043,0.025606119,1.041428244,0.29213397,D,5,12:36:54
112,1,5,2.3478,0.9918,0.017210737,0.025693962,1.04150454,0.23781186,D,5,12:36:55
113,1,5,2.367,1.011,0.017543431,0.025763812,1.04150454,0.18394751,D,5,12:36:57
114,1,5,2.386,1.03,0.017873231,0.025815224,1.04150454,0.13008316,D,5,12:36:58
115,1,5,2.405,1.049,0.018203032,0.025848892,1.04150454,0.07621881,D,5,12:36:59
116,1,5,2.424,1.068,0.018532834,0.025864824,1.041351949,0.02250706,D,5,12:37:00
117,1,5,2.4285,1.0725,0.018610944,0.025865998,1.041428244,0.00968948,D,133,12:37:00
118,2,4,2.4293,0.0008,9.0172E-06,3.2723E-06,1.042648966,0.36339361,C,0,12:37:01
119,2,4,2.4442,0.0157,0.000266507,0.000104427,1.041351949,0.4180209,C,5,12:37:02
120,2,4,2.4603,0.0318,0.000547129,0.000229724,1.041428244,0.4726482,C,5,12:37:03
121,2,4,2.477,0.0485,0.000836429,0.000374648,1.04150454,0.52697032,C,5,12:37:04
122,2,4,2.4938,0.0653,0.001128619,0.000536907,1.041428244,0.58144503,C,5,12:37:05
123,2,4,2.511,0.0825,0.001426597,0.000718555,1.041428244,0.63561456,C,5,12:37:06
124,2,4,2.5283,0.0998,0.001727467,0.000918333,1.041428244,0.68993668,C,5,12:37:07
125,2,4,2.546,0.1175,0.002034125,0.001138585,1.04150454,0.74456397,C,5,12:37:08
126,2,4,2.5638,0.1353,0.002343676,0.001377723,1.041428244,0.79827573,C,5,12:37:09
127,2,4,2.5818,0.1533,0.002656119,0.001635976,1.041428244,0.85244526,C,5,12:37:10
128,2,4,2.6002,0.1717,0.002974348,0.001916152,1.041580835,0.90630961,C,5,12:37:11
129,2,4,2.6187,0.1902,0.00329547,0.002216168,1.041580835,0.96002136,C,5,12:37:12
130,2,4,2.6375,0.209,0.003622378,0.002539203,1.04150454,1.01419089,C,5,12:37:13
131,2,4,2.6567,0.2282,0.003955071,0.002885909,1.041428244,1.06790265,C,5,12:37:14
132,2,4,2.676,0.2475,0.004290659,0.003253705,1.041580835,1.12191958,C,5,12:37:16
133,2,4,2.6957,0.2672,0.004632032,0.003646196,1.041580835,1.17578393,C,5,12:37:17
134,2,4,2.7157,0.2872,0.004979192,0.004064076,1.041275654,1.22949569,C,5,12:37:18
135,2,4,2.7357,0.3072,0.005326352,0.00450062,1.04150454,1.28305486,C,5,12:37:19
136,2,4,2.756,0.3275,0.005679295,0.004963293,1.041351949,1.3369192,C,5,12:37:20
137,2,4,2.7767,0.3482,0.006038026,0.005452788,1.041428244,1.39047837,C,5,12:37:22
138,2,4,2.7975,0.369,0.00639965,0.005965656,1.04150454,1.44388495,C,5,12:37:23
139,2,4,2.8185,0.39,0.006764166,0.006502119,1.041275654,1.49729152,C,5,12:37:24
140,2,4,2.8397,0.4112,0.007131576,0.007062363,1.041428244,1.55054551,C,5,12:37:25
141,2,4,2.861,0.4325,0.007501878,0.007646689,1.04150454,1.6037995,C,5,12:37:27
142,2,4,2.8828,0.4543,0.007880861,0.008264939,1.041351949,1.65751125,C,5,12:37:28
143,2,4,2.9048,0.4763,0.008262736,0.008908351,1.04150454,1.71076524,C,5,12:37:29
144,2,4,2.9272,0.4987,0.008650398,0.009582298,1.041351949,1.764477,C,5,12:37:31
145,2,4,2.9495,0.521,0.00903806,0.010276933,1.041428244,1.81757839,C,5,12:37:32
146,2,4,2.9722,0.5437,0.009431505,0.011002847,1.04150454,1.87098497,C,5,12:37:33
147,2,4,2.9952,0.5667,0.009830737,0.011760791,1.04150454,1.92439155,C,5,12:37:35
148,2,4,3.0182,0.5897,0.010229969,0.012539961,1.04150454,1.97718776,C,5,12:37:36
149,2,4,3.0415,0.613,0.010634987,0.013351915,1.041428244,2.03044175,C,5,12:37:38
150,2,4,3.065,0.6365,0.011042897,0.014191345,1.04150454,2.08354314,C,5,12:37:39
151,2,4,3.0887,0.6602,0.011453703,0.015058469,1.04150454,2.13633936,C,5,12:37:40
152,2,4,3.1127,0.6842,0.011870291,0.015959799,1.04150454,2.18913558,C,5,12:37:42
153,2,4,3.137,0.7085,0.012292668,0.016896036,1.041580835,2.24223697,C,5,12:37:43
154,2,4,3.1615,0.733,0.012717937,0.017861176,1.04165713,2.29518578,C,5,12:37:45
155,2,4,3.1865,0.758,0.013151884,0.018869048,1.041580835,2.34859236,C,5,12:37:46
156,2,4,3.2115,0.783,0.013585831,0.019899936,1.04150454,2.40123598,C,5,12:37:48
157,2,4,3.2368,0.8083,0.014025567,0.020967813,1.04150454,2.45387961,C,5,12:37:49
158,2,4,3.2622,0.8337,0.014465301,0.022058817,1.041580835,2.50637064,C,5,12:37:51
159,2,4,3.2878,0.8593,0.014910822,0.023187515,1.04150454,2.55886168,C,5,12:37:52
160,2,4,3.314,0.8855,0.015365021,0.024362108,1.04150454,2.61196307,C,5,12:37:54
161,2,4,3.3407,0.9122,0.015827897,0.025583631,1.04150454,2.66475929,C,5,12:37:55
162,2,4,3.3673,0.9388,0.016290776,0.026829617,1.041428244,2.7175555,C,5,12:37:57
163,2,4,3.3945,0.966,0.016762332,0.028123781,1.04150454,2.77004654,C,5,12:37:59
164,2,4,3.422,0.9935,0.017239674,0.029458969,1.041428244,2.82253758,C,5,12:38:00
165,2,4,3.4497,1.0212,0.017719909,0.030827437,1.04150454,2.87533379,C,5,12:38:02
166,2,4,3.4778,1.0493,0.018208825,0.032246309,1.041580835,2.92782483,C,5,12:38:04
167,2,4,3.5062,1.0777,0.018700632,0.033699506,1.04150454,2.98031586,C,5,12:38:05
168,2,4,3.517,1.0885,0.018888676,0.034261916,1.041428244,3.00015259,C,133,12:38:06
169,2,5,3.5178,0.0008,9.0172E-06,2.38346E-05,1.043183032,2.6427863,D,0,12:38:07
170,2,5,3.5385,0.0215,0.000367764,0.000961272,1.041580835,2.5896849,D,5,12:38:08
171,2,5,3.5625,0.0455,0.000784357,0.002028676,1.041580835,2.53643091,D,5,12:38:09
172,2,5,3.5868,0.0698,0.001206732,0.003088469,1.04150454,2.48332952,D,5,12:38:11
173,2,5,3.6112,0.0942,0.001629107,0.004125874,1.041428244,2.4305333,D,5,12:38:12
174,2,5,3.6357,0.1187,0.002054376,0.005147952,1.04150454,2.3775845,D,5,12:38:14
175,2,5,3.6602,0.1432,0.002479645,0.006147443,1.04150454,2.32463569,D,5,12:38:15
176,2,5,3.6845,0.1675,0.002902021,0.007117756,1.041428244,2.27153429,D,5,12:38:17
177,2,5,3.7087,0.1917,0.003321503,0.008059147,1.04150454,2.2184329,D,5,12:38:18
178,2,5,3.7327,0.2157,0.003738092,0.008971996,1.04150454,2.16548409,D,5,12:38:19
179,2,5,3.7567,0.2397,0.004154684,0.00986281,1.04150454,2.11268788,D,5,12:38:21
180,2,5,3.7807,0.2637,0.004571274,0.010731454,1.04150454,2.05912871,D,5,12:38:22
181,2,5,3.8045,0.2875,0.00498497,0.011572001,1.041428244,2.00587472,D,5,12:38:24
182,2,5,3.8282,0.3112,0.005395775,0.012384828,1.04150454,1.95262074,D,5,12:38:25
183,2,5,3.8518,0.3348,0.005806581,0.01317571,1.041428244,1.89951934,D,5,12:38:27
184,2,5,3.8752,0.3582,0.006211599,0.013933874,1.041428244,1.84626535,D,5,12:38:28
185,2,5,3.8983,0.3813,0.006613723,0.014665318,1.041580835,1.79316396,D,5,12:38:29
186,2,5,3.9213,0.4043,0.007012956,0.015370345,1.04150454,1.74021515,D,5,12:38:31
187,2,5,3.9443,0.4273,0.007412188,0.016054139,1.041428244,1.68680858,D,5,12:38:32
188,2,5,3.9672,0.4502,0.007808528,0.01671186,1.041199359,1.633402,D,5,12:38:34
189,2,5,3.99,0.473,0.008204867,0.017348366,1.041428244,1.57999542,D,5,12:38:35
190,2,5,4.0125,0.4955,0.00859542,0.017954687,1.041428244,1.52643626,D,5,12:38:36
191,2,5,4.0348,0.5178,0.00898308,0.018535905,1.041428244,1.47348745,D,5,12:38:38
192,2,5,4.0572,0.5402,0.009370741,0.019096443,1.041580835,1.41992828,D,5,12:38:39
193,2,5,4.0792,0.5622,0.009752616,0.019628225,1.04150454,1.3666743,D,5,12:38:40
194,2,5,4.1012,0.5842,0.01013449,0.020139619,1.04150454,1.31326772,D,5,12:38:42
195,2,5,4.123,0.606,0.010513473,0.020626854,1.041580835,1.25986114,D,5,12:38:43
196,2,5,4.1448,0.6278,0.010892454,0.0210938,1.041428244,1.2059968,D,5,12:38:44
197,2,5,4.1665,0.6495,0.011268543,0.021536974,1.041428244,1.15228504,D,5,12:38:46
198,2,5,4.188,0.671,0.011641739,0.021956692,1.041351949,1.09857328,D,5,12:38:47
199,2,5,4.2095,0.6925,0.012014933,0.022356345,1.041428244,1.04470893,D,5,12:38:48
200,2,5,4.2305,0.7135,0.012379451,0.022727165,1.041275654,0.99160754,D,5,12:38:49
201,2,5,4.2515,0.7345,0.012743967,0.023078519,1.041428244,0.93820096,D,5,12:38:51
202,2,5,4.2723,0.7553,0.013105592,0.023407742,1.041428244,0.8844892,D,5,12:38:52
203,2,5,4.293,0.776,0.013464321,0.023715134,1.041428244,0.83123522,D,5,12:38:53
204,2,5,4.3133,0.7963,0.013817265,0.023998717,1.041580835,0.77767605,D,5,12:38:54
205,2,5,4.3337,0.8167,0.01417021,0.024263479,1.041428244,0.72426947,D,5,12:38:56
206,2,5,4.3538,0.8368,0.014520262,0.02450731,1.041580835,0.67040513,D,5,12:38:57
207,2,5,4.374,0.857,0.014870313,0.024732265,1.041580835,0.61638819,D,5,12:38:58
208,2,5,4.394,0.877,0.015217472,0.024936621,1.04150454,0.56252384,D,5,12:38:59
209,2,5,4.4138,0.8968,0.015561738,0.025120673,1.041275654,0.50881209,D,5,12:39:00
210,2,5,4.4333,0.9163,0.015900216,0.025283426,1.041351949,0.45494774,D,5,12:39:02
211,2,5,4.453,0.936,0.01624159,0.025429172,1.04150454,0.40077821,D,5,12:39:03
212,2,5,4.4725,0.9555,0.016580069,0.025555373,1.04150454,0.34676127,D,5,12:39:04
213,2,5,4.4918,0.9748,0.016915657,0.025662332,1.041428244,0.29274434,D,5,12:39:05
214,2,5,4.511,0.994,0.01724835,0.025750436,1.041428244,0.2387274,D,5,12:39:06
215,2,5,4.5302,1.0132,0.017581045,0.025820619,1.04150454,0.18486305,D,5,12:39:07
216,2,5,4.5493,1.0323,0.01791374,0.025872847,1.041351949,0.13115129,D,5,12:39:08
217,2,5,4.5685,1.0515,0.018246433,0.025907126,1.04150454,0.07698177,D,5,12:39:10
218,2,5,4.5877,1.0707,0.018579127,0.025923418,1.041428244,0.02296483,D,5,12:39:11
219,2,5,4.5923,1.0753,0.018660131,0.025924671,1.041351949,0.00984207,D,133,12:39:11
220,3,4,4.5932,0.0008,9.0164E-06,3.2738E-06,1.042648966,0.3635462,C,0,12:39:12
221,3,4,4.6078,0.0155,0.000263613,0.000103313,1.041351949,0.41771572,C,5,12:39:12
222,3,4,4.624,0.0317,0.000544235,0.000228585,1.041428244,0.4726482,C,5,12:39:13
223,3,4,4.6407,0.0483,0.000833535,0.000373544,1.041351949,0.52712291,C,5,12:39:14
224,3,4,4.6575,0.0652,0.001125727,0.000535871,1.04150454,0.58175021,C,5,12:39:15
225,3,4,4.6745,0.0822,0.001420811,0.000715907,1.041428244,0.63622492,C,5,12:39:16
226,3,4,4.6918,0.0995,0.001721682,0.000915797,1.04165713,0.69024186,C,5,12:39:18
227,3,4,4.7093,0.117,0.002025446,0.001134,1.04150454,0.74395361,C,5,12:39:19
228,3,4,4.727,0.1347,0.002332103,0.001370785,1.041428244,0.79797055,C,5,12:39:20
229,3,4,4.745,0.1527,0.002644544,0.001628867,1.041428244,0.8518349,C,5,12:39:21
230,3,4,4.7632,0.1708,0.00295988,0.001906337,1.04150454,0.90585183,C,5,12:39:22
231,3,4,4.7818,0.1895,0.003283893,0.002208928,1.041428244,0.95986877,C,5,12:39:23
232,3,4,4.8007,0.2083,0.003610801,0.002531924,1.041580835,1.01419089,C,5,12:39:24
233,3,4,4.8198,0.2275,0.003943494,0.002878602,1.041428244,1.06820783,C,5,12:39:25
234,3,4,4.8392,0.2468,0.00427908,0.00324642,1.041580835,1.12207218,C,5,12:39:26
235,3,4,4.8588,0.2665,0.004620453,0.003638999,1.041351949,1.17608911,C,5,12:39:28
236,3,4,4.8787,0.2863,0.00496472,0.004053495,1.04150454,1.22995346,C,5,12:39:29
237,3,4,4.8987,0.3063,0.005311878,0.00449011,1.04165713,1.28351263,C,5,12:39:30
238,3,4,4.919,0.3267,0.005664822,0.004952957,1.04150454,1.33737697,C,5,12:39:31
239,3,4,4.9395,0.3472,0.006020659,0.005438638,1.04150454,1.39078355,C,5,12:39:32
240,3,4,4.9603,0.368,0.006382282,0.005951634,1.041428244,1.44449531,C,5,12:39:34
241,3,4,4.9813,0.389,0.006746799,0.006488304,1.041428244,1.49835966,C,5,12:39:35
242,3,4,5.0027,0.4103,0.007117102,0.00705332,1.04165713,1.55191882,C,5,12:39:36
243,3,4,5.0242,0.4318,0.007490298,0.007642832,1.041428244,1.60517281,C,5,12:39:37
244,3,4,5.0457,0.4533,0.007863493,0.00825222,1.04150454,1.65857939,C,5,12:39:39
245,3,4,5.0675,0.4752,0.008242476,0.008891174,1.04150454,1.71198596,C,5,12:39:40
246,3,4,5.0898,0.4975,0.008630134,0.009565486,1.041351949,1.76539254,C,5,12:39:41
247,3,4,5.1123,0.52,0.009020689,0.0102658,1.04165713,1.8191043,C,5,12:39:43
248,3,4,5.1348,0.5425,0.009411244,0.010986964,1.041351949,1.87190051,C,5,12:39:44
249,3,4,5.1575,0.5652,0.00980469,0.011734323,1.04150454,1.9251545,C,5,12:39:45
250,3,4,5.1807,0.5883,0.010206816,0.012519558,1.04165713,1.97871366,C,5,12:39:47
251,3,4,5.2038,0.6115,0.01060894,0.013326236,1.04165713,2.03196765,C,5,12:39:48
252,3,4,5.2273,0.635,0.01101685,0.014166263,1.04150454,2.08506905,C,5,12:39:50
253,3,4,5.251,0.6587,0.011427653,0.01503409,1.04150454,2.13801785,C,5,12:39:51
254,3,4,5.2748,0.6825,0.011841351,0.015929936,1.041428244,2.19096666,C,5,12:39:53
255,3,4,5.299,0.7067,0.012260834,0.0168605,1.04150454,2.24406806,C,5,12:39:54
256,3,4,5.3233,0.731,0.012683209,0.017819833,1.04150454,2.29701686,C,5,12:39:55
257,3,4,5.348,0.7557,0.013111371,0.01881491,1.04150454,2.34966049,C,5,12:39:57
258,3,4,5.3728,0.7805,0.013542427,0.019839498,1.04150454,2.4024567,C,5,12:39:58
259,3,4,5.3982,0.8058,0.013982162,0.02090798,1.041580835,2.45571069,C,5,12:40:00
260,3,4,5.4237,0.8313,0.014424791,0.022006989,1.04150454,2.50865949,C,5,12:40:01
261,3,4,5.4493,0.857,0.014870311,0.023136703,1.041351949,2.56115053,C,5,12:40:03
262,3,4,5.4755,0.8832,0.01532451,0.024312346,1.04150454,2.61440452,C,5,12:40:05
263,3,4,5.502,0.9097,0.015784496,0.025527374,1.041428244,2.66750591,C,5,12:40:06
264,3,4,5.5288,0.9365,0.016250269,0.026782405,1.041351949,2.72045472,C,5,12:40:08
265,3,4,5.556,0.9637,0.016721826,0.028078045,1.041428244,2.77370871,C,5,12:40:09
266,3,4,5.5835,0.9912,0.017199169,0.029414911,1.04150454,2.82665751,C,5,12:40:11
267,3,4,5.6113,1.019,0.017682296,0.030793553,1.041580835,2.87945373,C,5,12:40:13
268,3,4,5.6393,1.047,0.01816832,0.032206114,1.041428244,2.93194476,C,5,12:40:14
269,3,4,5.6677,1.0753,0.018660128,0.033661351,1.041351949,2.98458839,C,5,12:40:16
270,3,4,5.6762,1.0838,0.018807671,0.034102943,1.041428244,3.00015259,C,133,12:40:17
271,3,5,5.677,0.0008,9.0166E-06,2.38385E-05,1.043106737,2.64339666,D,0,12:40:17
272,3,5,5.6978,0.0217,0.000370654,0.00096902,1.04150454,2.59014267,D,5,12:40:18
273,3,5,5.7222,0.046,0.000793032,0.002051453,1.04150454,2.53688869,D,5,12:40:20
274,3,5,5.7465,0.0703,0.001215409,0.003111391,1.04150454,2.48378729,D,5,12:40:21
275,3,5,5.771,0.0948,0.001640677,0.004156168,1.04165713,2.43099107,D,5,12:40:23
276,3,5,5.7955,0.1193,0.002065947,0.0051784,1.04150454,2.37804227,D,5,12:40:24
277,3,5,5.82,0.1438,0.002491217,0.006178057,1.04165713,2.32463569,D,5,12:40:26
278,3,5,5.8443,0.1682,0.002913593,0.007148477,1.041351949,2.27183948,D,5,12:40:27
279,3,5,5.8685,0.1923,0.003333076,0.008090023,1.04165713,2.21873808,D,5,12:40:29
280,3,5,5.8927,0.2165,0.003752559,0.009009319,1.04150454,2.16563668,D,5,12:40:30
281,3,5,5.9168,0.2407,0.004172042,0.009906263,1.041580835,2.1123827,D,5,12:40:32
282,3,5,5.9407,0.2645,0.004585739,0.01076884,1.041580835,2.0592813,D,5,12:40:33
283,3,5,5.9645,0.2883,0.004999437,0.011609419,1.041428244,2.00556954,D,5,12:40:34
284,3,5,5.9885,0.3123,0.005416028,0.01243353,1.041428244,1.95201038,D,5,12:40:36
285,3,5,6.012,0.3358,0.00582394,0.013218621,1.04150454,1.89906157,D,5,12:40:37
286,3,5,6.0353,0.3592,0.006228959,0.01397665,1.041428244,1.84580758,D,5,12:40:39
287,3,5,6.0587,0.3825,0.006633979,0.014713134,1.041428244,1.79270619,D,5,12:40:40
288,3,5,6.0817,0.4055,0.00703321,0.015417812,1.041275654,1.73929961,D,5,12:40:41
289,3,5,6.1047,0.4285,0.007432442,0.01610126,1.04150454,1.68604562,D,5,12:40:43
290,3,5,6.1275,0.4513,0.007828783,0.01675862,1.04150454,1.63263905,D,5,12:40:44
291,3,5,6.1502,0.474,0.008222229,0.01739015,1.04150454,1.57907988,D,5,12:40:46
292,3,5,6.1728,0.4967,0.008615674,0.018000553,1.041428244,1.52536812,D,5,12:40:47
293,3,5,6.1952,0.519,0.009003336,0.018581213,1.041580835,1.47196155,D,5,12:40:48
294,3,5,6.2175,0.5413,0.009390997,0.019141228,1.041351949,1.41870756,D,5,12:40:50
295,3,5,6.2395,0.5633,0.009772871,0.019672565,1.041580835,1.36545357,D,5,12:40:51
296,3,5,6.2615,0.5853,0.010154746,0.020183575,1.041580835,1.31235218,D,5,12:40:52
297,3,5,6.2833,0.6072,0.010533728,0.020670467,1.041580835,1.25879301,D,5,12:40:54
298,3,5,6.305,0.6288,0.010909817,0.021133572,1.041580835,1.20538643,D,5,12:40:55
299,3,5,6.3267,0.6505,0.011285905,0.021576578,1.04150454,1.15197986,D,5,12:40:56
300,3,5,6.348,0.6718,0.011656208,0.021992931,1.04150454,1.09872587,D,5,12:40:57
301,3,5,6.3693,0.6932,0.01202651,0.022389541,1.04150454,1.04486152,D,5,12:40:59
302,3,5,6.3905,0.7143,0.012393919,0.022763356,1.041428244,0.99130236,D,5,12:41:00
303,3,5,6.4115,0.7353,0.012758435,0.023114687,1.041428244,0.93789578,D,5,12:41:01
304,3,5,6.4323,0.7562,0.013120059,0.023443869,1.041580835,0.88418402,D,5,12:41:02
305,3,5,6.4532,0.777,0.013481682,0.023753613,1.04150454,0.83047227,D,5,12:41:04
306,3,5,6.4737,0.7975,0.01383752,0.024039257,1.04150454,0.77660792,D,5,12:41:05
307,3,5,6.4942,0.818,0.014193359,0.024305765,1.041580835,0.72274357,D,5,12:41:06
308,3,5,6.5147,0.8385,0.014549196,0.024553031,1.041275654,0.66887922,D,5,12:41:07
309,3,5,6.5347,0.8585,0.014896355,0.024775522,1.041428244,0.61486229,D,5,12:41:09
310,3,5,6.5547,0.8785,0.015243513,0.024979365,1.04150454,0.56115053,D,5,12:41:10
311,3,5,6.5745,0.8983,0.015587778,0.025162912,1.041428244,0.50713359,D,5,12:41:11
312,3,5,6.594,0.9178,0.015926258,0.025325191,1.041428244,0.45357443,D,5,12:41:12
313,3,5,6.6135,0.9373,0.016264737,0.025469317,1.04150454,0.39986267,D,5,12:41:13
314,3,5,6.633,0.9568,0.016603218,0.025595167,1.04150454,0.34569314,D,5,12:41:15
315,3,5,6.6523,0.9762,0.016938804,0.025701783,1.041428244,0.2916762,D,5,12:41:16
316,3,5,6.6715,0.9953,0.017271498,0.02578956,1.041428244,0.23796445,D,5,12:41:17
317,3,5,6.6907,1.0145,0.017604192,0.025859449,1.04150454,0.18425269,D,5,12:41:18
318,3,5,6.7098,1.0337,0.017936886,0.025911451,1.041428244,0.13023575,D,5,12:41:19
319,3,5,6.729,1.0528,0.018269579,0.025945564,1.04150454,0.07667659,D,5,12:41:20
320,3,5,6.7482,1.072,0.018602274,0.025961769,1.04150454,0.02281224,D,5,12:41:21
321,3,5,6.7528,1.0767,0.018683278,0.025963014,1.041428244,0.00968948,D,133,12:41:22
322,4,9,6.7537,0.0008,3.7029E-06,9.565E-07,0.417334249,0.25795377,C,0,12:41:22
323,4,9,6.787,0.0342,0.000235129,6.70071E-05,0.416647593,0.31013962,C,5,12:41:24
324,4,9,6.8237,0.0708,0.000489684,0.00015274,0.416647593,0.36217288,C,5,12:41:26
325,4,9,6.8618,0.109,0.000754652,0.000255723,0.416571298,0.41420615,C,5,12:41:29
326,4,9,6.901,0.1482,0.001026563,0.000375522,0.416571298,0.46608682,C,5,12:41:31
327,4,9,6.941,0.1882,0.001304257,0.000512274,0.416495003,0.51750973,C,5,12:41:33
328,4,9,6.9815,0.2287,0.001585423,0.000665258,0.416571298,0.5693904,C,5,12:41:36
329,4,9,7.0228,0.27,0.001872374,0.000836173,0.416495003,0.6209659,C,5,12:41:38
330,4,9,7.065,0.3122,0.002165112,0.00102567,0.416571298,0.67284657,C,5,12:41:41
331,4,9,7.1078,0.355,0.002462475,0.001233556,0.416495003,0.72457465,C,5,12:41:43
332,4,9,7.1513,0.3985,0.002764468,0.001460309,0.416571298,0.77645533,C,5,12:41:46
333,4,9,7.1957,0.4428,0.003072249,0.001707329,0.416418708,0.82787823,C,5,12:41:49
334,4,9,7.2405,0.4877,0.003383498,0.00197321,0.416495003,0.87960632,C,5,12:41:51
335,4,9,7.286,0.5332,0.003699374,0.002259334,0.416495003,0.93102922,C,5,12:41:54
336,4,9,7.332,0.5792,0.004018723,0.002565042,0.416495003,0.98275731,C,5,12:41:57
337,4,9,7.379,0.6262,0.004345014,0.002894256,0.416495003,1.03418021,C,5,12:42:00
338,4,9,7.4262,0.6733,0.004672462,0.003241478,0.416723888,1.08560311,C,5,12:42:03
339,4,9,7.4743,0.7215,0.005006852,0.003613223,0.416723888,1.13717861,C,5,12:42:05
340,4,9,7.5232,0.7703,0.005345872,0.004007591,0.416418708,1.18844892,C,5,12:42:08
341,4,9,7.5725,0.8197,0.005688362,0.004423604,0.416571298,1.24048219,C,5,12:42:11
342,4,9,7.623,0.8702,0.006038952,0.004867541,0.416647593,1.29190509,C,5,12:42:14
343,4,9,7.6737,0.9208,0.0063907,0.005331125,0.416418708,1.3431754,C,5,12:42:17
344,4,9,7.725,0.9722,0.006747075,0.005819118,0.416342413,1.3947509,C,5,12:42:21
345,4,9,7.7768,1.024,0.007106919,0.00633036,0.416571298,1.44602121,C,5,12:42:24
346,4,9,7.8293,1.0765,0.007471393,0.006866886,0.416495003,1.49729152,C,5,12:42:27
347,4,9,7.882,1.1292,0.007837025,0.007423848,0.416418708,1.54871443,C,5,12:42:30
348,4,9,7.936,1.1832,0.008211914,0.008014215,0.416571298,1.60028992,C,5,12:42:33
349,4,9,7.9898,1.237,0.008585646,0.008622039,0.416647593,1.65140764,C,5,12:42:36
350,4,9,8.0442,1.2913,0.008962847,0.009254761,0.416495003,1.70252537,C,5,12:42:40
351,4,9,8.0993,1.3465,0.009345834,0.009916813,0.416723888,1.75379568,C,5,12:42:43
352,4,9,8.1545,1.4017,0.009728823,0.010598398,0.416495003,1.80460822,C,5,12:42:46
353,4,9,8.2105,1.4577,0.010117597,0.011310081,0.416418708,1.85557336,C,5,12:42:50
354,4,9,8.2673,1.5145,0.010512156,0.012052486,0.416723888,1.90684367,C,5,12:42:53
355,4,9,8.3245,1.5717,0.010909029,0.012819497,0.416647593,1.95796139,C,5,12:42:56
356,4,9,8.3827,1.6298,0.011312844,0.01362057,0.416418708,2.00907912,C,5,12:43:00
357,4,9,8.4413,1.6885,0.011720131,0.014449358,0.416418708,2.06034943,C,5,12:43:04
358,4,9,8.5007,1.7478,0.012132048,0.015308677,0.416342413,2.11146715,C,5,12:43:07
359,4,9,8.5603,1.8075,0.012546276,0.016194018,0.416495003,2.16243229,C,5,12:43:11
360,4,9,8.6207,1.8678,0.012965134,0.017110595,0.416495003,2.21339742,C,5,12:43:14
361,4,9,8.6817,1.9288,0.013388619,0.018058903,0.416495003,2.26451514,C,5,12:43:18
362,4,9,8.7435,1.9907,0.013817889,0.019042097,0.416495003,2.31563287,C,5,12:43:22
363,4,9,8.806,2.0532,0.014251789,0.020058061,0.416495003,2.36675059,C,5,12:43:25
364,4,9,8.8692,2.1163,0.014690316,0.021107266,0.416495003,2.41756313,C,5,12:43:29
365,4,9,8.9333,2.1805,0.015135784,0.022195836,0.416571298,2.46913863,C,5,12:43:33
366,4,9,8.9985,2.2457,0.015588197,0.023324549,0.416647593,2.52010376,C,5,12:43:37
367,4,9,9.0642,2.3113,0.016044081,0.024485326,0.416495003,2.57167926,C,5,12:43:41
368,4,9,9.1307,2.3778,0.01650575,0.025684467,0.416723888,2.62279698,C,5,12:43:45
369,4,9,9.1977,2.4448,0.01697089,0.026916396,0.416495003,2.67360952,C,5,12:43:49
370,4,9,9.2657,2.5128,0.017442971,0.028190755,0.416647593,2.72457465,C,5,12:43:53
371,4,9,9.3345,2.5817,0.017920837,0.029505078,0.416495003,2.77553979,C,5,12:43:57
372,4,9,9.4042,2.6513,0.018404488,0.030859937,0.416342413,2.82635233,C,5,12:44:01
373,4,9,9.4742,2.7213,0.018890455,0.032245975,0.416571298,2.87716487,C,5,12:44:05
374,4,9,9.5453,2.7925,0.019384521,0.033680187,0.416647593,2.9282826,C,5,12:44:10
375,4,9,9.6182,2.8653,0.019890158,0.035173842,0.416495003,2.97924773,C,5,12:44:14
376,4,9,9.6478,2.895,0.020096115,0.035789641,0.416495003,3,C,133,12:44:16
377,4,10,9.6487,0.0008,3.7344E-06,1.06738E-05,0.417486839,2.85885405,D,0,12:44:16
378,4,10,9.7027,0.0548,0.000378635,0.001072144,0.416495003,2.80788891,D,5,12:44:20
379,4,10,9.7625,0.1147,0.00079402,0.002227682,0.416647593,2.75677119,D,5,12:44:23
380,4,10,9.8228,0.175,0.001212876,0.003371528,0.416495003,2.70611124,D,5,12:44:27
381,4,10,9.883,0.2352,0.001630576,0.004490969,0.416495003,2.65484092,D,5,12:44:31
382,4,10,9.9437,0.2958,0.002051744,0.005598226,0.416571298,2.60387579,D,5,12:44:34
383,4,10,10.004,0.3562,0.002470602,0.006677964,0.416495003,2.55260548,D,5,12:44:38
384,4,10,10.0643,0.4165,0.002889461,0.0077363,0.416495003,2.50148775,D,5,12:44:41
385,4,10,10.1245,0.4767,0.003307161,0.008770323,0.416571298,2.45037003,D,5,12:44:45
386,4,10,10.184,0.5362,0.003720232,0.009771791,0.416571298,2.3994049,D,5,12:44:49
387,4,10,10.2435,0.5957,0.004133304,0.010752204,0.416418708,2.34828717,D,5,12:44:52
388,4,10,10.3025,0.6547,0.004542903,0.01170345,0.416418708,2.29747463,D,5,12:44:56
389,4,10,10.361,0.7132,0.004949033,0.012625966,0.416571298,2.24635691,D,5,12:44:59
390,4,10,10.4198,0.772,0.005357478,0.013532913,0.416571298,2.19523919,D,5,12:45:03
391,4,10,10.478,0.8302,0.005761294,0.014408967,0.416800183,2.14427405,D,5,12:45:06
392,4,10,10.5363,0.8885,0.006166264,0.015266824,0.416495003,2.09285115,D,5,12:45:10
393,4,10,10.5943,0.9465,0.006568922,0.016099126,0.416571298,2.04173342,D,5,12:45:13
394,4,10,10.6518,1.004,0.006968108,0.016903789,0.416647593,1.99046311,D,5,12:45:17
395,4,10,10.7092,1.0613,0.007366139,0.017685751,0.416495003,1.9391928,D,5,12:45:20
396,4,10,10.7662,1.1183,0.007761854,0.01844286,0.416571298,1.88807507,D,5,12:45:23
397,4,10,10.8227,1.1748,0.008154099,0.019173239,0.416418708,1.83665217,D,5,12:45:27
398,4,10,10.8792,1.2313,0.008546343,0.019883521,0.416571298,1.78538186,D,5,12:45:30
399,4,10,10.9352,1.2873,0.008935118,0.020567545,0.416418708,1.73411154,D,5,12:45:34
400,4,10,10.9908,1.343,0.009321574,0.02122769,0.416571298,1.68284123,D,5,12:45:37
401,4,10,11.0463,1.3985,0.009706877,0.021866103,0.416495003,1.63157092,D,5,12:45:40
402,4,10,11.1013,1.4535,0.010088707,0.022479152,0.416495003,1.5803006,D,5,12:45:44
403,4,10,11.156,1.5082,0.010468224,0.023069034,0.416800183,1.5288777,D,5,12:45:47
404,4,10,11.2107,1.5628,0.01084774,0.023639416,0.416495003,1.47760739,D,5,12:45:50
405,4,10,11.2648,1.617,0.011223787,0.02418527,0.416800183,1.42603189,D,5,12:45:53
406,4,10,11.3188,1.671,0.011598675,0.024710214,0.416495003,1.37491417,D,5,12:45:57
407,4,10,11.3723,1.7245,0.011970092,0.025211221,0.416495003,1.32364385,D,5,12:46:00
408,4,10,11.4258,1.778,0.012341511,0.025693134,0.416418708,1.27206836,D,5,12:46:03
409,4,10,11.4787,1.8308,0.012708298,0.026150214,0.416495003,1.22095064,D,5,12:46:06
410,4,10,11.5313,1.8835,0.013073929,0.026587119,0.416571298,1.16968032,D,5,12:46:09
411,4,10,11.5837,1.9358,0.013437247,0.027002622,0.416495003,1.11841001,D,5,12:46:13
412,4,10,11.6357,1.9878,0.013798251,0.027396938,0.416571298,1.06698711,D,5,12:46:16
413,4,10,11.6875,2.0397,0.014158097,0.027771494,0.416571298,1.0155642,D,5,12:46:19
414,4,10,11.739,2.0912,0.014515631,0.028125294,0.416495003,0.96444648,D,5,12:46:22
415,4,10,11.7898,2.142,0.014868536,0.028456394,0.416571298,0.91287098,D,5,12:46:25
416,4,10,11.8407,2.1928,0.015221439,0.028769393,0.416571298,0.86160067,D,5,12:46:28
417,4,10,11.8908,2.243,0.015569718,0.02906038,0.416418708,0.81017777,D,5,12:46:31
418,4,10,11.9408,2.293,0.015916836,0.029332528,0.416495003,0.75860227,D,5,12:46:34
419,4,10,11.9905,2.3427,0.01626164,0.029585114,0.416495003,0.70717937,D,5,12:46:37
420,4,10,12.0395,2.3917,0.016601815,0.029816828,0.416571298,0.65590906,D,5,12:46:40
421,4,10,12.0885,2.4407,0.01694199,0.03003105,0.416647593,0.60418097,D,5,12:46:43
422,4,10,12.137,2.4892,0.017278697,0.030225753,0.416647593,0.55260548,D,5,12:46:46
423,4,10,12.1855,2.5377,0.017615404,0.030403081,0.416495003,0.50118257,D,5,12:46:49
424,4,10,12.2332,2.5853,0.017946321,0.030560312,0.416571298,0.45006485,D,5,12:46:52
425,4,10,12.2808,2.633,0.018277242,0.030700587,0.416571298,0.39864195,D,5,12:46:54
426,4,10,12.3285,2.6807,0.018608164,0.030823835,0.416418708,0.34691386,D,5,12:46:57
427,4,10,12.376,2.7282,0.018937926,0.030929659,0.416647593,0.29549096,D,5,12:47:00
428,4,10,12.4233,2.7755,0.019266532,0.031018196,0.416571298,0.24391547,D,5,12:47:03
429,4,10,12.4712,2.8233,0.019598608,0.031090512,0.416647593,0.19218738,D,5,12:47:06
430,4,10,12.5187,2.8708,0.019928372,0.031145299,0.416647593,0.14076448,D,5,12:47:09
431,4,10,12.5663,2.9185,0.020259291,0.031183283,0.416571298,0.08949416,D,5,12:47:12
432,4,10,12.6142,2.9663,0.020591368,0.031204324,0.416571298,0.03791867,D,5,12:47:14
433,4,10,12.6405,2.9927,0.020774184,0.031208625,0.416571298,0.00984207,D,133,12:47:16
434,5,9,12.6413,0.0008,3.7346E-06,5.554E-07,0.41794461,0.14854658,C,0,12:47:17
435,5,9,12.6777,0.0372,0.000255988,4.48331E-05,0.416571298,0.20042725,C,5,12:47:19
436,5,9,12.7163,0.0758,0.000524426,0.000105747,0.416571298,0.25230793,C,5,12:47:21
437,5,9,12.7558,0.1153,0.000798649,0.000182163,0.416418708,0.30388342,C,5,12:47:23
438,5,9,12.7958,0.1553,0.001076345,0.000273879,0.416571298,0.35561151,C,5,12:47:26
439,5,9,12.8365,0.196,0.001358667,0.00038169,0.416495003,0.40733959,C,5,12:47:28
440,5,9,12.8778,0.2373,0.00164562,0.000506141,0.416418708,0.45922026,C,5,12:47:31
441,5,9,12.9195,0.279,0.001934886,0.000646578,0.416495003,0.51064317,C,5,12:47:33
442,5,9,12.9613,0.3208,0.002225311,0.000802516,0.416495003,0.56206607,C,5,12:47:36
443,5,9,13.004,0.3635,0.002521519,0.00097682,0.416647593,0.61379416,C,5,12:47:38
444,5,9,13.0468,0.4063,0.002818885,0.001167117,0.416571298,0.66536965,C,5,12:47:41
445,5,9,13.0908,0.4503,0.003124349,0.001378406,0.416495003,0.71740291,C,5,12:47:43
446,5,9,13.135,0.4945,0.003430972,0.001606393,0.416342413,0.76897841,C,5,12:47:46
447,5,9,13.1798,0.5393,0.003742223,0.001853851,0.416647593,0.8205539,C,5,12:47:49
448,5,9,13.2253,0.5848,0.004058102,0.002121325,0.416418708,0.87243458,C,5,12:47:52
449,5,9,13.2717,0.6312,0.004379766,0.002410356,0.416571298,0.92431525,C,5,12:47:54
450,5,9,13.3185,0.678,0.0047049,0.00271934,0.416571298,0.97589075,C,5,12:47:57
451,5,9,13.3658,0.7253,0.005033505,0.00304859,0.416418708,1.02731365,C,5,12:48:00
452,5,9,13.4137,0.7732,0.005365581,0.003398398,0.416495003,1.07873655,C,5,12:48:03
453,5,9,13.4623,0.8218,0.005703444,0.003771701,0.416571298,1.13046464,C,5,12:48:06
454,5,9,13.5115,0.871,0.006044779,0.00416646,0.416342413,1.18188754,C,5,12:48:09
455,5,9,13.5612,0.9207,0.006389581,0.004582962,0.416495003,1.23315785,C,5,12:48:12
456,5,9,13.6115,0.971,0.006739013,0.005023009,0.416495003,1.28458076,C,5,12:48:15
457,5,9,13.6623,1.0218,0.007091917,0.005485577,0.416571298,1.33585107,C,5,12:48:18
458,5,9,13.7138,1.0733,0.007449449,0.005972542,0.416495003,1.38742657,C,5,12:48:21
459,5,9,13.766,1.1255,0.00781161,0.006484426,0.416495003,1.43869688,C,5,12:48:24
460,5,9,13.8185,1.178,0.008176084,0.007018262,0.416495003,1.4898146,C,5,12:48:27
461,5,9,13.8717,1.2312,0.008545188,0.007577768,0.416495003,1.54123751,C,5,12:48:30
462,5,9,13.9257,1.2852,0.008920075,0.008165332,0.416495003,1.59266041,C,5,12:48:34
463,5,9,13.9798,1.3393,0.009296121,0.008774032,0.416495003,1.64377813,C,5,12:48:37
464,5,9,14.0343,1.3938,0.009674479,0.009405814,0.416571298,1.69489586,C,5,12:48:40
465,5,9,14.0898,1.4493,0.01005978,0.01006891,0.416418708,1.74631876,C,5,12:48:43
466,5,9,14.1458,1.5053,0.010448553,0.010757929,0.416571298,1.79758907,C,5,12:48:47
467,5,9,14.2023,1.5618,0.010840798,0.011473222,0.416342413,1.84901198,C,5,12:48:50
468,5,9,14.2595,1.619,0.011237669,0.012217311,0.416495003,1.90043488,C,5,12:48:54
469,5,9,14.3177,1.6772,0.011641484,0.012995204,0.416418708,1.95201038,C,5,12:48:57
470,5,9,14.376,1.7355,0.012046455,0.013796195,0.416342413,2.0031281,C,5,12:49:01
471,5,9,14.4345,1.794,0.012452584,0.014620215,0.416342413,2.05409323,C,5,12:49:04
472,5,9,14.4938,1.8533,0.0128645,0.015476973,0.416495003,2.10521096,C,5,12:49:08
473,5,9,14.5537,1.9132,0.013279885,0.016362171,0.416723888,2.15617609,C,5,12:49:11
474,5,9,14.6143,1.9738,0.013701056,0.017281197,0.416495003,2.2074464,C,5,12:49:15
475,5,9,14.6757,2.0352,0.014126854,0.018232102,0.416495003,2.25825895,C,5,12:49:19
476,5,9,14.7373,2.0968,0.014554968,0.019210032,0.416571298,2.30952926,C,5,12:49:22
477,5,9,14.8,2.1595,0.014990023,0.020226059,0.416495003,2.36064698,C,5,12:49:26
478,5,9,14.863,2.2225,0.01542739,0.021269807,0.416418708,2.41145953,C,5,12:49:30
479,5,9,14.9265,2.286,0.015868233,0.022344254,0.416495003,2.46242466,C,5,12:49:34
480,5,9,14.9913,2.3508,0.016318329,0.023464223,0.416647593,2.51354238,C,5,12:49:38
481,5,9,15.0567,2.4162,0.016771896,0.024615988,0.416571298,2.56450752,C,5,12:49:41
482,5,9,15.123,2.4825,0.017232408,0.025808848,0.416647593,2.61547265,C,5,12:49:45
483,5,9,15.19,2.5495,0.017697549,0.027037435,0.416495003,2.66628519,C,5,12:49:49
484,5,9,15.2577,2.6172,0.018167316,0.028302129,0.416495003,2.71740291,C,5,12:49:53
485,5,9,15.3263,2.6858,0.018644026,0.029609789,0.416495003,2.76821546,C,5,12:49:58
486,5,9,15.3958,2.7553,0.01912652,0.030957916,0.416495003,2.81933318,C,5,12:50:02
487,5,9,15.466,2.8255,0.019613644,0.032343808,0.416495003,2.87014572,C,5,12:50:06
488,5,9,15.5367,2.8962,0.020104237,0.033764522,0.416342413,2.92095827,C,5,12:50:10
489,5,9,15.6085,2.968,0.020602932,0.035234058,0.416495003,2.9719234,C,5,12:50:15
490,5,9,15.6483,3.0078,0.020879471,0.036059845,0.416571298,3,C,133,12:50:17
491,5,10,15.6492,0.0008,3.7357E-06,1.06904E-05,0.417410544,2.86221103,D,0,12:50:17
492,5,10,15.7037,0.0553,0.000382109,0.001083329,0.416495003,2.8112459,D,5,12:50:21
493,5,10,15.7637,0.1153,0.000798651,0.00224349,0.416647593,2.75967041,D,5,12:50:24
494,5,10,15.8245,0.1762,0.00122098,0.003398134,0.416571298,2.70885786,D,5,12:50:28
495,5,10,15.8848,0.2365,0.001639836,0.004521872,0.416495003,2.65774014,D,5,12:50:32
496,5,10,15.9453,0.297,0.002059849,0.005627319,0.416418708,2.60646983,D,5,12:50:35
497,5,10,16.0058,0.3575,0.002479863,0.006711271,0.416495003,2.55565728,D,5,12:50:39
498,5,10,16.0662,0.4178,0.002898721,0.007770814,0.416495003,2.50423438,D,5,12:50:42
499,5,10,16.1263,0.478,0.003316422,0.008806066,0.416495003,2.45326925,D,5,12:50:46
500,5,10,16.1862,0.5378,0.003731806,0.009814334,0.416571298,2.40199893,D,5,12:50:50
501,5,10,16.2457,0.5973,0.004144878,0.010795899,0.416647593,2.3510338,D,5,12:50:53
502,5,10,16.305,0.6567,0.004556794,0.011753652,0.416495003,2.29991608,D,5,12:50:57
503,5,10,16.3638,0.7155,0.004965238,0.012682478,0.416418708,2.24879835,D,5,12:51:00
504,5,10,16.4228,0.7745,0.005374837,0.013593,0.416418708,2.19768063,D,5,12:51:04
505,5,10,16.4817,0.8333,0.00578328,0.014479977,0.416571298,2.14625772,D,5,12:51:07
506,5,10,16.5397,0.8913,0.006185935,0.015333779,0.416571298,2.09529259,D,5,12:51:11
507,5,10,16.5977,0.9493,0.006588591,0.01616702,0.416495003,2.04402228,D,5,12:51:14
508,5,10,16.6553,1.007,0.006988934,0.016974959,0.416571298,1.99290455,D,5,12:51:18
509,5,10,16.7123,1.064,0.007384651,0.017753334,0.416571298,1.94163424,D,5,12:51:21
510,5,10,16.7695,1.1212,0.007781521,0.018513656,0.416571298,1.89021134,D,5,12:51:25
511,5,10,16.8263,1.178,0.008176079,0.019249268,0.416723888,1.83894102,D,5,12:51:28
512,5,10,16.8825,1.2342,0.00856601,0.019956268,0.416571298,1.7878233,D,5,12:51:31
513,5,10,16.9385,1.2902,0.008954781,0.020641227,0.416418708,1.73655299,D,5,12:51:35
514,5,10,16.9938,1.3455,0.009338927,0.02129837,0.416571298,1.68558785,D,5,12:51:38
515,5,10,17.0488,1.4005,0.009720759,0.021932093,0.416647593,1.63431754,D,5,12:51:41
516,5,10,17.104,1.4557,0.010103747,0.022548058,0.416647593,1.58274205,D,5,12:51:45
517,5,10,17.1592,1.5108,0.010486736,0.023144309,0.416571298,1.53131914,D,5,12:51:48
518,5,10,17.2138,1.5655,0.010866252,0.023715569,0.416647593,1.47989624,D,5,12:51:51
519,5,10,17.2678,1.6195,0.01124114,0.024260642,0.416571298,1.42862593,D,5,12:51:55
520,5,10,17.322,1.6737,0.011617186,0.024788126,0.416495003,1.3775082,D,5,12:51:58
521,5,10,17.3753,1.727,0.011987445,0.025288508,0.416647593,1.32623789,D,5,12:52:01
522,5,10,17.4287,1.7803,0.012357706,0.025769943,0.416495003,1.27496757,D,5,12:52:04
523,5,10,17.482,1.8337,0.012727966,0.026232342,0.416571298,1.22339208,D,5,12:52:07
524,5,10,17.535,1.8867,0.013095911,0.026672874,0.416571298,1.171664,D,5,12:52:11
525,5,10,17.5875,1.9392,0.013460387,0.027090512,0.416647593,1.12054627,D,5,12:52:14
526,5,10,17.6395,1.9912,0.013821389,0.027485629,0.416723888,1.06912337,D,5,12:52:17
527,5,10,17.6913,2.043,0.014181237,0.027860997,0.416495003,1.01785306,D,5,12:52:20
528,5,10,17.7428,2.0945,0.014538771,0.028215585,0.416647593,0.96612497,D,5,12:52:23
529,5,10,17.7942,2.1458,0.014895148,0.028550637,0.416495003,0.91485466,D,5,12:52:26
530,5,10,17.8448,2.1965,0.015246895,0.028863225,0.416418708,0.86327916,D,5,12:52:29
531,5,10,17.8953,2.247,0.015597485,0.029156743,0.416418708,0.81185626,D,5,12:52:32
532,5,10,17.9452,2.2968,0.015943445,0.029428567,0.416495003,0.76043336,D,5,12:52:35
533,5,10,17.9947,2.3463,0.016287092,0.029680949,0.416571298,0.70931563,D,5,12:52:38
534,5,10,18.0438,2.3955,0.016628428,0.029914113,0.416495003,0.65789273,D,5,12:52:41
535,5,10,18.0925,2.4442,0.01696629,0.03012754,0.416571298,0.60646983,D,5,12:52:44
536,5,10,18.1408,2.4925,0.017301837,0.030322276,0.416647593,0.55489433,D,5,12:52:47
537,5,10,18.1892,2.5408,0.017637386,0.030499741,0.416723888,0.50331884,D,5,12:52:50
538,5,10,18.2373,2.589,0.017971779,0.030659294,0.416571298,0.45159075,D,5,12:52:53
539,5,10,18.2853,2.637,0.018305014,0.030801104,0.416495003,0.39986267,D,5,12:52:56
540,5,10,18.3333,2.685,0.018638249,0.030925661,0.416571298,0.34828717,D,5,12:52:59
541,5,10,18.3808,2.7325,0.018968012,0.031031893,0.416571298,0.29686427,D,5,12:53:01
542,5,10,18.4283,2.78,0.019297774,0.031121175,0.416571298,0.24544137,D,5,12:53:04
543,5,10,18.476,2.8277,0.019628694,0.031193687,0.416571298,0.19386587,D,5,12:53:07
544,5,10,18.5235,2.8752,0.019958459,0.031248987,0.416571298,0.14244297,D,5,12:53:10
545,5,10,18.5712,2.9228,0.020289378,0.03128747,0.416571298,0.09102007,D,5,12:53:13
546,5,10,18.6188,2.9705,0.020620296,0.031308965,0.416495003,0.03990234,D,5,12:53:16
547,5,10,18.6467,2.9983,0.020813527,0.031313683,0.416647593,0.00999466,D,133,12:53:17
548,6,9,18.6475,0.0008,3.7366E-06,0.000000544,0.417334249,0.14534218,C,0,12:53:18
549,6,9,18.6837,0.037,0.000254832,4.38234E-05,0.416495003,0.19691768,C,5,12:53:20
550,6,9,18.7223,0.0757,0.000523272,0.00010384,0.416495003,0.24864576,C,5,12:53:22
551,6,9,18.7617,0.115,0.00079634,0.000178986,0.416418708,0.30022126,C,5,12:53:25
552,6,9,18.8017,0.155,0.001074035,0.000269696,0.416723888,0.35210193,C,5,12:53:27
553,6,9,18.8425,0.1958,0.001357515,0.000376957,0.416495003,0.4039826,C,5,12:53:30
554,6,9,18.884,0.2373,0.001645624,0.000500948,0.416647593,0.45601587,C,5,12:53:32
555,6,9,18.9257,0.279,0.00193489,0.000640463,0.416723888,0.50774395,C,5,12:53:35
556,6,9,18.9678,0.3212,0.002227628,0.000796782,0.416571298,0.55931945,C,5,12:53:37
557,6,9,19.0102,0.3635,0.002521523,0.000968846,0.416342413,0.61058976,C,5,12:53:40
558,6,9,19.0533,0.4067,0.002821201,0.00115973,0.416723888,0.66247044,C,5,12:53:42
559,6,9,19.097,0.4503,0.003124351,0.001368496,0.416723888,0.71404593,C,5,12:53:45
560,6,9,19.1412,0.4945,0.003430971,0.001595478,0.416647593,0.76546883,C,5,12:53:47
561,6,9,19.1857,0.539,0.003739909,0.001840053,0.416495003,0.81673915,C,5,12:53:50
562,6,9,19.2308,0.5842,0.004053473,0.0021044,0.416571298,0.86831464,C,5,12:53:53
563,6,9,19.2768,0.6302,0.004372821,0.002390061,0.416495003,0.91989014,C,5,12:53:56
564,6,9,19.3235,0.6768,0.004696799,0.00269658,0.416571298,0.97131304,C,5,12:53:58
565,6,9,19.3703,0.7237,0.005021934,0.003020916,0.416647593,1.02258335,C,5,12:54:01
566,6,9,19.4182,0.7715,0.00535401,0.003369206,0.416647593,1.07431144,C,5,12:54:04
567,6,9,19.4668,0.8202,0.005691872,0.003741013,0.416495003,1.12573434,C,5,12:54:07
568,6,9,19.5157,0.869,0.006030894,0.004131546,0.416571298,1.17730983,C,5,12:54:10
569,6,9,19.5655,0.9188,0.006376856,0.004547836,0.416647593,1.22873274,C,5,12:54:13
570,6,9,19.6158,0.9692,0.006726289,0.004986324,0.416571298,1.28030823,C,5,12:54:16
571,6,9,19.6667,1.02,0.007079195,0.005447333,0.416418708,1.33173114,C,5,12:54:19
572,6,9,19.718,1.0713,0.007435571,0.005931178,0.416495003,1.38300145,C,5,12:54:22
573,6,9,19.77,1.1233,0.007796573,0.00643987,0.416495003,1.43442435,C,5,12:54:25
574,6,9,19.8225,1.1758,0.008161046,0.006972157,0.416571298,1.48569467,C,5,12:54:28
575,6,9,19.8757,1.229,0.00853015,0.007530146,0.416571298,1.53711757,C,5,12:54:32
576,6,9,19.9292,1.2825,0.008901569,0.008110699,0.416647593,1.5880827,C,5,12:54:35
577,6,9,19.9828,1.3362,0.009274145,0.008712062,0.416418708,1.63920043,C,5,12:54:38
578,6,9,20.0377,1.391,0.009654818,0.00934596,0.416495003,1.69047074,C,5,12:54:41
579,6,9,20.0928,1.4462,0.010037805,0.010003342,0.416647593,1.74174105,C,5,12:54:45
580,6,9,20.1488,1.5022,0.010426578,0.010690575,0.416495003,1.79316396,C,5,12:54:48
581,6,9,20.2053,1.5587,0.010818823,0.011404105,0.416418708,1.84458686,C,5,12:54:51
582,6,9,20.2625,1.6158,0.011215695,0.012146439,0.416571298,1.89585718,C,5,12:54:55
583,6,9,20.32,1.6733,0.011614884,0.012913607,0.416342413,1.94712749,C,5,12:54:58
584,6,9,20.3782,1.7315,0.012018701,0.013710367,0.416495003,1.9983978,C,5,12:55:02
585,6,9,20.4368,1.7902,0.012425987,0.014534819,0.416495003,2.04951553,C,5,12:55:05
586,6,9,20.496,1.8493,0.012836745,0.015387306,0.416571298,2.10032807,C,5,12:55:09
587,6,9,20.5555,1.9088,0.013249816,0.016265646,0.416571298,2.15144579,C,5,12:55:12
588,6,9,20.6158,1.9692,0.013668673,0.017177621,0.416723888,2.20241093,C,5,12:55:16
589,6,9,20.677,2.0303,0.014093315,0.018123888,0.416723888,2.25352865,C,5,12:55:20
590,6,9,20.7383,2.0917,0.014519115,0.019094444,0.416647593,2.30464637,C,5,12:55:23
591,6,9,20.801,2.1543,0.014954172,0.020108327,0.416418708,2.3557641,C,5,12:55:27
592,6,9,20.8642,2.2175,0.015392698,0.021152793,0.416418708,2.40688182,C,5,12:55:31
593,6,9,20.9277,2.281,0.015833538,0.022225231,0.416571298,2.45784695,C,5,12:55:35
594,6,9,20.9922,2.3455,0.016281321,0.023337351,0.416571298,2.50896468,C,5,12:55:39
595,6,9,21.0577,2.411,0.016736046,0.024489968,0.416495003,2.5600824,C,5,12:55:42
596,6,9,21.1237,2.477,0.017194244,0.025674797,0.416495003,2.61104753,C,5,12:55:46
597,6,9,21.19,2.5433,0.017654755,0.026889044,0.416647593,2.66170748,C,5,12:55:50
598,6,9,21.2578,2.6112,0.018125679,0.028154696,0.416418708,2.7129778,C,5,12:55:55
599,6,9,21.3267,2.68,0.018603547,0.029463488,0.416495003,2.76409552,C,5,12:55:59
600,6,9,21.396,2.7493,0.019084886,0.030806449,0.416495003,2.81536584,C,5,12:56:03
601,6,9,21.466,2.8193,0.019570851,0.0321871,0.416571298,2.86648356,C,5,12:56:07
602,6,9,21.5372,2.8905,0.020064917,0.033616071,0.416342413,2.91760128,C,5,12:56:11
603,6,9,21.6087,2.962,0.020561293,0.03507707,0.416571298,2.96841382,C,5,12:56:16
604,6,9,21.6532,3.0065,0.02087023,0.035999054,0.416723888,3,C,133,12:56:18
605,6,10,21.654,0.0008,3.7349E-06,1.06967E-05,0.4180972,2.86465248,D,0,12:56:19
606,6,10,21.7083,0.0552,0.000380952,0.001080847,0.416723888,2.81338216,D,5,12:56:22
607,6,10,21.7682,0.115,0.000796339,0.002238734,0.416571298,2.76226444,D,5,12:56:26
608,6,10,21.8288,0.1757,0.00121751,0.003391231,0.416495003,2.71114672,D,5,12:56:29
609,6,10,21.8893,0.2362,0.001637524,0.004519074,0.416723888,2.66002899,D,5,12:56:33
610,6,10,21.95,0.2968,0.002058692,0.005628521,0.416647593,2.60875868,D,5,12:56:37
611,6,10,22.0108,0.3577,0.002481023,0.00671935,0.416418708,2.55748836,D,5,12:56:40
612,6,10,22.0715,0.4183,0.002902194,0.007785513,0.416571298,2.50591287,D,5,12:56:44
613,6,10,22.1318,0.4787,0.00332105,0.008824309,0.416495003,2.45448997,D,5,12:56:47
614,6,10,22.1918,0.5387,0.003737593,0.009835964,0.416571298,2.40337224,D,5,12:56:51
615,6,10,22.2515,0.5983,0.004151821,0.010820788,0.416418708,2.35210193,D,5,12:56:55
616,6,10,22.3113,0.6582,0.004567206,0.011787018,0.416571298,2.30052644,D,5,12:56:58
617,6,10,22.3702,0.717,0.004975651,0.01271614,0.416418708,2.24940871,D,5,12:57:02
618,6,10,22.4295,0.7763,0.005387564,0.013632032,0.416723888,2.19783322,D,5,12:57:05
619,6,10,22.4883,0.8352,0.005796007,0.014519148,0.416800183,2.14656291,D,5,12:57:09
620,6,10,22.5467,0.8935,0.00620098,0.015377957,0.416495003,2.09544518,D,5,12:57:12
621,6,10,22.6043,0.9512,0.006601325,0.016206483,0.416495003,2.04432746,D,5,12:57:16
622,6,10,22.662,1.0088,0.007001669,0.01701453,0.416571298,1.99336233,D,5,12:57:19
623,6,10,22.7192,1.066,0.007398543,0.017795293,0.416647593,1.94193942,D,5,12:57:23
624,6,10,22.7762,1.123,0.007794258,0.018553502,0.416418708,1.89066911,D,5,12:57:26
625,6,10,22.8327,1.1795,0.008186502,0.01928499,0.416723888,1.83970397,D,5,12:57:29
626,6,10,22.8892,1.236,0.008578747,0.019996363,0.416571298,1.78797589,D,5,12:57:33
627,6,10,22.9453,1.2922,0.008968679,0.020683496,0.416418708,1.73670558,D,5,12:57:36
628,6,10,23.001,1.3478,0.009355138,0.021344654,0.416495003,1.68543526,D,5,12:57:40
629,6,10,23.0562,1.403,0.009738127,0.021980247,0.416571298,1.63431754,D,5,12:57:43
630,6,10,23.1112,1.458,0.010119958,0.022594352,0.416495003,1.58319982,D,5,12:57:46
631,6,10,23.1658,1.5127,0.010499475,0.02318532,0.416495003,1.5319295,D,5,12:57:49
632,6,10,23.2203,1.5672,0.010877835,0.023755087,0.416647593,1.48065919,D,5,12:57:53
633,6,10,23.2743,1.6212,0.011252724,0.024300423,0.416647593,1.42938888,D,5,12:57:56
634,6,10,23.3282,1.675,0.011626455,0.024824948,0.416800183,1.37827115,D,5,12:57:59
635,6,10,23.3817,1.7285,0.011997871,0.025327199,0.416571298,1.32700084,D,5,12:58:02
636,6,10,23.4352,1.782,0.012369288,0.025810371,0.416647593,1.27527276,D,5,12:58:06
637,6,10,23.4885,1.8353,0.012739549,0.026272947,0.416495003,1.22384985,D,5,12:58:09
638,6,10,23.5412,1.888,0.013105183,0.026710891,0.416495003,1.17242695,D,5,12:58:12
639,6,10,23.5935,1.9403,0.013468499,0.027127441,0.416571298,1.12100404,D,5,12:58:15
640,6,10,23.6458,1.9927,0.013831819,0.027525303,0.416571298,1.06973373,D,5,12:58:18
641,6,10,23.6973,2.0442,0.014189353,0.027898471,0.416647593,1.01861601,D,5,12:58:21
642,6,10,23.7485,2.0953,0.014544571,0.028251079,0.416495003,0.9671931,D,5,12:58:24
643,6,10,23.7998,2.1467,0.014900948,0.028586491,0.416571298,0.91561761,D,5,12:58:28
644,6,10,23.8505,2.1973,0.015252695,0.02889942,0.416495003,0.8643473,D,5,12:58:31
645,6,10,23.9007,2.2475,0.01560097,0.02919139,0.416495003,0.81307698,D,5,12:58:34
646,6,10,23.9505,2.2973,0.015946934,0.029463657,0.416418708,0.76150149,D,5,12:58:37
647,6,10,24.0002,2.347,0.01629174,0.029717273,0.416571298,0.70992599,D,5,12:58:40
648,6,10,24.0497,2.3965,0.016635388,0.029952282,0.416647593,0.65850309,D,5,12:58:43
649,6,10,24.0983,2.4452,0.01697325,0.030165922,0.416418708,0.6069276,D,5,12:58:45
650,6,10,24.1472,2.494,0.017312272,0.030362839,0.416418708,0.55504692,D,5,12:58:48
651,6,10,24.1957,2.5425,0.017648979,0.030540962,0.416571298,0.50331884,D,5,12:58:51
652,6,10,24.2438,2.5907,0.017983371,0.030700576,0.416495003,0.45189593,D,5,12:58:54
653,6,10,24.2917,2.6385,0.018315448,0.030841968,0.416418708,0.40062562,D,5,12:58:57
654,6,10,24.339,2.6858,0.018644054,0.03096501,0.416647593,0.34920272,D,5,12:59:00
655,6,10,24.3865,2.7333,0.018973817,0.031071549,0.416495003,0.29777981,D,5,12:59:03
656,6,10,24.434,2.7808,0.019303581,0.0311611,0.416495003,0.24620432,D,5,12:59:06
657,6,10,24.4817,2.8285,0.0196345,0.031233904,0.416571298,0.19478141,D,5,12:59:08
658,6,10,24.5293,2.8762,0.01996542,0.031289647,0.416647593,0.14305333,D,5,12:59:11
659,6,10,24.5772,2.924,0.020297497,0.031328469,0.416571298,0.09147784,D,5,12:59:14
660,6,10,24.6252,2.972,0.02063073,0.03135026,0.416495003,0.04036011,D,5,12:59:17
661,6,10,24.6533,3.0002,0.020826273,0.031355051,0.416571298,0.00984207,D,133,12:59:19
662,7,14,24.6542,0.0008,1.9642E-06,2.193E-07,0.208819715,0.11100938,C,0,12:59:19
663,7,14,24.7203,0.067,0.000231638,3.18352E-05,0.208361944,0.16182193,C,5,12:59:23
664,7,14,24.7928,0.1395,0.000483281,7.91015E-05,0.208056764,0.21278706,C,5,12:59:28
665,7,14,24.868,0.2147,0.000744181,0.000141338,0.208285649,0.2635996,C,5,12:59:32
666,7,14,24.9448,0.2915,0.001010865,0.00021849,0.208361944,0.31441215,C,5,12:59:37
667,7,14,25.0235,0.3702,0.001283915,0.000311375,0.208361944,0.36552987,C,5,12:59:41
668,7,14,25.1033,0.45,0.001561011,0.000419729,0.208361944,0.41634241,C,5,12:59:46
669,7,14,25.1843,0.531,0.001842158,0.000543977,0.208209354,0.46715496,C,5,12:59:51
670,7,14,25.2667,0.6133,0.002127934,0.000684828,0.208209354,0.51812009,C,5,12:59:56
671,7,14,25.3497,0.6963,0.002416022,0.000841462,0.208285649,0.56893263,C,5,13:00:01
672,7,14,25.4343,0.781,0.002709896,0.001016183,0.208285649,0.61989776,C,5,13:00:06
673,7,14,25.5197,0.8663,0.003006084,0.001207355,0.208361944,0.67071031,C,5,13:00:11
674,7,14,25.6065,0.9532,0.003307478,0.001417203,0.208133059,0.72167544,C,5,13:00:16
675,7,14,25.6948,1.0415,0.003614078,0.001646318,0.208285649,0.77248798,C,5,13:00:22
676,7,14,25.7837,1.1303,0.003922412,0.001892386,0.208209354,0.82330053,C,5,13:00:27
677,7,14,25.8747,1.2213,0.004238268,0.002160514,0.208209354,0.87426566,C,5,13:00:33
678,7,14,25.9667,1.3133,0.004557597,0.002447854,0.208209354,0.92492561,C,5,13:00:38
679,7,14,26.0597,1.4063,0.004880395,0.002754725,0.208209354,0.97604334,C,5,13:00:44
680,7,14,26.1547,1.5013,0.005210135,0.003084969,0.208285649,1.0265507,C,5,13:00:49
681,7,14,26.25,1.5967,0.005541031,0.003433153,0.208285649,1.07736324,C,5,13:00:55
682,7,14,26.3478,1.6945,0.005880606,0.003807702,0.208285649,1.12832837,C,5,13:01:01
683,7,14,26.446,1.7927,0.006221337,0.004200859,0.208285649,1.17883574,C,5,13:01:07
684,7,14,26.5457,1.8923,0.006567273,0.00461752,0.208361944,1.2293431,C,5,13:01:13
685,7,14,26.6462,1.9928,0.006916105,0.005055308,0.208285649,1.28000305,C,5,13:01:19
686,7,14,26.7482,2.0948,0.007270143,0.005517509,0.208361944,1.330663,C,5,13:01:25
687,7,14,26.8515,2.1982,0.007628806,0.006003917,0.208361944,1.38132296,C,5,13:01:31
688,7,14,26.9558,2.3025,0.007990945,0.006513371,0.208361944,1.43183032,C,5,13:01:37
689,7,14,27.0613,2.408,0.008357128,0.007047021,0.208209354,1.48264286,C,5,13:01:44
690,7,14,27.1687,2.5153,0.008729678,0.007608838,0.208285649,1.53315023,C,5,13:01:50
691,7,14,27.2763,2.623,0.009103383,0.00819134,0.208133059,1.58381018,C,5,13:01:57
692,7,14,27.3855,2.7322,0.009482296,0.008801103,0.208361944,1.63462272,C,5,13:02:03
693,7,14,27.4958,2.8425,0.009865257,0.009436796,0.208209354,1.68513008,C,5,13:02:10
694,7,14,27.6072,2.9538,0.010251691,0.010097812,0.208209354,1.73579004,C,5,13:02:16
695,7,14,27.72,3.0667,0.010643332,0.010787574,0.208361944,1.7862974,C,5,13:02:23
696,7,14,27.834,3.1807,0.011039021,0.011504529,0.208361944,1.83680476,C,5,13:02:30
697,7,14,27.9483,3.295,0.011435865,0.012243596,0.208285649,1.8876173,C,5,13:02:37
698,7,14,28.0657,3.4123,0.011843122,0.01302271,0.208209354,1.93858244,C,5,13:02:44
699,7,14,28.183,3.5297,0.012250382,0.013822532,0.208133059,1.98893721,C,5,13:02:51
700,7,14,28.3015,3.6482,0.01266169,0.014651053,0.208285649,2.03959716,C,5,13:02:58
701,7,14,28.4218,3.7685,0.013079361,0.015513555,0.208133059,2.0904097,C,5,13:03:05
702,7,14,28.5428,3.8895,0.013499348,0.016402093,0.208361944,2.14091707,C,5,13:03:13
703,7,14,28.6657,4.0123,0.013925695,0.017325651,0.208133059,2.19157702,C,5,13:03:20
704,7,14,28.7897,4.1363,0.01435609,0.0182798,0.208361944,2.24208438,C,5,13:03:27
705,7,14,28.915,4.2617,0.014791115,0.019266207,0.208285649,2.29274434,C,5,13:03:35
706,7,14,29.0423,4.389,0.015233081,0.020290795,0.208361944,2.34370947,C,5,13:03:43
707,7,14,29.1712,4.5178,0.015680255,0.021350203,0.208133059,2.39436942,C,5,13:03:50
708,7,14,29.3012,4.6478,0.016131477,0.022442108,0.208285649,2.44487678,C,5,13:03:58
709,7,14,29.432,4.7787,0.016585594,0.023563992,0.208209354,2.49523156,C,5,13:04:06
710,7,14,29.5638,4.9105,0.017043183,0.024717455,0.208209354,2.54558633,C,5,13:04:14
711,7,14,29.698,5.0447,0.017508868,0.025914751,0.208133059,2.59609369,C,5,13:04:22
712,7,14,29.8337,5.1803,0.017979762,0.027149238,0.208056764,2.64660105,C,5,13:04:30
713,7,14,29.9715,5.3182,0.018458176,0.028427612,0.208285649,2.69710842,C,5,13:04:38
714,7,14,30.11,5.4567,0.018938902,0.029736445,0.208285649,2.74776837,C,5,13:04:47
715,7,14,30.2513,5.598,0.019429463,0.031096838,0.208285649,2.79842832,C,5,13:04:55
716,7,14,30.3935,5.7402,0.019922917,0.032490249,0.208285649,2.84908827,C,5,13:05:04
717,7,14,30.5375,5.8842,0.020422734,0.033926901,0.208438239,2.89944305,C,5,13:05:12
718,7,14,30.683,6.0297,0.020927757,0.035404065,0.208209354,2.95025559,C,5,13:05:21
719,7,14,30.8282,6.1748,0.021431621,0.036903139,0.208209354,3,C,133,13:05:30
720,7,15,30.829,0.0008,1.9735E-06,5.7853E-06,0.209506371,2.93163958,D,0,13:05:30
721,7,15,30.9425,0.1143,0.000395941,0.001150454,0.208285649,2.88113222,D,5,13:05:37
722,7,15,31.0615,0.2333,0.000808986,0.002329845,0.208209354,2.83047227,D,5,13:05:44
723,7,15,31.1813,0.3532,0.00122492,0.003496581,0.208209354,2.78011749,D,5,13:05:51
724,7,15,31.3025,0.4743,0.001645484,0.00465511,0.208133059,2.72961013,D,5,13:05:59
725,7,15,31.4237,0.5955,0.00206605,0.005792362,0.208209354,2.67910277,D,5,13:06:06
726,7,15,31.5448,0.7167,0.002486612,0.00690829,0.208209354,2.62829023,D,5,13:06:13
727,7,15,31.6648,0.8367,0.002903123,0.007992394,0.208285649,2.57793545,D,5,13:06:20
728,7,15,31.785,0.9568,0.003320217,0.00905698,0.208209354,2.52712291,D,5,13:06:28
729,7,15,31.9053,1.0772,0.003737892,0.010101883,0.208209354,2.47661555,D,5,13:06:35
730,7,15,32.0247,1.1965,0.004152092,0.011117128,0.208285649,2.42580301,D,5,13:06:42
731,7,15,32.1442,1.316,0.004566871,0.012112811,0.208285649,2.37529564,D,5,13:06:49
732,7,15,32.263,1.4348,0.004979334,0.013082035,0.208133059,2.32478828,D,5,13:06:56
733,7,15,32.3807,1.5525,0.005387748,0.014021119,0.208285649,2.27397574,D,5,13:07:03
734,7,15,32.4993,1.6712,0.005799635,0.014947308,0.208285649,2.22346838,D,5,13:07:10
735,7,15,32.6162,1.788,0.006205158,0.015838666,0.208285649,2.17296101,D,5,13:07:18
736,7,15,32.7328,1.9047,0.006610102,0.016708329,0.208285649,2.12245365,D,5,13:07:25
737,7,15,32.8493,2.0212,0.007014465,0.017556253,0.208056764,2.07164111,D,5,13:07:31
738,7,15,32.9647,2.1365,0.007414779,0.018375427,0.208209354,2.02128634,D,5,13:07:38
739,7,15,33.0797,2.2515,0.007813941,0.019172064,0.208209354,1.97062638,D,5,13:07:45
740,7,15,33.1942,2.366,0.008211366,0.019945125,0.208133059,1.92011902,D,5,13:07:52
741,7,15,33.3078,2.4797,0.008605897,0.020692607,0.208209354,1.86961166,D,5,13:07:59
742,7,15,33.4205,2.5923,0.008996957,0.02141378,0.208285649,1.8191043,D,5,13:08:06
743,7,15,33.5333,2.7052,0.009388596,0.022116237,0.208133059,1.76829175,D,5,13:08:13
744,7,15,33.6458,2.8177,0.009779076,0.022796801,0.208056764,1.7176318,D,5,13:08:19
745,7,15,33.758,2.9298,0.010168401,0.02345555,0.208209354,1.66666667,D,5,13:08:26
746,7,15,33.8692,3.041,0.010554254,0.024088826,0.208285649,1.61600671,D,5,13:08:33
747,7,15,33.9792,3.151,0.010936061,0.024696159,0.208209354,1.56565194,D,5,13:08:39
748,7,15,34.0893,3.2612,0.011318443,0.025285104,0.208133059,1.51529717,D,5,13:08:46
749,7,15,34.1983,3.3702,0.011696776,0.025848691,0.208209354,1.46448463,D,5,13:08:52
750,7,15,34.3082,3.48,0.012078002,0.026397272,0.208361944,1.41382467,D,5,13:08:59
751,7,15,34.4167,3.5885,0.012454598,0.026920069,0.208209354,1.36331731,D,5,13:09:06
752,7,15,34.5243,3.6962,0.012828302,0.027419993,0.208133059,1.31265736,D,5,13:09:12
753,7,15,34.632,3.8038,0.013202008,0.027901,0.208056764,1.26184482,D,5,13:09:18
754,7,15,34.7397,3.9115,0.013575713,0.028363025,0.208285649,1.21072709,D,5,13:09:25
755,7,15,34.847,4.0188,0.01394826,0.028804609,0.208361944,1.16006714,D,5,13:09:31
756,7,15,34.9527,4.1245,0.014315024,0.029220701,0.208285649,1.10940719,D,5,13:09:38
757,7,15,35.0577,4.2295,0.014679474,0.029615716,0.208209354,1.05874723,D,5,13:09:44
758,7,15,35.1623,4.3342,0.015042765,0.029991075,0.208285649,1.00808728,D,5,13:09:50
759,7,15,35.266,4.4378,0.015402587,0.030344635,0.208285649,0.95742733,D,5,13:09:56
760,7,15,35.3692,4.541,0.015760675,0.030678361,0.208438239,0.90676738,D,5,13:10:03
761,7,15,35.4713,4.6432,0.016115291,0.0309909,0.208285649,0.85610742,D,5,13:10:09
762,7,15,35.5732,4.745,0.016468749,0.03128451,0.208133059,0.80544747,D,5,13:10:15
763,7,15,35.674,4.8458,0.016818739,0.031557467,0.208361944,0.75478752,D,5,13:10:21
764,7,15,35.7737,4.9455,0.01716468,0.031809765,0.208285649,0.70412757,D,5,13:10:27
765,7,15,35.8735,5.0453,0.0175112,0.032044921,0.208285649,0.65346761,D,5,13:10:33
766,7,15,35.972,5.1438,0.017853086,0.03225958,0.208361944,0.60280766,D,5,13:10:39
767,7,15,36.0702,5.242,0.018193818,0.032456257,0.208285649,0.55184253,D,5,13:10:45
768,7,15,36.1683,5.3402,0.018534549,0.032635617,0.208285649,0.50102998,D,5,13:10:51
769,7,15,36.2653,5.4372,0.018871231,0.032795718,0.208209354,0.45052262,D,5,13:10:56
770,7,15,36.3617,5.5335,0.019205599,0.032937814,0.208209354,0.40001526,D,5,13:11:02
771,7,15,36.4578,5.6297,0.019539389,0.033062801,0.208209354,0.3495079,D,5,13:11:08
772,7,15,36.5538,5.7257,0.019872599,0.033170731,0.208285649,0.29884794,D,5,13:11:14
773,7,15,36.65,5.8218,0.020206388,0.033261966,0.208361944,0.24818799,D,5,13:11:20
774,7,15,36.7465,5.9183,0.020541332,0.033336537,0.208285649,0.19752804,D,5,13:11:25
775,7,15,36.8432,6.015,0.020876858,0.033394225,0.208209354,0.1467155,D,5,13:11:31
776,7,15,36.9403,6.1122,0.021214118,0.033435073,0.208285649,0.09590295,D,5,13:11:37
777,7,15,37.0377,6.2095,0.021551962,0.033458834,0.208133059,0.045243,D,5,13:11:43
778,7,15,37.1055,6.2773,0.021787405,0.033465284,0.208285649,0.00999466,D,133,13:11:47
779,8,14,37.1063,0.0008,1.9737E-06,1.534E-07,0.20920119,0.07698177,C,0,13:11:47
780,8,14,37.1778,0.0723,0.000250159,2.58352E-05,0.208361944,0.12809949,C,5,13:11:52
781,8,14,37.2543,0.1488,0.000515689,6.66979E-05,0.208285649,0.17906462,C,5,13:11:56
782,8,14,37.3325,0.227,0.000787001,0.000122247,0.208209354,0.23002976,C,5,13:12:01
783,8,14,37.4123,0.3068,0.001064099,0.000193109,0.208285649,0.2808423,C,5,13:12:06
784,8,14,37.4928,0.3873,0.00134351,0.000278804,0.208285649,0.33196002,C,5,13:12:11
785,8,14,37.5747,0.4692,0.001627551,0.000380391,0.208209354,0.38292515,C,5,13:12:16
786,8,14,37.657,0.5515,0.001913327,0.000497151,0.208056764,0.4337377,C,5,13:12:20
787,8,14,37.7402,0.6347,0.002201992,0.000629738,0.208209354,0.48455024,C,5,13:12:25
788,8,14,37.8247,0.7192,0.002495289,0.000779385,0.208209354,0.53551537,C,5,13:12:31
789,8,14,37.9098,0.8043,0.002790897,0.000945272,0.208133059,0.58632792,C,5,13:12:36
790,8,14,37.9962,0.8907,0.003090553,0.001128675,0.208361944,0.63729305,C,5,13:12:41
791,8,14,38.0832,0.9777,0.003392526,0.001328833,0.208209354,0.687953,C,5,13:12:46
792,8,14,38.1718,1.0663,0.003700285,0.001548456,0.208361944,0.73891814,C,5,13:12:51
793,8,14,38.2613,1.1558,0.004010936,0.001785947,0.208209354,0.7894255,C,5,13:12:57
794,8,14,38.3512,1.2457,0.004322743,0.002040082,0.208361944,0.84008545,C,5,13:13:02
795,8,14,38.4435,1.338,0.004643227,0.00231752,0.207980469,0.8907454,C,5,13:13:08
796,8,14,38.5362,1.4307,0.004964867,0.002612272,0.208285649,0.94125277,C,5,13:13:13
797,8,14,38.6302,1.5247,0.005291135,0.002927715,0.208438239,0.99160754,C,5,13:13:19
798,8,14,38.7255,1.62,0.005622035,0.003264345,0.208285649,1.04242008,C,5,13:13:25
799,8,14,38.8228,1.7173,0.005959874,0.003625149,0.208361944,1.09292744,C,5,13:13:30
800,8,14,38.9205,1.815,0.006298871,0.004004325,0.208209354,1.1435874,C,5,13:13:36
801,8,14,39.0203,1.9148,0.006645384,0.004409447,0.208209354,1.19424735,C,5,13:13:42
802,8,14,39.1205,2.015,0.006993056,0.004833504,0.208209354,1.24460212,C,5,13:13:48
803,8,14,39.2222,2.1167,0.007345938,0.005281708,0.208056764,1.29510948,C,5,13:13:54
804,8,14,39.3252,2.2197,0.007703446,0.005753854,0.208285649,1.34561685,C,5,13:14:01
805,8,14,39.4295,2.324,0.008065581,0.006250428,0.208133059,1.39642939,C,5,13:14:07
806,8,14,39.5352,2.4297,0.008432345,0.006771936,0.208285649,1.44708934,C,5,13:14:13
807,8,14,39.6422,2.5367,0.008803734,0.007318856,0.208285649,1.49774929,C,5,13:14:20
808,8,14,39.7498,2.6443,0.009177442,0.007888109,0.208133059,1.54840925,C,5,13:14:26
809,8,14,39.859,2.7535,0.009556353,0.008484479,0.208209354,1.59922179,C,5,13:14:33
810,8,14,39.9693,2.8638,0.009939317,0.009106649,0.208438239,1.65003433,C,5,13:14:39
811,8,14,40.0812,2.9757,0.010327484,0.009756992,0.208361944,1.7005417,C,5,13:14:46
812,8,14,40.1935,3.088,0.010717386,0.010430018,0.208361944,1.75120165,C,5,13:14:53
813,8,14,40.307,3.2015,0.011111342,0.011129958,0.208209354,1.8018616,C,5,13:14:59
814,8,14,40.422,3.3165,0.011510501,0.011859368,0.208209354,1.85252155,C,5,13:15:06
815,8,14,40.5385,3.433,0.011914868,0.012618826,0.208285649,1.90363928,C,5,13:15:13
816,8,14,40.6565,3.551,0.012324437,0.013408881,0.208133059,1.95429923,C,5,13:15:20
817,8,14,40.775,3.6695,0.012735743,0.014223182,0.208285649,2.00495918,C,5,13:15:28
818,8,14,40.8952,3.7897,0.013152834,0.015070078,0.208285649,2.05592432,C,5,13:15:35
819,8,14,41.0165,3.911,0.013573972,0.015946596,0.208285649,2.10627909,C,5,13:15:42
820,8,14,41.1382,4.0327,0.013996273,0.016846875,0.208285649,2.15693904,C,5,13:15:49
821,8,14,41.2627,4.1572,0.014428408,0.017790005,0.208361944,2.20790417,C,5,13:15:57
822,8,14,41.3877,4.2822,0.014862275,0.018758983,0.208361944,2.25825895,C,5,13:16:04
823,8,14,41.5132,4.4077,0.01529788,0.01975381,0.208285649,2.30876631,C,5,13:16:12
824,8,14,41.6413,4.5358,0.015742739,0.02079225,0.208133059,2.35988403,C,5,13:16:20
825,8,14,41.7713,4.6658,0.016193966,0.021868516,0.208133059,2.41039139,C,5,13:16:27
826,8,14,41.9012,4.7957,0.016644609,0.022966182,0.208285649,2.46089876,C,5,13:16:35
827,8,14,42.0338,4.9283,0.017105088,0.024111071,0.208438239,2.51155871,C,5,13:16:43
828,8,14,42.1675,5.062,0.017569039,0.025288087,0.208209354,2.56191348,C,5,13:16:51
829,8,14,42.3013,5.1958,0.018033568,0.026489928,0.208361944,2.61226825,C,5,13:16:59
830,8,14,42.4383,5.3328,0.018509091,0.027744147,0.208361944,2.66262303,C,5,13:17:07
831,8,14,42.576,5.4705,0.018986921,0.029028551,0.208209354,2.71282521,C,5,13:17:16
832,8,14,42.7153,5.6098,0.019470539,0.030352835,0.208285649,2.76348516,C,5,13:17:24
833,8,14,42.8565,5.751,0.019960522,0.031719263,0.208438239,2.81399252,C,5,13:17:32
834,8,14,42.9993,5.8938,0.020456291,0.03312687,0.208285649,2.86449989,C,5,13:17:41
835,8,14,43.1438,6.0383,0.020957843,0.034576319,0.208209354,2.91515984,C,5,13:17:50
836,8,14,43.2897,6.1842,0.02146402,0.036064759,0.208438239,2.9656672,C,5,13:17:58
837,8,14,43.3897,6.2842,0.021811115,0.037100108,0.208285649,3,C,133,13:18:04
838,8,15,43.3905,0.0008,1.9741E-06,5.7891E-06,0.209582666,2.9328603,D,0,13:18:05
839,8,15,43.503,0.1133,0.000392473,0.0011408,0.208209354,2.88235294,D,5,13:18:12
840,8,15,43.6223,0.2327,0.000806672,0.002324087,0.208361944,2.8315404,D,5,13:18:19
841,8,15,43.7432,0.3535,0.001226078,0.003501016,0.208285649,2.78088045,D,5,13:18:26
842,8,15,43.8645,0.4748,0.00164722,0.00466145,0.208285649,2.73037308,D,5,13:18:33
843,8,15,43.9852,0.5955,0.002066051,0.005794322,0.208133059,2.67956054,D,5,13:18:41
844,8,15,44.1063,0.7167,0.002486612,0.006910561,0.208285649,2.62905318,D,5,13:18:48
845,8,15,44.2268,0.8372,0.00290486,0.007999458,0.208285649,2.57808804,D,5,13:18:55
846,8,15,44.347,0.9573,0.003321951,0.009064237,0.208209354,2.52788586,D,5,13:19:02
847,8,15,44.4665,1.0768,0.003736727,0.010102135,0.208361944,2.47722591,D,5,13:19:10
848,8,15,44.5858,1.1962,0.004150925,0.011117669,0.208209354,2.42656596,D,5,13:19:17
849,8,15,44.7048,1.3152,0.004563967,0.012109461,0.208285649,2.37605859,D,5,13:19:24
850,8,15,44.8235,1.4338,0.004975852,0.013077618,0.208361944,2.32539864,D,5,13:19:31
851,8,15,44.9417,1.552,0.005386005,0.014020972,0.208285649,2.27443351,D,5,13:19:38
852,8,15,45.0605,1.6708,0.005798471,0.01494867,0.208133059,2.22377356,D,5,13:19:45
853,8,15,45.177,1.7873,0.006202836,0.015837644,0.208209354,2.17326619,D,5,13:19:52
854,8,15,45.2942,1.9045,0.006609518,0.016711153,0.208209354,2.12260624,D,5,13:19:59
855,8,15,45.411,2.0213,0.00701504,0.017561553,0.208209354,2.07164111,D,5,13:20:06
856,8,15,45.5268,2.1372,0.007417091,0.018384255,0.208285649,2.02113375,D,5,13:20:13
857,8,15,45.642,2.2523,0.007816827,0.01918195,0.208209354,1.97047379,D,5,13:20:20
858,8,15,45.7562,2.3665,0.008213096,0.019952661,0.208209354,1.91996643,D,5,13:20:27
859,8,15,45.8695,2.4798,0.008606472,0.020697882,0.208285649,1.86930648,D,5,13:20:34
860,8,15,45.9827,2.593,0.008999269,0.021422144,0.208285649,1.81879911,D,5,13:20:40
861,8,15,46.095,2.7053,0.009389174,0.022121374,0.208133059,1.76798657,D,5,13:20:47
862,8,15,46.2077,2.818,0.009780234,0.022802845,0.208285649,1.71732662,D,5,13:20:54
863,8,15,46.3195,2.9298,0.0101684,0.023459548,0.208285649,1.66666667,D,5,13:21:01
864,8,15,46.4298,3.0402,0.01055136,0.024088106,0.208361944,1.6161593,D,5,13:21:07
865,8,15,46.5408,3.1512,0.010936636,0.024700962,0.208285649,1.56519417,D,5,13:21:14
866,8,15,46.6515,3.2618,0.011320756,0.025292417,0.208285649,1.51438163,D,5,13:21:21
867,8,15,46.7608,3.3712,0.011700245,0.025857491,0.208285649,1.46387427,D,5,13:21:27
868,8,15,46.8703,3.4807,0.012080311,0.026404153,0.208361944,1.41306172,D,5,13:21:34
869,8,15,46.9787,3.589,0.012456329,0.026925933,0.208285649,1.36240177,D,5,13:21:40
870,8,15,47.0872,3.6975,0.012832926,0.027429425,0.208361944,1.31189441,D,5,13:21:47
871,8,15,47.1938,3.8042,0.013203162,0.027905667,0.208361944,1.26138705,D,5,13:21:53
872,8,15,47.3003,3.9107,0.013572817,0.02836257,0.208361944,1.21103227,D,5,13:22:00
873,8,15,47.4065,4.0168,0.013941316,0.028799433,0.208133059,1.16037232,D,5,13:22:06
874,8,15,47.512,4.1223,0.014307502,0.029215048,0.208209354,1.10971237,D,5,13:22:12
875,8,15,47.6172,4.2275,0.014672531,0.029610868,0.208285649,1.059205,D,5,13:22:19
876,8,15,47.7217,4.332,0.015035244,0.02998579,0.208209354,1.00854505,D,5,13:22:25
877,8,15,47.8255,4.4358,0.015395645,0.030340066,0.208209354,0.9578851,D,5,13:22:31
878,8,15,47.9282,4.5385,0.015751997,0.030672334,0.208285649,0.90753033,D,5,13:22:37
879,8,15,48.0302,4.6405,0.016106034,0.030984572,0.208361944,0.85702296,D,5,13:22:43
880,8,15,48.1312,4.7415,0.016456599,0.031276078,0.208133059,0.8065156,D,5,13:22:49
881,8,15,48.2322,4.8425,0.016807164,0.031549833,0.208209354,0.75555047,D,5,13:22:55
882,8,15,48.3323,4.9427,0.017154836,0.031803679,0.208209354,0.70489052,D,5,13:23:01
883,8,15,48.4318,5.0422,0.017500196,0.032038312,0.208209354,0.65423056,D,5,13:23:07
884,8,15,48.5305,5.1408,0.017842666,0.032253589,0.208285649,0.60341802,D,5,13:23:13
885,8,15,48.6287,5.239,0.018183399,0.032450495,0.208209354,0.55245289,D,5,13:23:19
886,8,15,48.727,5.3373,0.01852471,0.032630361,0.208209354,0.50179294,D,5,13:23:25
887,8,15,48.8235,5.4338,0.018859656,0.032789858,0.208285649,0.45113298,D,5,13:23:31
888,8,15,48.9205,5.5308,0.019196339,0.032933148,0.208285649,0.40032044,D,5,13:23:37
889,8,15,49.0172,5.6275,0.019531866,0.033058895,0.208285649,0.34966049,D,5,13:23:43
890,8,15,49.1133,5.7237,0.019865655,0.033167059,0.208361944,0.29900053,D,5,13:23:48
891,8,15,49.2097,5.82,0.020200024,0.033258461,0.208438239,0.2480354,D,5,13:23:54
892,8,15,49.3065,5.9168,0.020536129,0.033333251,0.208133059,0.19752804,D,5,13:24:00
893,8,15,49.4028,6.0132,0.020870501,0.033390696,0.208361944,0.1467155,D,5,13:24:06
894,8,15,49.4997,6.11,0.021206602,0.033431425,0.208285649,0.09605554,D,5,13:24:12
895,8,15,49.5968,6.2072,0.021543863,0.033455211,0.208285649,0.04539559,D,5,13:24:17
896,8,15,49.6647,6.275,0.021779307,0.033461705,0.208133059,0.00999466,D,133,13:24:21
897,9,14,49.6655,0.0008,1.9741E-06,1.529E-07,0.209887846,0.07698177,C,0,13:24:22
898,9,14,49.7378,0.0732,0.000253054,2.60667E-05,0.208209354,0.12809949,C,5,13:24:26
899,9,14,49.8143,0.1497,0.000518584,6.69171E-05,0.208209354,0.17906462,C,5,13:24:31
900,9,14,49.8928,0.2282,0.000791052,0.000122697,0.208285649,0.23002976,C,5,13:24:36
901,9,14,49.9725,0.3078,0.001067571,0.000193399,0.208361944,0.28068971,C,5,13:24:40
902,9,14,50.0528,0.3882,0.001346405,0.00027885,0.208209354,0.33150225,C,5,13:24:45
903,9,14,50.1343,0.4697,0.001629285,0.000379912,0.208361944,0.38277256,C,5,13:24:50
904,9,14,50.2173,0.5527,0.001917377,0.00049753,0.208133059,0.43358511,C,5,13:24:55
905,9,14,50.3008,0.6362,0.0022072,0.000630649,0.208361944,0.48470283,C,5,13:25:00
906,9,14,50.3853,0.7207,0.002500494,0.000780325,0.208285649,0.53551537,C,5,13:25:05
907,9,14,50.4703,0.8057,0.002795525,0.000945879,0.208209354,0.58632792,C,5,13:25:10
908,9,14,50.5567,0.892,0.003095185,0.001129262,0.208209354,0.63714046,C,5,13:25:15
909,9,14,50.6442,0.9795,0.003398893,0.001330595,0.208285649,0.68810559,C,5,13:25:21
910,9,14,50.7328,1.0682,0.003706652,0.001550277,0.208209354,0.73907073,C,5,13:25:26
911,9,14,50.8223,1.1577,0.004017299,0.001787829,0.208209354,0.78988327,C,5,13:25:31
912,9,14,50.913,1.2483,0.004331997,0.00204446,0.208209354,0.84069581,C,5,13:25:37
913,9,14,51.0055,1.3408,0.004653062,0.002322615,0.208209354,0.89181353,C,5,13:25:42
914,9,14,51.0995,1.4348,0.00497933,0.002621953,0.208285649,0.94262608,C,5,13:25:48
915,9,14,51.1933,1.5287,0.005305019,0.002937284,0.208209354,0.99328603,C,5,13:25:54
916,9,14,51.2893,1.6247,0.00563823,0.003276761,0.208285649,1.04394598,C,5,13:25:59
917,9,14,51.386,1.7213,0.005973755,0.003635584,0.208209354,1.09445335,C,5,13:26:05
918,9,14,51.4843,1.8197,0.006315065,0.004017849,0.208285649,1.14526589,C,5,13:26:11
919,9,14,51.5843,1.9197,0.00666216,0.004424227,0.208361944,1.19592584,C,5,13:26:17
920,9,14,51.6852,2.0205,0.007012146,0.004851757,0.208209354,1.24673838,C,5,13:26:23
921,9,14,51.7877,2.123,0.00736792,0.005304407,0.208285649,1.29739834,C,5,13:26:29
922,9,14,51.8905,2.2258,0.00772485,0.005776642,0.208133059,1.3479057,C,5,13:26:35
923,9,14,51.9947,2.33,0.008086404,0.006273253,0.208285649,1.39856565,C,5,13:26:42
924,9,14,52.1005,2.4358,0.008453746,0.006796419,0.208209354,1.4492256,C,5,13:26:48
925,9,14,52.2067,2.542,0.008822245,0.007339874,0.208361944,1.49988556,C,5,13:26:54
926,9,14,52.315,2.6503,0.009198268,0.007913456,0.208209354,1.5506981,C,5,13:27:01
927,9,14,52.4238,2.7592,0.009576022,0.008508835,0.208133059,1.60120546,C,5,13:27:07
928,9,14,52.5338,2.8692,0.009957824,0.009129899,0.208133059,1.65186542,C,5,13:27:14
929,9,14,52.6453,2.9807,0.010344834,0.009779033,0.208361944,1.70252537,C,5,13:27:21
930,9,14,52.7582,3.0935,0.010736472,0.010455814,0.208285649,1.75318532,C,5,13:27:28
931,9,14,52.872,3.2073,0.011131583,0.011158628,0.208209354,1.80384527,C,5,13:27:34
932,9,14,52.9868,3.3222,0.011530164,0.011887817,0.208133059,1.85450523,C,5,13:27:41
933,9,14,53.1025,3.4378,0.011931639,0.012642598,0.208285649,1.90516518,C,5,13:27:48
934,9,14,53.2197,3.555,0.012338317,0.013427715,0.208209354,1.95582513,C,5,13:27:55
935,9,14,53.3383,3.6737,0.012750206,0.01424377,0.208285649,2.00633249,C,5,13:28:02
936,9,14,53.4575,3.7928,0.013163828,0.015084162,0.208285649,2.05699245,C,5,13:28:09
937,9,14,53.5788,3.9142,0.01358497,0.015961132,0.208285649,2.1076524,C,5,13:28:17
938,9,14,53.7013,4.0367,0.014010164,0.01686812,0.208209354,2.15831235,C,5,13:28:24
939,9,14,53.825,4.1603,0.014439402,0.01780548,0.208361944,2.2089723,C,5,13:28:32
940,9,14,53.9497,4.285,0.014872114,0.018772332,0.208133059,2.25932708,C,5,13:28:39
941,9,14,54.0753,4.4107,0.015308297,0.019768921,0.208133059,2.30983444,C,5,13:28:47
942,9,14,54.2025,4.5378,0.015749685,0.020799666,0.208361944,2.3603418,C,5,13:28:54
943,9,14,54.3312,4.6665,0.016196285,0.021865148,0.208285649,2.41069657,C,5,13:29:02
944,9,14,54.461,4.7963,0.016646933,0.02296298,0.208285649,2.46105135,C,5,13:29:10
945,9,14,54.5922,4.9275,0.017102204,0.024094993,0.208133059,2.5117113,C,5,13:29:18
946,9,14,54.727,5.0623,0.017570204,0.025282371,0.208361944,2.56267643,C,5,13:29:26
947,9,14,54.8628,5.1982,0.018041675,0.026502502,0.208361944,2.6130312,C,5,13:29:34
948,9,14,54.9988,5.3342,0.018513727,0.027747996,0.208133059,2.66353857,C,5,13:29:42
949,9,14,55.1372,5.4725,0.018993876,0.029039049,0.208361944,2.71419852,C,5,13:29:50
950,9,14,55.2777,5.613,0.019481544,0.03037502,0.208285649,2.76485847,C,5,13:29:59
951,9,14,55.4187,5.754,0.019970946,0.031740512,0.208361944,2.81506065,C,5,13:30:07
952,9,14,55.5608,5.8962,0.0204644,0.033142185,0.208361944,2.86572061,C,5,13:30:16
953,9,14,55.7043,6.0397,0.020962483,0.034582115,0.208361944,2.91622797,C,5,13:30:24
954,9,14,55.851,6.1863,0.021471556,0.036079593,0.208133059,2.96673533,C,5,13:30:33
955,9,14,55.9475,6.2828,0.021806502,0.037078901,0.208056764,3,C,133,13:30:39
956,9,15,55.9483,0.0008,1.9752E-06,5.7916E-06,0.2090486,2.9328603,D,0,13:30:39
957,9,15,56.0607,0.1132,0.000391895,0.001139116,0.208285649,2.88220035,D,5,13:30:46
958,9,15,56.1803,0.2328,0.000807255,0.002325675,0.208361944,2.8315404,D,5,13:30:53
959,9,15,56.301,0.3535,0.001226083,0.003500925,0.208361944,2.78088045,D,5,13:31:01
960,9,15,56.4223,0.4748,0.001647227,0.004661329,0.208133059,2.73037308,D,5,13:31:08
961,9,15,56.5428,0.5953,0.002065479,0.005792589,0.208209354,2.67940795,D,5,13:31:15
962,9,15,56.6637,0.7162,0.002484882,0.006905724,0.208285649,2.62890059,D,5,13:31:22
963,9,15,56.7842,0.8367,0.002903132,0.007994619,0.208285649,2.57839322,D,5,13:31:30
964,9,15,56.904,0.9565,0.003319068,0.009056481,0.208285649,2.52803845,D,5,13:31:37
965,9,15,57.0235,1.076,0.003733847,0.010094459,0.208209354,2.4773785,D,5,13:31:44
966,9,15,57.143,1.1955,0.004148624,0.011111472,0.208209354,2.42687114,D,5,13:31:51
967,9,15,57.262,1.3145,0.00456167,0.012103333,0.208361944,2.37621118,D,5,13:31:58
968,9,15,57.3803,1.4328,0.004972399,0.013068876,0.208361944,2.32585641,D,5,13:32:05
969,9,15,57.498,1.5505,0.005380815,0.01400837,0.208209354,2.27519646,D,5,13:32:12
970,9,15,57.6163,1.6688,0.005791544,0.0149324,0.208209354,2.22453651,D,5,13:32:20
971,9,15,57.7333,1.7858,0.006197647,0.015825443,0.208133059,2.17387655,D,5,13:32:27
972,9,15,57.8503,1.9028,0.00660375,0.016697924,0.208361944,2.1232166,D,5,13:32:34
973,9,15,57.9668,2.0193,0.007008114,0.017546126,0.208361944,2.07255665,D,5,13:32:41
974,9,15,58.082,2.1345,0.007407856,0.018364398,0.208133059,2.02204929,D,5,13:32:47
975,9,15,58.1967,2.2492,0.007805858,0.019159019,0.208133059,1.97154192,D,5,13:32:54
976,9,15,58.3108,2.3633,0.008202122,0.019930141,0.208209354,1.92088197,D,5,13:33:01
977,9,15,58.4243,2.4768,0.008596074,0.020676851,0.208133059,1.87037461,D,5,13:33:08
978,9,15,58.537,2.5895,0.008987133,0.02139834,0.208285649,1.81986725,D,5,13:33:15
979,9,15,58.6495,2.702,0.009377613,0.02209905,0.208361944,1.7690547,D,5,13:33:22
980,9,15,58.7613,2.8138,0.009765782,0.022775989,0.208438239,1.71869993,D,5,13:33:28
981,9,15,58.8732,2.9257,0.01015395,0.023433268,0.208285649,1.66819257,D,5,13:33:35
982,9,15,58.9838,3.0363,0.010538069,0.024064275,0.208285649,1.61768521,D,5,13:33:42
983,9,15,59.0943,3.1468,0.010921608,0.024674938,0.208209354,1.56702525,D,5,13:33:48
984,9,15,59.204,3.2565,0.011302256,0.02526174,0.208209354,1.5163653,D,5,13:33:55
985,9,15,59.314,3.3665,0.01168406,0.025830996,0.208285649,1.46585794,D,5,13:34:01
986,9,15,59.4232,3.4757,0.012062971,0.026376712,0.208209354,1.41474022,D,5,13:34:08
987,9,15,59.5322,3.5847,0.012441303,0.026902388,0.208285649,1.36423285,D,5,13:34:14
988,9,15,59.6403,3.6928,0.012816746,0.02740496,0.208209354,1.31326772,D,5,13:34:21
989,9,15,59.7478,3.8003,0.013189869,0.027885501,0.208285649,1.26276036,D,5,13:34:27
990,9,15,59.8545,3.907,0.013560105,0.028343595,0.208209354,1.21194781,D,5,13:34:34
991,9,15,59.9618,4.0143,0.013932653,0.028785601,0.208285649,1.16128786,D,5,13:34:40
992,9,15,60.0672,4.1197,0.014298259,0.029200824,0.208209354,1.1107805,D,5,13:34:47
993,9,15,60.1715,4.224,0.014660396,0.029593868,0.208514534,1.06027314,D,5,13:34:53
994,9,15,60.2763,4.3288,0.015024269,0.029970368,0.208361944,1.00961318,D,5,13:34:59
995,9,15,60.38,4.4325,0.015384094,0.030324445,0.208209354,0.95880064,D,5,13:35:05
996,9,15,60.4832,4.5357,0.01574218,0.030658674,0.208361944,0.90844587,D,5,13:35:12
997,9,15,60.585,4.6375,0.016095642,0.030970708,0.208285649,0.85763333,D,5,13:35:18
998,9,15,60.6867,4.7392,0.016448519,0.031264384,0.208209354,0.80697337,D,5,13:35:24
999,9,15,60.7878,4.8403,0.016799662,0.031538775,0.208209354,0.75631342,D,5,13:35:30
1000,9,15,60.8873,4.9398,0.017145024,0.031791158,0.208361944,0.70565347,D,5,13:35:36
1001,9,15,60.987,5.0395,0.017490961,0.032026466,0.208361944,0.65484092,D,5,13:35:42
1002,9,15,61.0858,5.1383,0.017834005,0.032242358,0.208438239,0.60402838,D,5,13:35:48
1003,9,15,61.1843,5.2368,0.018175892,0.032440156,0.208209354,0.55336843,D,5,13:35:54
1004,9,15,61.2813,5.3338,0.018512574,0.032617869,0.208285649,0.50270848,D,5,13:35:59
1005,9,15,61.3787,5.4312,0.018850413,0.032779102,0.208209354,0.45189593,D,5,13:36:05
1006,9,15,61.4757,5.5282,0.019187095,0.032922665,0.208285649,0.40108339,D,5,13:36:11
1007,9,15,61.5725,5.625,0.019523201,0.033048873,0.208361944,0.35011826,D,5,13:36:17
1008,9,15,61.6692,5.7217,0.019858725,0.033157796,0.208209354,0.29930571,D,5,13:36:23
1009,9,15,61.766,5.8185,0.02019483,0.033249784,0.208209354,0.24818799,D,5,13:36:29
1010,9,15,61.8632,5.9157,0.020532092,0.033324868,0.208361944,0.19707027,D,5,13:36:34
1011,9,15,61.9605,6.013,0.020869931,0.033382836,0.208209354,0.14625772,D,5,13:36:40
1012,9,15,62.0575,6.11,0.021206613,0.033423444,0.208133059,0.09529259,D,5,13:36:46
1013,9,15,62.155,6.2075,0.021545029,0.033447063,0.208209354,0.04463264,D,5,13:36:52
1014,9,15,62.2215,6.274,0.021775849,0.03345333,0.208209354,0.00999466,D,133,13:36:56
1015,10,19,62.2223,0.0008,0.000009062,1.8592E-06,1.042267491,0.20576791,C,0,13:36:56
1016,10,19,62.2383,0.0168,0.000286802,6.71596E-05,1.041580835,0.26070039,C,5,13:36:57
1017,10,19,62.2553,0.0338,0.000581888,0.000152425,1.04150454,0.31502251,C,5,13:36:58
1018,10,19,62.2725,0.051,0.000879865,0.00025475,1.04150454,0.36949722,C,5,13:36:59
1019,10,19,62.2898,0.0683,0.001180735,0.000374426,1.041428244,0.42397192,C,5,13:37:00
1020,10,19,62.3073,0.0858,0.001484499,0.00051178,1.041428244,0.47829404,C,5,13:37:01
1021,10,19,62.3248,0.1033,0.001788262,0.000665633,1.04150454,0.53261616,C,5,13:37:03
1022,10,19,62.3427,0.1212,0.00209781,0.000839247,1.04150454,0.58693828,C,5,13:37:04
1023,10,19,62.3605,0.139,0.002407361,0.001029693,1.04150454,0.64141299,C,5,13:37:05
1024,10,19,62.3785,0.157,0.002719803,0.001238859,1.041428244,0.69558251,C,5,13:37:06
1025,10,19,62.3967,0.1752,0.003035139,0.001467004,1.041580835,0.74959945,C,5,13:37:07
1026,10,19,62.415,0.1935,0.003353368,0.001714441,1.04150454,0.80361639,C,5,13:37:08
1027,10,19,62.4337,0.2122,0.003677383,0.00198391,1.04150454,0.85778592,C,5,13:37:09
1028,10,19,62.4525,0.231,0.00400429,0.002273472,1.041428244,0.91165026,C,5,13:37:10
1029,10,19,62.4715,0.25,0.004334091,0.002583409,1.041351949,0.96597238,C,5,13:37:11
1030,10,19,62.4908,0.2693,0.004669678,0.002916947,1.041428244,1.01983673,C,5,13:37:12
1031,10,19,62.5103,0.2888,0.005008159,0.003271636,1.041351949,1.07385367,C,5,13:37:14
1032,10,19,62.5302,0.3087,0.005352424,0.003650963,1.041580835,1.1278706,C,5,13:37:15
1033,10,19,62.5502,0.3287,0.005699583,0.004052227,1.041580835,1.18188754,C,5,13:37:16
1034,10,19,62.5703,0.3488,0.006049636,0.004475643,1.041580835,1.2355993,C,5,13:37:17
1035,10,19,62.5908,0.3693,0.006405474,0.004925181,1.04150454,1.28915846,C,5,13:37:18
1036,10,19,62.6113,0.3898,0.006761311,0.005393771,1.04150454,1.34271763,C,5,13:37:20
1037,10,19,62.6323,0.4108,0.007125827,0.005893274,1.04150454,1.3962768,C,5,13:37:21
1038,10,19,62.6535,0.432,0.007493238,0.006416487,1.041428244,1.44983597,C,5,13:37:22
1039,10,19,62.6748,0.4533,0.007863542,0.006963656,1.041428244,1.50339513,C,5,13:37:24
1040,10,19,62.6963,0.4748,0.008236737,0.007534994,1.041275654,1.55680171,C,5,13:37:25
1041,10,19,62.7182,0.4967,0.008615718,0.008135454,1.041580835,1.61020829,C,5,13:37:26
1042,10,19,62.74,0.5185,0.008994699,0.008756098,1.04150454,1.66315709,C,5,13:37:27
1043,10,19,62.762,0.5405,0.009376574,0.009401689,1.04150454,1.71625849,C,5,13:37:29
1044,10,19,62.7845,0.563,0.009767129,0.010082739,1.04150454,1.76981765,C,5,13:37:30
1045,10,19,62.8072,0.5857,0.010160575,0.010789869,1.04165713,1.82307164,C,5,13:37:31
1046,10,19,62.83,0.6085,0.010556915,0.011523315,1.041580835,1.87632563,C,5,13:37:33
1047,10,19,62.8532,0.6317,0.01095904,0.012288927,1.041580835,1.9297322,C,5,13:37:34
1048,10,19,62.8763,0.6548,0.011361164,0.01307594,1.041351949,1.98268101,C,5,13:37:36
1049,10,19,62.8997,0.6782,0.011766183,0.013890041,1.041428244,2.03547723,C,5,13:37:37
1050,10,19,62.9233,0.7018,0.012176988,0.014737493,1.041275654,2.08842603,C,5,13:37:38
1051,10,19,62.9472,0.7257,0.012590685,0.015612812,1.041351949,2.14152743,C,5,13:37:40
1052,10,19,62.9713,0.7498,0.013010169,0.016522602,1.041428244,2.19462882,C,5,13:37:41
1053,10,19,62.9958,0.7743,0.013435437,0.017467529,1.041580835,2.24788281,C,5,13:37:43
1054,10,19,63.0205,0.799,0.013863599,0.018441658,1.041428244,2.30083162,C,5,13:37:44
1055,10,19,63.0453,0.8238,0.014294656,0.019445182,1.041351949,2.35393301,C,5,13:37:46
1056,10,19,63.0707,0.8492,0.01473439,0.020492204,1.041351949,2.40703441,C,5,13:37:47
1057,10,19,63.096,0.8745,0.015174125,0.02156252,1.041275654,2.45952544,C,5,13:37:49
1058,10,19,63.1217,0.9002,0.015619644,0.022670426,1.04150454,2.51232166,C,5,13:37:50
1059,10,19,63.1475,0.926,0.016068058,0.023809161,1.04165713,2.56496529,C,5,13:37:52
1060,10,19,63.1737,0.9522,0.016522257,0.024986479,1.041428244,2.61760891,C,5,13:37:53
1061,10,19,63.2,0.9785,0.016979348,0.026195346,1.04150454,2.67009995,C,5,13:37:55
1062,10,19,63.2268,1.0053,0.017445119,0.027451615,1.04150454,2.72320134,C,5,13:37:57
1063,10,19,63.254,1.0325,0.017916677,0.028748378,1.041428244,2.77584497,C,5,13:37:58
1064,10,19,63.2815,1.06,0.018394019,0.030086242,1.04165713,2.82848859,C,5,13:38:00
1065,10,19,63.3092,1.0877,0.018874256,0.031457578,1.041351949,2.8814374,C,5,13:38:02
1066,10,19,63.3373,1.1158,0.019363172,0.032879473,1.04150454,2.93408103,C,5,13:38:03
1067,10,19,63.3658,1.1443,0.019857872,0.034344357,1.041580835,2.98687724,C,5,13:38:05
1068,10,19,63.373,1.1515,0.019982271,0.034716832,1.041428244,3.00015259,C,133,13:38:05
1069,10,20,63.3738,0.0008,9.0215E-06,2.40784E-05,1.042572671,2.66887922,D,0,13:38:06
1070,10,20,63.3947,0.0217,0.000370659,0.000978363,1.041428244,2.61547265,D,5,13:38:07
1071,10,20,63.4188,0.0458,0.000790141,0.002063935,1.041580835,2.56206607,D,5,13:38:09
1072,10,20,63.4432,0.0702,0.001212518,0.00313467,1.04150454,2.50942245,D,5,13:38:10
1073,10,20,63.4677,0.0947,0.00163779,0.004190203,1.041580835,2.45632105,D,5,13:38:12
1074,10,20,63.492,0.119,0.002060166,0.005216161,1.041428244,2.40337224,D,5,13:38:13
1075,10,20,63.5163,0.1433,0.002482542,0.006219783,1.04150454,2.35027085,D,5,13:38:15
1076,10,20,63.5407,0.1677,0.002904919,0.007200982,1.04150454,2.29716945,D,5,13:38:16
1077,10,20,63.5648,0.1918,0.003324401,0.008153205,1.04150454,2.24422065,D,5,13:38:17
1078,10,20,63.5888,0.2158,0.003740991,0.009076805,1.041428244,2.19127184,D,5,13:38:19
1079,10,20,63.6128,0.2398,0.00415758,0.009978309,1.04150454,2.13832303,D,5,13:38:20
1080,10,20,63.6367,0.2637,0.004571279,0.010851618,1.04150454,2.08506905,D,5,13:38:22
1081,10,20,63.6605,0.2875,0.004984976,0.011702916,1.041428244,2.03181506,D,5,13:38:23
1082,10,20,63.684,0.311,0.005392888,0.01252062,1.041428244,1.97886625,D,5,13:38:25
1083,10,20,63.7075,0.3345,0.005800799,0.013316683,1.04150454,1.92561227,D,5,13:38:26
1084,10,20,63.731,0.358,0.00620871,0.014091009,1.041351949,1.87220569,D,5,13:38:27
1085,10,20,63.7543,0.3813,0.006613728,0.014838188,1.04150454,1.81879911,D,5,13:38:29
1086,10,20,63.7775,0.4045,0.007015853,0.015558528,1.041351949,1.76539254,D,5,13:38:30
1087,10,20,63.8003,0.4273,0.007412192,0.016247379,1.041428244,1.71229114,D,5,13:38:32
1088,10,20,63.8232,0.4502,0.007808531,0.016915152,1.041580835,1.65903716,D,5,13:38:33
1089,10,20,63.8458,0.4728,0.008201978,0.017557117,1.04150454,1.60578317,D,5,13:38:34
1090,10,20,63.8683,0.4953,0.008592532,0.018173558,1.041275654,1.55252918,D,5,13:38:36
1091,10,20,63.8907,0.5177,0.008980193,0.01876475,1.041580835,1.49912261,D,5,13:38:37
1092,10,20,63.913,0.54,0.009367854,0.019335233,1.041351949,1.44556344,D,5,13:38:38
1093,10,20,63.9352,0.5622,0.009752622,0.019880845,1.04150454,1.39230945,D,5,13:38:40
1094,10,20,63.957,0.584,0.010131605,0.020398058,1.041580835,1.33920806,D,5,13:38:41
1095,10,20,63.9787,0.6057,0.010507694,0.020891413,1.04150454,1.28595407,D,5,13:38:42
1096,10,20,64.0005,0.6275,0.010886676,0.021368297,1.041428244,1.23224231,D,5,13:38:44
1097,10,20,64.0222,0.6492,0.011262763,0.021821331,1.041428244,1.17822538,D,5,13:38:45
1098,10,20,64.0438,0.6708,0.011638852,0.022254179,1.041428244,1.12466621,D,5,13:38:46
1099,10,20,64.0652,0.6922,0.012009156,0.022660449,1.041428244,1.07125963,D,5,13:38:47
1100,10,20,64.0863,0.7133,0.012376566,0.02304386,1.041428244,1.01739528,D,5,13:38:49
1101,10,20,64.1075,0.7345,0.012743974,0.023407544,1.041428244,0.96368353,D,5,13:38:50
1102,10,20,64.1285,0.7555,0.01310849,0.023748703,1.041580835,0.90981918,D,5,13:38:51
1103,10,20,64.1492,0.7762,0.013467222,0.024065162,1.04150454,0.85610742,D,5,13:38:52
1104,10,20,64.1697,0.7967,0.013823059,0.024360028,1.041428244,0.80270085,D,5,13:38:54
1105,10,20,64.1902,0.8172,0.014178897,0.024635775,1.04150454,0.7488365,D,5,13:38:55
1106,10,20,64.2105,0.8375,0.014531842,0.024890278,1.04150454,0.69481956,D,5,13:38:56
1107,10,20,64.2307,0.8577,0.014881894,0.025123839,1.041428244,0.64095521,D,5,13:38:57
1108,10,20,64.2507,0.8777,0.015229053,0.025336751,1.041580835,0.58724346,D,5,13:38:59
1109,10,20,64.2705,0.8975,0.015573319,0.025529338,1.04165713,0.5335317,D,5,13:39:00
1110,10,20,64.2902,0.9172,0.015914692,0.025701956,1.041351949,0.47997253,D,5,13:39:01
1111,10,20,64.3097,0.9367,0.016253172,0.025854933,1.041428244,0.42610819,D,5,13:39:02
1112,10,20,64.3292,0.9562,0.016591651,0.025989707,1.04150454,0.37193866,D,5,13:39:03
1113,10,20,64.3487,0.9757,0.016930129,0.02610618,1.041428244,0.31792172,D,5,13:39:04
1114,10,20,64.368,0.995,0.017265716,0.026203497,1.041351949,0.26405737,D,5,13:39:06
1115,10,20,64.3872,1.0142,0.017598409,0.026282108,1.04150454,0.21049821,D,5,13:39:07
1116,10,20,64.4065,1.0335,0.017933995,0.026343337,1.04150454,0.15648127,D,5,13:39:08
1117,10,20,64.4258,1.0528,0.01826958,0.02638643,1.04150454,0.10231174,D,5,13:39:09
1118,10,20,64.4452,1.0722,0.018605167,0.026411385,1.041428244,0.04844739,D,5,13:39:10
1119,10,20,64.459,1.086,0.018845284,0.026418132,1.04150454,0.00984207,D,133,13:39:11
1120,11,19,64.4598,0.0008,9.0232E-06,3.0422E-06,1.042801556,0.33806363,C,0,13:39:12
1121,11,19,64.4748,0.0158,0.000269405,9.86914E-05,1.041580835,0.39269093,C,5,13:39:13
1122,11,19,64.4912,0.0322,0.00055292,0.000218124,1.04150454,0.44731823,C,5,13:39:14
1123,11,19,64.5078,0.0488,0.000842219,0.000355775,1.041275654,0.50209812,C,5,13:39:15
1124,11,19,64.5248,0.0658,0.001137303,0.000512288,1.041428244,0.55642023,C,5,13:39:16
1125,11,19,64.5418,0.0828,0.001432388,0.000684833,1.04150454,0.61058976,C,5,13:39:17
1126,11,19,64.5592,0.1002,0.001733258,0.000877039,1.041580835,0.66491188,C,5,13:39:18
1127,11,19,64.5768,0.1178,0.002039915,0.001089586,1.041428244,0.71953918,C,5,13:39:19
1128,11,19,64.5947,0.1357,0.002349466,0.001320992,1.041428244,0.77370871,C,5,13:39:20
1129,11,19,64.6127,0.1537,0.002661909,0.001571515,1.041275654,0.82803082,C,5,13:39:21
1130,11,19,64.631,0.172,0.002980137,0.001843943,1.041428244,0.88235294,C,5,13:39:22
1131,11,19,64.6495,0.1905,0.00330126,0.002136291,1.041428244,0.93636988,C,5,13:39:23
1132,11,19,64.6683,0.2093,0.003628168,0.002451619,1.041428244,0.99084459,C,5,13:39:24
1133,11,19,64.6875,0.2285,0.003960863,0.002790618,1.041199359,1.04501411,C,5,13:39:25
1134,11,19,64.7065,0.2475,0.004290662,0.003144432,1.041351949,1.09872587,C,5,13:39:26
1135,11,19,64.726,0.267,0.004629142,0.003525699,1.041351949,1.15259022,C,5,13:39:28
1136,11,19,64.7457,0.2867,0.004970515,0.003928611,1.041428244,1.20630198,C,5,13:39:29
1137,11,19,64.7657,0.3067,0.005317674,0.004357023,1.04165713,1.26016632,C,5,13:39:30
1138,11,19,64.786,0.327,0.005670619,0.004811605,1.04150454,1.31418326,C,5,13:39:31
1139,11,19,64.8065,0.3475,0.006026456,0.005289142,1.04150454,1.36789502,C,5,13:39:32
1140,11,19,64.827,0.368,0.006382294,0.00578575,1.041275654,1.42145418,C,5,13:39:34
1141,11,19,64.848,0.389,0.00674681,0.006313956,1.041428244,1.47501335,C,5,13:39:35
1142,11,19,64.8692,0.4102,0.007114219,0.006866056,1.041428244,1.52857252,C,5,13:39:36
1143,11,19,64.8905,0.4315,0.007484522,0.007442309,1.041580835,1.5818265,C,5,13:39:37
1144,11,19,64.9118,0.4528,0.007854825,0.008038245,1.04150454,1.6349279,C,5,13:39:39
1145,11,19,64.9337,0.4747,0.008233806,0.008668315,1.041428244,1.68848707,C,5,13:39:40
1146,11,19,64.9557,0.4967,0.008615681,0.009323597,1.041428244,1.74189364,C,5,13:39:41
1147,11,19,64.978,0.519,0.009003343,0.010009538,1.04150454,1.7956054,C,5,13:39:43
1148,11,19,65.0007,0.5417,0.00939679,0.010726868,1.04150454,1.84916457,C,5,13:39:44
1149,11,19,65.0233,0.5643,0.009790236,0.011465258,1.041428244,1.90257115,C,5,13:39:45
1150,11,19,65.0462,0.5872,0.010186574,0.012230175,1.04150454,1.95597772,C,5,13:39:47
1151,11,19,65.0695,0.6105,0.010591592,0.013033502,1.041428244,2.00953689,C,5,13:39:48
1152,11,19,65.0928,0.6338,0.01099661,0.013858471,1.04150454,2.06248569,C,5,13:39:50
1153,11,19,65.1162,0.6572,0.011401629,0.014704889,1.04150454,2.1154345,C,5,13:39:51
1154,11,19,65.14,0.681,0.011815326,0.015591399,1.041428244,2.16884108,C,5,13:39:52
1155,11,19,65.1642,0.7052,0.012234809,0.016512649,1.04150454,2.22194247,C,5,13:39:54
1156,11,19,65.1883,0.7293,0.012654293,0.017456169,1.041351949,2.27489128,C,5,13:39:55
1157,11,19,65.2128,0.7538,0.013079562,0.018435219,1.04150454,2.32784009,C,5,13:39:57
1158,11,19,65.2375,0.7785,0.013507725,0.019443578,1.041351949,2.3806363,C,5,13:39:58
1159,11,19,65.2623,0.8033,0.013938779,0.020481472,1.041580835,2.43358511,C,5,13:40:00
1160,11,19,65.2877,0.8287,0.014378513,0.021563486,1.041351949,2.48638132,C,5,13:40:01
1161,11,19,65.3132,0.8542,0.014821139,0.022676077,1.041275654,2.53917754,C,5,13:40:03
1162,11,19,65.339,0.88,0.015269554,0.023826946,1.041428244,2.59227893,C,5,13:40:04
1163,11,19,65.3652,0.9062,0.015723752,0.025016682,1.041580835,2.64538033,C,5,13:40:06
1164,11,19,65.3917,0.9327,0.016183739,0.026245912,1.041351949,2.69802396,C,5,13:40:08
1165,11,19,65.4183,0.9593,0.016646617,0.027507326,1.041428244,2.75082017,C,5,13:40:09
1166,11,19,65.4455,0.9865,0.017118174,0.028817279,1.04150454,2.80376898,C,5,13:40:11
1167,11,19,65.4728,1.0138,0.017592624,0.030160296,1.041580835,2.85656519,C,5,13:40:12
1168,11,19,65.5007,1.0417,0.018075754,0.031553426,1.04150454,2.90920882,C,5,13:40:14
1169,11,19,65.5285,1.0695,0.018558883,0.032971977,1.04150454,2.96185245,C,5,13:40:16
1170,11,19,65.5492,1.0902,0.018917614,0.034041567,1.041428244,3.00015259,C,133,13:40:17
1171,11,20,65.55,0.0008,9.0219E-06,2.40924E-05,1.042954147,2.67009995,D,0,13:40:18
1172,11,20,65.5707,0.0215,0.000367767,0.000971215,1.04150454,2.61699855,D,5,13:40:19
1173,11,20,65.5948,0.0457,0.000787251,0.002057488,1.041428244,2.56374456,D,5,13:40:20
1174,11,20,65.6193,0.0702,0.001212521,0.003136217,1.041428244,2.51079576,D,5,13:40:22
1175,11,20,65.6438,0.0947,0.00163779,0.004192364,1.04150454,2.45799954,D,5,13:40:23
1176,11,20,65.6683,0.1192,0.00206306,0.005225978,1.04150454,2.40474556,D,5,13:40:25
1177,11,20,65.6927,0.1435,0.002485436,0.006230176,1.041428244,2.35179675,D,5,13:40:26
1178,11,20,65.717,0.1678,0.002907812,0.007211983,1.04150454,2.29854276,D,5,13:40:28
1179,11,20,65.7413,0.1922,0.003330188,0.008171325,1.04150454,2.24513619,D,5,13:40:29
1180,11,20,65.7655,0.2163,0.003749672,0.009101784,1.04150454,2.19233997,D,5,13:40:30
1181,11,20,65.7895,0.2403,0.004166263,0.010003683,1.041428244,2.13923857,D,5,13:40:32
1182,11,20,65.8133,0.2642,0.00457996,0.010877396,1.04150454,2.08613718,D,5,13:40:33
1183,11,20,65.8372,0.288,0.004993657,0.011729146,1.04150454,2.03288319,D,5,13:40:35
1184,11,20,65.8608,0.3117,0.005404462,0.012553045,1.04150454,1.9797818,D,5,13:40:36
1185,11,20,65.8843,0.3352,0.005812374,0.013349462,1.041428244,1.9266804,D,5,13:40:38
1186,11,20,65.9077,0.3585,0.006217392,0.01411872,1.041428244,1.87342641,D,5,13:40:39
1187,11,20,65.9308,0.3817,0.006619518,0.014861152,1.041428244,1.82047761,D,5,13:40:40
1188,11,20,65.9538,0.4047,0.007018751,0.015577077,1.041580835,1.7675288,D,5,13:40:42
1189,11,20,65.9768,0.4277,0.007417984,0.016271787,1.041580835,1.71412222,D,5,13:40:43
1190,11,20,65.9995,0.4503,0.007811431,0.016935508,1.041580835,1.66132601,D,5,13:40:45
1191,11,20,66.0222,0.473,0.008204878,0.017578336,1.041428244,1.60776684,D,5,13:40:46
1192,11,20,66.0447,0.4955,0.008595431,0.018195602,1.041428244,1.55436027,D,5,13:40:47
1193,11,20,66.0672,0.518,0.008985985,0.018791978,1.041580835,1.5008011,D,5,13:40:49
1194,11,20,66.0893,0.5402,0.009370754,0.019358998,1.041428244,1.44785229,D,5,13:40:50
1195,11,20,66.1113,0.5622,0.009752628,0.019901423,1.04150454,1.39444572,D,5,13:40:51
1196,11,20,66.1333,0.5842,0.010134503,0.02042351,1.041428244,1.34134432,D,5,13:40:53
1197,11,20,66.1553,0.6062,0.010516375,0.020925158,1.041351949,1.28778515,D,5,13:40:54
1198,11,20,66.177,0.6278,0.010892464,0.021399032,1.04150454,1.23392081,D,5,13:40:55
1199,11,20,66.1987,0.6495,0.011268552,0.021852767,1.041428244,1.18051423,D,5,13:40:56
1200,11,20,66.2202,0.671,0.011641747,0.02228302,1.04150454,1.12680247,D,5,13:40:58
1201,11,20,66.2417,0.6925,0.012014942,0.022693234,1.041428244,1.07309071,D,5,13:40:59
1202,11,20,66.2628,0.7137,0.012382352,0.023077368,1.041580835,1.01953155,D,5,13:41:00
1203,11,20,66.284,0.7348,0.012749761,0.023441799,1.041275654,0.9656672,D,5,13:41:02
1204,11,20,66.305,0.7558,0.013114276,0.023783714,1.041428244,0.91180285,D,5,13:41:03
1205,11,20,66.3258,0.7767,0.0134759,0.024103432,1.041428244,0.8580911,D,5,13:41:04
1206,11,20,66.3465,0.7973,0.013834631,0.024401278,1.041580835,0.80407416,D,5,13:41:05
1207,11,20,66.367,0.8178,0.014190468,0.024677563,1.041428244,0.7503624,D,5,13:41:07
1208,11,20,66.3873,0.8382,0.014543412,0.024932586,1.041428244,0.69649805,D,5,13:41:08
1209,11,20,66.4075,0.8583,0.014893465,0.025166689,1.041580835,0.64263371,D,5,13:41:09
1210,11,20,66.4277,0.8785,0.015243516,0.025381886,1.04150454,0.58861677,D,5,13:41:10
1211,11,20,66.4473,0.8982,0.015584888,0.025573349,1.04150454,0.5350576,D,5,13:41:11
1212,11,20,66.4672,0.918,0.015929154,0.025747948,1.041580835,0.48088808,D,5,13:41:13
1213,11,20,66.4868,0.9377,0.016270526,0.025902611,1.04150454,0.42702373,D,5,13:41:14
1214,11,20,66.5063,0.9572,0.016609006,0.026037718,1.041351949,0.37315938,D,5,13:41:15
1215,11,20,66.5258,0.9767,0.016947486,0.026154585,1.041275654,0.31914244,D,5,13:41:16
1216,11,20,66.5452,0.996,0.017283071,0.026252327,1.04150454,0.2652781,D,5,13:41:17
1217,11,20,66.5645,1.0153,0.017618656,0.026331973,1.041580835,0.21126116,D,5,13:41:18
1218,11,20,66.5838,1.0347,0.017954244,0.026393506,1.041199359,0.1575494,D,5,13:41:20
1219,11,20,66.603,1.0538,0.018286938,0.026436644,1.04150454,0.10399023,D,5,13:41:21
1220,11,20,66.6222,1.073,0.018619631,0.026461989,1.041428244,0.05043107,D,5,13:41:22
1221,11,20,66.6368,1.0877,0.018874212,0.026469407,1.04150454,0.00968948,D,133,13:41:23
1222,12,19,66.6377,0.0008,0.000009021,3.0336E-06,1.043106737,0.33714809,C,0,13:41:23
1223,12,19,66.6528,0.016,0.000272298,9.95915E-05,1.041428244,0.39223316,C,5,13:41:24
1224,12,19,66.669,0.0322,0.000552918,0.000217657,1.041351949,0.44655528,C,5,13:41:25
1225,12,19,66.6857,0.0488,0.000842218,0.000355086,1.041351949,0.50133516,C,5,13:41:26
1226,12,19,66.7027,0.0658,0.001137302,0.000511373,1.04150454,0.55596246,C,5,13:41:27
1227,12,19,66.7198,0.083,0.001435281,0.000685462,1.04150454,0.61013199,C,5,13:41:28
1228,12,19,66.7372,0.1003,0.001736152,0.000877612,1.04150454,0.66491188,C,5,13:41:29
1229,12,19,66.7548,0.118,0.002042808,0.001090153,1.04150454,0.719234,C,5,13:41:30
1230,12,19,66.7727,0.1358,0.002352357,0.001321561,1.041580835,0.77370871,C,5,13:41:31
1231,12,19,66.7907,0.1538,0.0026648,0.001572087,1.041428244,0.82787823,C,5,13:41:32
1232,12,19,66.8088,0.172,0.002980135,0.001841984,1.041580835,0.88189517,C,5,13:41:34
1233,12,19,66.8273,0.1905,0.003301257,0.0021342,1.041428244,0.9360647,C,5,13:41:35
1234,12,19,66.846,0.2092,0.003625271,0.002446521,1.041351949,0.98992905,C,5,13:41:36
1235,12,19,66.865,0.2282,0.003955072,0.002782222,1.04150454,1.04379339,C,5,13:41:37
1236,12,19,66.8843,0.2475,0.004290657,0.003141975,1.04165713,1.09811551,C,5,13:41:38
1237,12,19,66.9038,0.267,0.004629138,0.003523131,1.041428244,1.15213245,C,5,13:41:39
1238,12,19,66.9235,0.2867,0.00497051,0.003925943,1.04150454,1.20584421,C,5,13:41:40
1239,12,19,66.9435,0.3067,0.005317668,0.004354244,1.041428244,1.25986114,C,5,13:41:42
1240,12,19,66.9637,0.3268,0.00566772,0.004804935,1.04150454,1.31342031,C,5,13:41:43
1241,12,19,66.984,0.3472,0.006020665,0.005278242,1.041351949,1.3666743,C,5,13:41:44
1242,12,19,67.0047,0.3678,0.006379396,0.005778532,1.041428244,1.42038605,C,5,13:41:45
1243,12,19,67.0255,0.3887,0.006741019,0.006302195,1.041428244,1.47394522,C,5,13:41:47
1244,12,19,67.0467,0.4098,0.007108428,0.006853898,1.041580835,1.52750439,C,5,13:41:48
1245,12,19,67.068,0.4312,0.007478732,0.007429774,1.04150454,1.58106355,C,5,13:41:49
1246,12,19,67.0897,0.4528,0.007854821,0.008034812,1.04150454,1.6349279,C,5,13:41:50
1247,12,19,67.1115,0.4747,0.008233803,0.008664849,1.041580835,1.68833448,C,5,13:41:52
1248,12,19,67.1335,0.4967,0.008615677,0.009320121,1.041275654,1.74158846,C,5,13:41:53
1249,12,19,67.1557,0.5188,0.009000444,0.010000899,1.04150454,1.79499504,C,5,13:41:54
1250,12,19,67.178,0.5412,0.009388104,0.010707417,1.041351949,1.84824903,C,5,13:41:56
1251,12,19,67.2007,0.5638,0.009781551,0.011445455,1.041580835,1.9016556,C,5,13:41:57
1252,12,19,67.2235,0.5867,0.01017789,0.012210003,1.04165713,1.954757,C,5,13:41:58
1253,12,19,67.2465,0.6097,0.010577123,0.013001359,1.041428244,2.0078584,C,5,13:42:00
1254,12,19,67.2697,0.6328,0.010979248,0.01381974,1.04150454,2.0608072,C,5,13:42:01
1255,12,19,67.2932,0.6563,0.011387159,0.014671549,1.04150454,2.1139086,C,5,13:42:03
1256,12,19,67.317,0.6802,0.011800857,0.015557428,1.04150454,2.16731518,C,5,13:42:04
1257,12,19,67.341,0.7042,0.012217448,0.016471698,1.041580835,2.22041657,C,5,13:42:06
1258,12,19,67.3652,0.7283,0.012636932,0.017414618,1.041428244,2.27351797,C,5,13:42:07
1259,12,19,67.3897,0.7528,0.013062201,0.018393122,1.04150454,2.32677195,C,5,13:42:08
1260,12,19,67.4143,0.7775,0.013490365,0.019401002,1.04150454,2.37956817,C,5,13:42:10
1261,12,19,67.4392,0.8023,0.013921421,0.020438458,1.041428244,2.43236439,C,5,13:42:11
1262,12,19,67.4642,0.8273,0.014355369,0.021505764,1.041580835,2.48500801,C,5,13:42:13
1263,12,19,67.4895,0.8527,0.014795104,0.022610482,1.04150454,2.53780423,C,5,13:42:14
1264,12,19,67.5152,0.8783,0.015240625,0.023753202,1.04150454,2.59029526,C,5,13:42:16
1265,12,19,67.5412,0.9043,0.015691931,0.024934514,1.041580835,2.64324407,C,5,13:42:18
1266,12,19,67.5677,0.9308,0.016151916,0.02616282,1.041428244,2.69634546,C,5,13:42:19
1267,12,19,67.5943,0.9575,0.016614793,0.027423357,1.04165713,2.7488365,C,5,13:42:21
1268,12,19,67.6212,0.9843,0.017080564,0.028716251,1.041351949,2.80148013,C,5,13:42:22
1269,12,19,67.6485,1.0117,0.017555013,0.030058187,1.041351949,2.85397116,C,5,13:42:24
1270,12,19,67.6762,1.0393,0.018035249,0.031441861,1.04150454,2.90691997,C,5,13:42:26
1271,12,19,67.704,1.0672,0.018518379,0.03285935,1.041428244,2.95956359,C,5,13:42:27
1272,12,19,67.7257,1.0888,0.018894469,0.033980202,1.041199359,3,C,133,13:42:29
1273,12,20,67.7265,0.0008,9.0213E-06,0.000024083,1.042191196,2.66887922,D,0,13:42:29
1274,12,20,67.7475,0.0218,0.000373552,0.000986187,1.041428244,2.61608301,D,5,13:42:30
1275,12,20,67.7715,0.0458,0.000790141,0.002064569,1.04150454,2.5631342,D,5,13:42:32
1276,12,20,67.7958,0.0702,0.001212517,0.003135691,1.041580835,2.5101854,D,5,13:42:33
1277,12,20,67.8202,0.0945,0.001634894,0.004184547,1.041580835,2.45738918,D,5,13:42:35
1278,12,20,67.8447,0.119,0.002060164,0.005218087,1.041351949,2.40444038,D,5,13:42:36
1279,12,20,67.8692,0.1435,0.002485431,0.006229043,1.04150454,2.3510338,D,5,13:42:38
1280,12,20,67.8937,0.168,0.002910701,0.007217343,1.04150454,2.29777981,D,5,13:42:39
1281,12,20,67.9178,0.1922,0.003330185,0.008169906,1.04150454,2.24483101,D,5,13:42:41
1282,12,20,67.942,0.2163,0.003749669,0.009100224,1.041428244,2.19203479,D,5,13:42:42
1283,12,20,67.966,0.2403,0.004166258,0.010002006,1.041580835,2.13862821,D,5,13:42:44
1284,12,20,67.99,0.2643,0.004582849,0.010881629,1.04165713,2.08537423,D,5,13:42:45
1285,12,20,68.0138,0.2882,0.004996546,0.011733087,1.041351949,2.03212024,D,5,13:42:46
1286,12,20,68.0375,0.3118,0.005407349,0.012556699,1.041580835,1.97901884,D,5,13:42:48
1287,12,20,68.0612,0.3355,0.005818154,0.013358426,1.04150454,1.92530709,D,5,13:42:49
1288,12,20,68.0847,0.359,0.006226065,0.01413267,1.041428244,1.87190051,D,5,13:42:51
1289,12,20,68.1082,0.3825,0.006633976,0.014885055,1.04150454,1.81834134,D,5,13:42:52
1290,12,20,68.1312,0.4055,0.007033208,0.01560008,1.041428244,1.76493477,D,5,13:42:53
1291,12,20,68.1542,0.4285,0.00743244,0.016293872,1.041428244,1.71198596,D,5,13:42:55
1292,12,20,68.1768,0.4512,0.007825885,0.016956648,1.041580835,1.65888457,D,5,13:42:56
1293,12,20,68.1995,0.4738,0.008219333,0.017598486,1.041428244,1.60547799,D,5,13:42:58
1294,12,20,68.222,0.4963,0.008609886,0.018214811,1.04150454,1.55252918,D,5,13:42:59
1295,12,20,68.2442,0.5185,0.008994653,0.018801608,1.04150454,1.4992752,D,5,13:43:00
1296,12,20,68.2665,0.5408,0.009382315,0.019372204,1.041428244,1.4461738,D,5,13:43:02
1297,12,20,68.2887,0.563,0.009767082,0.019917943,1.041351949,1.39261463,D,5,13:43:03
1298,12,20,68.3107,0.585,0.010148957,0.020439155,1.041428244,1.33920806,D,5,13:43:04
1299,12,20,68.3325,0.6068,0.010527939,0.020936203,1.041428244,1.28564889,D,5,13:43:05
1300,12,20,68.3543,0.6287,0.01090692,0.021412955,1.041428244,1.23193713,D,5,13:43:07
1301,12,20,68.376,0.6503,0.011283009,0.021865898,1.041351949,1.17822538,D,5,13:43:08
1302,12,20,68.3975,0.6718,0.011656204,0.022295356,1.04150454,1.1248188,D,5,13:43:09
1303,12,20,68.4188,0.6932,0.012026507,0.022701668,1.041580835,1.07125963,D,5,13:43:11
1304,12,20,68.44,0.7143,0.012393915,0.02308512,1.041351949,1.01754788,D,5,13:43:12
1305,12,20,68.4612,0.7355,0.012761325,0.023448867,1.041428244,0.96383612,D,5,13:43:13
1306,12,20,68.4822,0.7565,0.013125841,0.023790101,1.041351949,0.90997177,D,5,13:43:14
1307,12,20,68.5028,0.7772,0.013484573,0.024106684,1.04150454,0.85656519,D,5,13:43:16
1308,12,20,68.5233,0.7977,0.013840411,0.024401688,1.041428244,0.80300603,D,5,13:43:17
1309,12,20,68.5438,0.8182,0.014196249,0.024677585,1.041351949,0.74914168,D,5,13:43:18
1310,12,20,68.5642,0.8385,0.014549193,0.024932232,1.041351949,0.69558251,D,5,13:43:19
1311,12,20,68.5843,0.8587,0.014899244,0.025165947,1.041428244,0.64156558,D,5,13:43:21
1312,12,20,68.6043,0.8787,0.015246403,0.02537902,1.041428244,0.58785382,D,5,13:43:22
1313,12,20,68.624,0.8983,0.015587775,0.02557023,1.04150454,0.53429465,D,5,13:43:23
1314,12,20,68.6437,0.918,0.015929148,0.02574314,1.041580835,0.4804303,D,5,13:43:24
1315,12,20,68.6633,0.9377,0.016270522,0.025897662,1.041428244,0.42656596,D,5,13:43:25
1316,12,20,68.6828,0.9572,0.016609001,0.026032646,1.041275654,0.3728542,D,5,13:43:27
1317,12,20,68.7023,0.9767,0.016947481,0.026149382,1.041428244,0.31868467,D,5,13:43:28
1318,12,20,68.7217,0.996,0.017283068,0.026246996,1.041351949,0.26497292,D,5,13:43:29
1319,12,20,68.741,1.0153,0.017618655,0.026326535,1.041428244,0.21080339,D,5,13:43:30
1320,12,20,68.7603,1.0347,0.017954241,0.026387975,1.041351949,0.15693904,D,5,13:43:31
1321,12,20,68.7798,1.0542,0.018292721,0.026431608,1.04165713,0.10261692,D,5,13:43:32
1322,12,20,68.7992,1.0735,0.018628308,0.026456706,1.041428244,0.04875257,D,5,13:43:33
1323,12,20,68.8132,1.0875,0.018871319,0.026463607,1.04150454,0.00999466,D,133,13:43:34
1324,12,22,68.8132,1.0875,0.018871319,0.026463607,0,0.00953689,O,193,13:43:34
,,,,,,,,,,,
,,,,,,,,,,,
,,,,,,,,,,,
,,,,,,,,,,,
,,,,,,,,,,,
,,,,,,,,,,,
,,,,,,,,,,,
,,,,,,,,,,,
,,,,,,,,,,,
,,,,,,,,,,,
,,,,,,,,,,,
,,,,,,,,,,,
,,,,,,,,,,,
,,,,,,,,,,,
,,,,,,,,,,,
,,,,,,,,,,,
,,,,,,,,,,,
,,,,,,,,,,,
,,,,,,,,,,,
,,,,,,,,,,,
,,,,,,,,,,,
,,,,,,,,,,,
,,,,,,,,,,,
,,,,,,,,,,,
,,,,,,,,,,,
,,,,,,,,,,,
,,,,,,,,,,,
,,,,,,,,,,,
,,,,,,,,,,,
,,,,,,,,,,,
,,,,,,,,,,,
,,,,,,,,,,,
,,,,,,,,,,,
,,,,,,,,,,,
,,,,,,,,,,,
,,,,,,,,,,,
,,,,,,,,,,,
,,,,,,,,,,,
,,,,,,,,,,,
,,,,,,,,,,,
,,,,,,,,,,,
,,,,,,,,,,,
,,,,,,,,,,,
,,,,,,,,,,,
,,,,,,,,,,,
,,,,,,,,,,,
,,,,,,,,,,,
,,,,,,,,,,,
,,,,,,,,,,,
,,,,,,,,,,,
,,,,,,,,,,,
,,,,,,,,,,,
,,,,,,,,,,,
,,,,,,,,,,,
,,,,,,,,,,,
,,,,,,,,,,,
,,,,,,,,,,,
,,,,,,,,,,,
,,,,,,,,,,,
,,,,,,,,,,,
,,,,,,,,,,,
,,,,,,,,,,,
,,,,,,,,,,,
,,,,,,,,,,,
,,,,,,,,,,,
,,,,,,,,,,,
,,,,,,,,,,,
,,,,,,,,,,,
,,,,,,,,,,,
,,,,,,,,,,,
,,,,,,,,,,,
,,,,,,,,,,,
,,,,,,,,,,,
,,,,,,,,,,,
,,,,,,,,,,,
,,,,,,,,,,,
,,,,,,,,,,,
,,,,,,,,,,,
,,,,,,,,,,,
,,,,,,,,,,,
,,,,,,,,,,,
,,,,,,,,,,,
,,,,,,,,,,,
,,,,,,,,,,,
,,,,,,,,,,,
,,,,,,,,,,,
,,,,,,,,,,,
,,,,,,,,,,,
,,,,,,,,,,,
,,,,,,,,,,,
,,,,,,,,,,,
,,,,,,,,,,,
,,,,,,,,,,,
,,,,,,,,,,,
,,,,,,,,,,,
,,,,,,,,,,,
,,,,,,,,,,,
,,,,,,,,,,,
,,,,,,,,,,,
,,,,,,,,,,,
,,,,,,,,,,,
,,,,,,,,,,,
,,,,,,,,,,,
,,,,,,,,,,,
,,,,,,,,,,,
,,,,,,,,,,,
,,,,,,,,,,,
,,,,,,,,,,,
,,,,,,,,,,,
,,,,,,,,,,,
,,,,,,,,,,,
,,,,,,,,,,,
,,,,,,,,,,,
,,,,,,,,,,,
,,,,,,,,,,,
,,,,,,,,,,,
,,,,,,,,,,,
,,,,,,,,,,,
,,,,,,,,,,,
,,,,,,,,,,,
,,,,,,,,,,,
,,,,,,,,,,,
,,,,,,,,,,,
,,,,,,,,,,,
,,,,,,,,,,,
,,,,,,,,,,,
,,,,,,,,,,,
,,,,,,,,,,,
,,,,,,,,,,,
,,,,,,,,,,,
,,,,,,,,,,,
,,,,,,,,,,,
,,,,,,,,,,,
,,,,,,,,,,,
,,,,,,,,,,,
,,,,,,,,,,,
,,,,,,,,,,,
,,,,,,,,,,,
,,,,,,,,,,,
,,,,,,,,,,,
,,,,,,,,,,,
,,,,,,,,,,,
,,,,,,,,,,,
,,,,,,,,,,,
,,,,,,,,,,,
,,,,,,,,,,,
,,,,,,,,,,,
,,,,,,,,,,,
,,,,,,,,,,,
,,,,,,,,,,,
,,,,,,,,,,,
,,,,,,,,,,,
,,,,,,,,,,,
,,,,,,,,,,,
,,,,,,,,,,,
,,,,,,,,,,,
,,,,,,,,,,,
,,,,,,,,,,,
,,,,,,,,,,,
,,,,,,,,,,,
,,,,,,,,,,,
,,,,,,,,,,,
,,,,,,,,,,,
,,,,,,,,,,,
,,,,,,,,,,,
,,,,,,,,,,,
,,,,,,,,,,,
,,,,,,,,,,,
,,,,,,,,,,,
,,,,,,,,,,,
,,,,,,,,,,,
,,,,,,,,,,,
,,,,,,,,,,,
,,,,,,,,,,,
,,,,,,,,,,,
,,,,,,,,,,,
,,,,,,,,,,,
,,,,,,,,,,,
,,,,,,,,,,,
,,,,,,,,,,,
,,,,,,,,,,,
,,,,,,,,,,,
,,,,,,,,,,,
,,,,,,,,,,,
,,,,,,,,,,,
,,,,,,,,,,,
,,,,,,,,,,,
,,,,,,,,,,,
,,,,,,,,,,,
,,,,,,,,,,,
,,,,,,,,,,,
,,,,,,,,,,,
,,,,,,,,,,,
,,,,,,,,,,,
,,,,,,,,,,,
,,,,,,,,,,,
,,,,,,,,,,,
,,,,,,,,,,,
,,,,,,,,,,,
,,,,,,,,,,,
,,,,,,,,,,,
,,,,,,,,,,,
,,,,,,,,,,,
,,,,,,,,,,,
,,,,,,,,,,,
,,,,,,,,,,,
,,,,,,,,,,,
,,,,,,,,,,,
,,,,,,,,,,,
,,,,,,,,,,,
,,,,,,,,,,,
,,,,,,,,,,,
,,,,,,,,,,,
,,,,,,,,,,,
,,,,,,,,,,,
,,,,,,,,,,,
,,,,,,,,,,,
,,,,,,,,,,,
,,,,,,,,,,,
,,,,,,,,,,,
,,,,,,,,,,,
,,,,,,,,,,,
,,,,,,,,,,,
,,,,,,,,,,,
,,,,,,,,,,,
,,,,,,,,,,,
,,,,,,,,,,,
,,,,,,,,,,,
,,,,,,,,,,,
,,,,,,,,,,,
,,,,,,,,,,,
,,,,,,,,,,,
,,,,,,,,,,,
,,,,,,,,,,,
,,,,,,,,,,,
,,,,,,,,,,,
,,,,,,,,,,,
,,,,,,,,,,,
,,,,,,,,,,,
,,,,,,,,,,,
,,,,,,,,,,,
,,,,,,,,,,,
,,,,,,,,,,,
,,,,,,,,,,,
,,,,,,,,,,,
,,,,,,,,,,,
,,,,,,,,,,,
,,,,,,,,,,,
,,,,,,,,,,,
,,,,,,,,,,,
,,,,,,,,,,,
,,,,,,,,,,,
,,,,,,,,,,,
,,,,,,,,,,,
,,,,,,,,,,,
,,,,,,,,,,,
,,,,,,,,,,,
,,,,,,,,,,,
,,,,,,,,,,,
,,,,,,,,,,,
,,,,,,,,,,,
,,,,,,,,,,,
,,,,,,,,,,,
,,,,,,,,,,,
,,,,,,,,,,,
,,,,,,,,,,,
,,,,,,,,,,,
,,,,,,,,,,,
,,,,,,,,,,,
,,,,,,,,,,,
,,,,,,,,,,,
,,,,,,,,,,,
,,,,,,,,,,,
,,,,,,,,,,,
,,,,,,,,,,,
,,,,,,,,,,,
,,,,,,,,,,,
,,,,,,,,,,,
,,,,,,,,,,,
,,,,,,,,,,,
,,,,,,,,,,,
,,,,,,,,,,,
,,,,,,,,,,,
,,,,,,,,,,,
,,,,,,,,,,,
,,,,,,,,,,,
,,,,,,,,,,,
,,,,,,,,,,,
,,,,,,,,,,,
,,,,,,,,,,,
,,,,,,,,,,,
,,,,,,,,,,,
,,,,,,,,,,,
,,,,,,,,,,,
,,,,,,,,,,,
,,,,,,,,,,,
,,,,,,,,,,,
,,,,,,,,,,,
,,,,,,,,,,,
,,,,,,,,,,,
,,,,,,,,,,,
,,,,,,,,,,,
,,,,,,,,,,,
,,,,,,,,,,,
,,,,,,,,,,,
,,,,,,,,,,,
,,,,,,,,,,,
,,,,,,,,,,,
,,,,,,,,,,,
,,,,,,,,,,,
,,,,,,,,,,,
,,,,,,,,,,,
,,,,,,,,,,,
,,,,,,,,,,,
,,,,,,,,,,,
,,,,,,,,,,,
,,,,,,,,,,,
,,,,,,,,,,,
,,,,,,,,,,,
,,,,,,,,,,,
,,,,,,,,,,,
,,,,,,,,,,,
,,,,,,,,,,,
,,,,,,,,,,,
,,,,,,,,,,,
,,,,,,,,,,,
,,,,,,,,,,,
,,,,,,,,,,,
,,,,,,,,,,,
,,,,,,,,,,,
,,,,,,,,,,,
,,,,,,,,,,,
,,,,,,,,,,,
,,,,,,,,,,,
,,,,,,,,,,,
,,,,,,,,,,,
,,,,,,,,,,,
,,,,,,,,,,,
,,,,,,,,,,,
,,,,,,,,,,,
,,,,,,,,,,,
,,,,,,,,,,,
,,,,,,,,,,,
,,,,,,,,,,,
,,,,,,,,,,,
,,,,,,,,,,,
,,,,,,,,,,,
,,,,,,,,,,,
,,,,,,,,,,,
,,,,,,,,,,,
,,,,,,,,,,,
,,,,,,,,,,,
,,,,,,,,,,,
,,,,,,,,,,,
,,,,,,,,,,,
,,,,,,,,,,,
,,,,,,,,,,,
,,,,,,,,,,,
,,,,,,,,,,,
,,,,,,,,,,,
,,,,,,,,,,,
,,,,,,,,,,,
,,,,,,,,,,,
,,,,,,,,,,,
,,,,,,,,,,,
,,,,,,,,,,,
,,,,,,,,,,,
,,,,,,,,,,,
,,,,,,,,,,,
,,,,,,,,,,,
,,,,,,,,,,,
,,,,,,,,,,,
,,,,,,,,,,,
,,,,,,,,,,,
,,,,,,,,,,,
,,,,,,,,,,,
,,,,,,,,,,,
,,,,,,,,,,,
,,,,,,,,,,,
,,,,,,,,,,,
,,,,,,,,,,,
,,,,,,,,,,,
,,,,,,,,,,,
,,,,,,,,,,,
,,,,,,,,,,,
,,,,,,,,,,,
,,,,,,,,,,,
,,,,,,,,,,,
,,,,,,,,,,,
,,,,,,,,,,,
,,,,,,,,,,,
,,,,,,,,,,,
,,,,,,,,,,,
,,,,,,,,,,,
,,,,,,,,,,,
,,,,,,,,,,,
,,,,,,,,,,,
,,,,,,,,,,,
,,,,,,,,,,,
,,,,,,,,,,,
,,,,,,,,,,,
,,,,,,,,,,,
,,,,,,,,,,,
,,,,,,,,,,,
,,,,,,,,,,,
,,,,,,,,,,,
,,,,,,,,,,,
,,,,,,,,,,,
,,,,,,,,,,,
,,,,,,,,,,,
,,,,,,,,,,,
,,,,,,,,,,,
,,,,,,,,,,,
,,,,,,,,,,,
,,,,,,,,,,,
,,,,,,,,,,,
,,,,,,,,,,,
,,,,,,,,,,,
,,,,,,,,,,,
,,,,,,,,,,,
,,,,,,,,,,,
,,,,,,,,,,,
,,,,,,,,,,,
,,,,,,,,,,,
,,,,,,,,,,,
,,,,,,,,,,,
,,,,,,,,,,,
,,,,,,,,,,,
,,,,,,,,,,,
,,,,,,,,,,,
,,,,,,,,,,,
,,,,,,,,,,,
,,,,,,,,,,,
,,,,,,,,,,,
,,,,,,,,,,,
,,,,,,,,,,,
,,,,,,,,,,,
,,,,,,,,,,,
,,,,,,,,,,,
,,,,,,,,,,,
,,,,,,,,,,,
,,,,,,,,,,,
,,,,,,,,,,,
,,,,,,,,,,,
,,,,,,,,,,,
,,,,,,,,,,,
,,,,,,,,,,,
,,,,,,,,,,,
,,,,,,,,,,,
,,,,,,,,,,,
,,,,,,,,,,,
,,,,,,,,,,,
,,,,,,,,,,,
,,,,,,,,,,,
,,,,,,,,,,,
,,,,,,,,,,,
,,,,,,,,,,,
,,,,,,,,,,,
,,,,,,,,,,,
,,,,,,,,,,,
,,,,,,,,,,,
,,,,,,,,,,,
,,,,,,,,,,,
,,,,,,,,,,,
,,,,,,,,,,,
,,,,,,,,,,,
,,,,,,,,,,,
,,,,,,,,,,,
,,,,,,,,,,,
,,,,,,,,,,,
,,,,,,,,,,,
,,,,,,,,,,,
,,,,,,,,,,,
,,,,,,,,,,,
,,,,,,,,,,,
,,,,,,,,,,,
,,,,,,,,,,,
,,,,,,,,,,,
,,,,,,,,,,,
,,,,,,,,,,,
,,,,,,,,,,,
,,,,,,,,,,,
,,,,,,,,,,,
,,,,,,,,,,,
,,,,,,,,,,,
,,,,,,,,,,,
,,,,,,,,,,,
,,,,,,,,,,,
,,,,,,,,,,,
,,,,,,,,,,,
,,,,,,,,,,,
,,,,,,,,,,,
,,,,,,,,,,,
,,,,,,,,,,,
,,,,,,,,,,,
,,,,,,,,,,,
,,,,,,,,,,,
,,,,,,,,,,,
,,,,,,,,,,,
,,,,,,,,,,,
,,,,,,,,,,,
,,,,,,,,,,,
,,,,,,,,,,,
,,,,,,,,,,,
,,,,,,,,,,,
,,,,,,,,,,,
,,,,,,,,,,,
,,,,,,,,,,,
,,,,,,,,,,,
,,,,,,,,,,,
,,,,,,,,,,,
,,,,,,,,,,,
,,,,,,,,,,,
,,,,,,,,,,,
,,,,,,,,,,,
,,,,,,,,,,,
,,,,,,,,,,,
,,,,,,,,,,,
,,,,,,,,,,,
,,,,,,,,,,,
,,,,,,,,,,,
,,,,,,,,,,,
,,,,,,,,,,,
,,,,,,,,,,,
,,,,,,,,,,,
,,,,,,,,,,,
,,,,,,,,,,,
,,,,,,,,,,,
,,,,,,,,,,,
,,,,,,,,,,,
,,,,,,,,,,,
,,,,,,,,,,,
,,,,,,,,,,,
,,,,,,,,,,,
,,,,,,,,,,,
,,,,,,,,,,,
,,,,,,,,,,,
,,,,,,,,,,,
,,,,,,,,,,,
,,,,,,,,,,,
,,,,,,,,,,,
,,,,,,,,,,,
,,,,,,,,,,,
,,,,,,,,,,,
,,,,,,,,,,,
,,,,,,,,,,,
,,,,,,,,,,,
,,,,,,,,,,,
,,,,,,,,,,,
,,,,,,,,,,,
,,,,,,,,,,,
,,,,,,,,,,,
,,,,,,,,,,,
,,,,,,,,,,,
,,,,,,,,,,,
,,,,,,,,,,,
,,,,,,,,,,,
,,,,,,,,,,,
,,,,,,,,,,,
,,,,,,,,,,,
,,,,,,,,,,,
,,,,,,,,,,,
,,,,,,,,,,,
,,,,,,,,,,,
,,,,,,,,,,,
,,,,,,,,,,,
,,,,,,,,,,,
,,,,,,,,,,,
,,,,,,,,,,,
,,,,,,,,,,,
,,,,,,,,,,,
,,,,,,,,,,,
,,,,,,,,,,,
,,,,,,,,,,,
,,,,,,,,,,,
,,,,,,,,,,,
,,,,,,,,,,,
,,,,,,,,,,,
,,,,,,,,,,,
,,,,,,,,,,,
,,,,,,,,,,,
,,,,,,,,,,,
,,,,,,,,,,,
,,,,,,,,,,,
,,,,,,,,,,,
,,,,,,,,,,,
,,,,,,,,,,,
,,,,,,,,,,,
,,,,,,,,,,,
,,,,,,,,,,,
,,,,,,,,,,,
,,,,,,,,,,,
,,,,,,,,,,,
,,,,,,,,,,,
,,,,,,,,,,,
,,,,,,,,,,,
,,,,,,,,,,,
,,,,,,,,,,,
,,,,,,,,,,,
,,,,,,,,,,,
,,,,,,,,,,,
,,,,,,,,,,,
,,,,,,,,,,,
,,,,,,,,,,,
,,,,,,,,,,,
,,,,,,,,,,,
,,,,,,,,,,,
,,,,,,,,,,,
,,,,,,,,,,,
,,,,,,,,,,,
,,,,,,,,,,,
,,,,,,,,,,,
,,,,,,,,,,,
,,,,,,,,,,,
,,,,,,,,,,,
,,,,,,,,,,,
,,,,,,,,,,,
,,,,,,,,,,,
,,,,,,,,,,,
,,,,,,,,,,,
,,,,,,,,,,,
,,,,,,,,,,,
,,,,,,,,,,,
,,,,,,,,,,,
,,,,,,,,,,,
,,,,,,,,,,,
,,,,,,,,,,,
,,,,,,,,,,,
,,,,,,,,,,,
,,,,,,,,,,,
,,,,,,,,,,,
,,,,,,,,,,,
,,,,,,,,,,,
,,,,,,,,,,,
,,,,,,,,,,,
,,,,,,,,,,,
,,,,,,,,,,,
,,,,,,,,,,,
,,,,,,,,,,,
,,,,,,,,,,,
,,,,,,,,,,,
,,,,,,,,,,,
,,,,,,,,,,,
,,,,,,,,,,,
,,,,,,,,,,,
,,,,,,,,,,,
,,,,,,,,,,,
,,,,,,,,,,,
,,,,,,,,,,,
,,,,,,,,,,,
,,,,,,,,,,,
,,,,,,,,,,,
,,,,,,,,,,,
,,,,,,,,,,,
,,,,,,,,,,,
,,,,,,,,,,,
,,,,,,,,,,,
,,,,,,,,,,,
,,,,,,,,,,,
,,,,,,,,,,,
,,,,,,,,,,,
,,,,,,,,,,,
,,,,,,,,,,,
,,,,,,,,,,,
,,,,,,,,,,,
,,,,,,,,,,,
,,,,,,,,,,,
,,,,,,,,,,,
,,,,,,,,,,,
,,,,,,,,,,,
,,,,,,,,,,,
,,,,,,,,,,,
,,,,,,,,,,,
,,,,,,,,,,,
,,,,,,,,,,,
,,,,,,,,,,,
,,,,,,,,,,,
,,,,,,,,,,,
,,,,,,,,,,,
,,,,,,,,,,,
,,,,,,,,,,,
,,,,,,,,,,,
,,,,,,,,,,,
,,,,,,,,,,,
,,,,,,,,,,,
,,,,,,,,,,,
,,,,,,,,,,,
,,,,,,,,,,,
,,,,,,,,,,,
,,,,,,,,,,,
,,,,,,,,,,,
,,,,,,,,,,,
,,,,,,,,,,,
,,,,,,,,,,,
,,,,,,,,,,,
,,,,,,,,,,,
,,,,,,,,,,,
,,,,,,,,,,,
,,,,,,,,,,,
,,,,,,,,,,,
,,,,,,,,,,,
,,,,,,,,,,,
,,,,,,,,,,,
,,,,,,,,,,,
,,,,,,,,,,,
,,,,,,,,,,,
,,,,,,,,,,,
,,,,,,,,,,,
,,,,,,,,,,,
,,,,,,,,,,,
,,,,,,,,,,,
,,,,,,,,,,,
,,,,,,,,,,,
,,,,,,,,,,,
,,,,,,,,,,,
,,,,,,,,,,,
,,,,,,,,,,,
,,,,,,,,,,,
,,,,,,,,,,,
,,,,,,,,,,,
,,,,,,,,,,,
,,,,,,,,,,,
,,,,,,,,,,,
,,,,,,,,,,,
,,,,,,,,,,,
,,,,,,,,,,,
,,,,,,,,,,,
,,,,,,,,,,,
,,,,,,,,,,,
,,,,,,,,,,,
,,,,,,,,,,,
,,,,,,,,,,,
,,,,,,,,,,,
,,,,,,,,,,,
,,,,,,,,,,,
,,,,,,,,,,,
,,,,,,,,,,,
,,,,,,,,,,,
,,,,,,,,,,,
,,,,,,,,,,,
,,,,,,,,,,,
,,,,,,,,,,,
,,,,,,,,,,,
,,,,,,,,,,,
,,,,,,,,,,,
,,,,,,,,,,,
,,,,,,,,,,,
,,,,,,,,,,,
,,,,,,,,,,,
,,,,,,,,,,,
,,,,,,,,,,,
,,,,,,,,,,,
,,,,,,,,,,,
,,,,,,,,,,,
,,,,,,,,,,,
,,,,,,,,,,,
,,,,,,,,,,,
,,,,,,,,,,,
,,,,,,,,,,,
,,,,,,,,,,,
,,,,,,,,,,,
,,,,,,,,,,,
,,,,,,,,,,,
,,,,,,,,,,,
,,,,,,,,,,,
,,,,,,,,,,,
,,,,,,,,,,,
,,,,,,,,,,,
,,,,,,,,,,,
,,,,,,,,,,,
,,,,,,,,,,,
,,,,,,,,,,,
,,,,,,,,,,,
,,,,,,,,,,,
,,,,,,,,,,,
,,,,,,,,,,,
,,,,,,,,,,,
,,,,,,,,,,,
,,,,,,,,,,,
,,,,,,,,,,,
,,,,,,,,,,,
,,,,,,,,,,,
,,,,,,,,,,,
,,,,,,,,,,,
,,,,,,,,,,,
,,,,,,,,,,,
,,,,,,,,,,,
,,,,,,,,,,,
,,,,,,,,,,,
,,,,,,,,,,,
,,,,,,,,,,,
,,,,,,,,,,,
,,,,,,,,,,,
,,,,,,,,,,,
,,,,,,,,,,,
,,,,,,,,,,,
,,,,,,,,,,,
,,,,,,,,,,,
,,,,,,,,,,,
,,,,,,,,,,,
,,,,,,,,,,,
,,,,,,,,,,,
,,,,,,,,,,,
,,,,,,,,,,,
,,,,,,,,,,,
,,,,,,,,,,,
,,,,,,,,,,,
,,,,,,,,,,,
,,,,,,,,,,,
,,,,,,,,,,,
,,,,,,,,,,,
,,,,,,,,,,,
,,,,,,,,,,,
,,,,,,,,,,,
,,,,,,,,,,,
,,,,,,,,,,,
,,,,,,,,,,,
,,,,,,,,,,,
,,,,,,,,,,,
,,,,,,,,,,,
,,,,,,,,,,,
,,,,,,,,,,,
,,,,,,,,,,,
,,,,,,,,,,,
,,,,,,,,,,,
,,,,,,,,,,,
,,,,,,,,,,,
,,,,,,,,,,,
,,,,,,,,,,,
,,,,,,,,,,,
,,,,,,,,,,,
,,,,,,,,,,,
,,,,,,,,,,,
,,,,,,,,,,,
,,,,,,,,,,,
,,,,,,,,,,,
,,,,,,,,,,,
,,,,,,,,,,,
,,,,,,,,,,,
,,,,,,,,,,,
,,,,,,,,,,,
,,,,,,,,,,,
,,,,,,,,,,,
,,,,,,,,,,,
,,,,,,,,,,,
,,,,,,,,,,,
,,,,,,,,,,,
,,,,,,,,,,,
,,,,,,,,,,,
,,,,,,,,,,,
,,,,,,,,,,,
,,,,,,,,,,,
,,,,,,,,,,,
,,,,,,,,,,,
,,,,,,,,,,,
,,,,,,,,,,,
,,,,,,,,,,,
,,,,,,,,,,,
,,,,,,,,,,,
,,,,,,,,,,,
,,,,,,,,,,,
,,,,,,,,,,,
,,,,,,,,,,,
,,,,,,,,,,,
,,,,,,,,,,,
,,,,,,,,,,,
,,,,,,,,,,,
,,,,,,,,,,,
,,,,,,,,,,,
,,,,,,,,,,,
,,,,,,,,,,,
,,,,,,,,,,,
,,,,,,,,,,,
,,,,,,,,,,,
,,,,,,,,,,,
,,,,,,,,,,,
,,,,,,,,,,,
,,,,,,,,,,,
,,,,,,,,,,,
,,,,,,,,,,,
,,,,,,,,,,,
,,,,,,,,,,,
,,,,,,,,,,,
,,,,,,,,,,,
,,,,,,,,,,,
,,,,,,,,,,,
,,,,,,,,,,,
,,,,,,,,,,,
,,,,,,,,,,,
,,,,,,,,,,,
,,,,,,,,,,,
,,,,,,,,,,,
,,,,,,,,,,,
,,,,,,,,,,,
,,,,,,,,,,,
,,,,,,,,,,,
,,,,,,,,,,,
,,,,,,,,,,,
,,,,,,,,,,,
,,,,,,,,,,,
,,,,,,,,,,,
,,,,,,,,,,,
,,,,,,,,,,,
,,,,,,,,,,,
,,,,,,,,,,,
,,,,,,,,,,,
,,,,,,,,,,,
,,,,,,,,,,,
,,,,,,,,,,,
,,,,,,,,,,,
,,,,,,,,,,,
,,,,,,,,,,,
,,,,,,,,,,,
,,,,,,,,,,,
,,,,,,,,,,,
,,,,,,,,,,,
,,,,,,,,,,,
,,,,,,,,,,,
,,,,,,,,,,,
,,,,,,,,,,,
,,,,,,,,,,,
,,,,,,,,,,,
,,,,,,,,,,,
,,,,,,,,,,,
,,,,,,,,,,,
,,,,,,,,,,,
,,,,,,,,,,,
,,,,,,,,,,,
,,,,,,,,,,,
,,,,,,,,,,,
,,,,,,,,,,,
,,,,,,,,,,,
,,,,,,,,,,,
,,,,,,,,,,,
,,,,,,,,,,,
,,,,,,,,,,,
,,,,,,,,,,,
,,,,,,,,,,,
,,,,,,,,,,,
,,,,,,,,,,,
,,,,,,,,,,,
,,,,,,,,,,,
,,,,,,,,,,,
,,,,,,,,,,,
,,,,,,,,,,,
,,,,,,,,,,,
,,,,,,,,,,,
,,,,,,,,,,,
,,,,,,,,,,,
,,,,,,,,,,,
,,,,,,,,,,,
,,,,,,,,,,,
,,,,,,,,,,,
,,,,,,,,,,,
,,,,,,,,,,,
,,,,,,,,,,,
,,,,,,,,,,,
,,,,,,,,,,,
,,,,,,,,,,,
,,,,,,,,,,,
,,,,,,,,,,,
,,,,,,,,,,,
,,,,,,,,,,,
,,,,,,,,,,,
,,,,,,,,,,,
,,,,,,,,,,,
,,,,,,,,,,,
,,,,,,,,,,,
,,,,,,,,,,,
,,,,,,,,,,,
,,,,,,,,,,,
,,,,,,,,,,,
,,,,,,,,,,,
,,,,,,,,,,,
,,,,,,,,,,,
,,,,,,,,,,,
,,,,,,,,,,,
,,,,,,,,,,,
,,,,,,,,,,,
,,,,,,,,,,,
,,,,,,,,,,,
,,,,,,,,,,,
,,,,,,,,,,,
,,,,,,,,,,,
,,,,,,,,,,,
,,,,,,,,,,,
,,,,,,,,,,,
,,,,,,,,,,,
,,,,,,,,,,,
,,,,,,,,,,,
,,,,,,,,,,,
,,,,,,,,,,,
,,,,,,,,,,,
,,,,,,,,,,,
,,,,,,,,,,,
,,,,,,,,,,,
,,,,,,,,,,,
,,,,,,,,,,,
,,,,,,,,,,,
,,,,,,,,,,,
,,,,,,,,,,,
,,,,,,,,,,,
,,,,,,,,,,,
,,,,,,,,,,,
,,,,,,,,,,,
,,,,,,,,,,,
,,,,,,,,,,,
,,,,,,,,,,,
,,,,,,,,,,,
,,,,,,,,,,,
,,,,,,,,,,,
,,,,,,,,,,,
,,,,,,,,,,,
,,,,,,,,,,,
,,,,,,,,,,,
,,,,,,,,,,,
,,,,,,,,,,,
,,,,,,,,,,,
,,,,,,,,,,,
,,,,,,,,,,,
,,,,,,,,,,,
,,,,,,,,,,,
,,,,,,,,,,,
,,,,,,,,,,,
,,,,,,,,,,,
,,,,,,,,,,,
,,,,,,,,,,,
,,,,,,,,,,,
,,,,,,,,,,,
,,,,,,,,,,,
,,,,,,,,,,,
,,,,,,,,,,,
,,,,,,,,,,,
,,,,,,,,,,,
,,,,,,,,,,,
,,,,,,,,,,,
,,,,,,,,,,,
,,,,,,,,,,,
,,,,,,,,,,,
,,,,,,,,,,,
,,,,,,,,,,,
,,,,,,,,,,,
,,,,,,,,,,,
,,,,,,,,,,,
,,,,,,,,,,,
,,,,,,,,,,,
,,,,,,,,,,,
,,,,,,,,,,,
,,,,,,,,,,,
,,,,,,,,,,,
,,,,,,,,,,,
,,,,,,,,,,,
,,,,,,,,,,,
,,,,,,,,,,,
,,,,,,,,,,,
,,,,,,,,,,,
,,,,,,,,,,,
,,,,,,,,,,,
,,,,,,,,,,,
,,,,,,,,,,,
,,,,,,,,,,,
,,,,,,,,,,,
,,,,,,,,,,,
,,,,,,,,,,,
,,,,,,,,,,,
,,,,,,,,,,,
,,,,,,,,,,,
,,,,,,,,,,,
,,,,,,,,,,,
,,,,,,,,,,,
,,,,,,,,,,,
,,,,,,,,,,,
,,,,,,,,,,,
,,,,,,,,,,,
,,,,,,,,,,,
,,,,,,,,,,,
,,,,,,,,,,,
,,,,,,,,,,,
,,,,,,,,,,,
,,,,,,,,,,,
,,,,,,,,,,,
,,,,,,,,,,,
,,,,,,,,,,,
,,,,,,,,,,,
,,,,,,,,,,,
,,,,,,,,,,,
,,,,,,,,,,,
,,,,,,,,,,,
,,,,,,,,,,,
,,,,,,,,,,,
,,,,,,,,,,,
,,,,,,,,,,,
,,,,,,,,,,,
,,,,,,,,,,,
,,,,,,,,,,,
,,,,,,,,,,,
,,,,,,,,,,,
,,,,,,,,,,,
,,,,,,,,,,,
,,,,,,,,,,,
,,,,,,,,,,,
,,,,,,,,,,,
,,,,,,,,,,,
,,,,,,,,,,,
,,,,,,,,,,,
,,,,,,,,,,,
,,,,,,,,,,,
,,,,,,,,,,,
,,,,,,,,,,,
,,,,,,,,,,,
,,,,,,,,,,,
,,,,,,,,,,,
,,,,,,,,,,,
,,,,,,,,,,,
,,,,,,,,,,,
,,,,,,,,,,,
,,,,,,,,,,,
,,,,,,,,,,,
,,,,,,,,,,,
,,,,,,,,,,,
,,,,,,,,,,,
,,,,,,,,,,,
,,,,,,,,,,,
,,,,,,,,,,,
,,,,,,,,,,,
,,,,,,,,,,,
,,,,,,,,,,,
,,,,,,,,,,,
,,,,,,,,,,,
,,,,,,,,,,,
,,,,,,,,,,,
,,,,,,,,,,,
,,,,,,,,,,,
,,,,,,,,,,,
,,,,,,,,,,,
,,,,,,,,,,,
,,,,,,,,,,,
,,,,,,,,,,,
,,,,,,,,,,,
,,,,,,,,,,,
,,,,,,,,,,,
,,,,,,,,,,,
,,,,,,,,,,,
,,,,,,,,,,,
,,,,,,,,,,,
,,,,,,,,,,,
,,,,,,,,,,,
,,,,,,,,,,,
,,,,,,,,,,,
,,,,,,,,,,,
,,,,,,,,,,,
,,,,,,,,,,,
,,,,,,,,,,,
,,,,,,,,,,,
,,,,,,,,,,,
,,,,,,,,,,,
,,,,,,,,,,,
,,,,,,,,,,,
,,,,,,,,,,,
,,,,,,,,,,,
,,,,,,,,,,,
,,,,,,,,,,,
,,,,,,,,,,,
,,,,,,,,,,,
,,,,,,,,,,,
,,,,,,,,,,,
,,,,,,,,,,,
,,,,,,,,,,,
,,,,,,,,,,,
,,,,,,,,,,,
,,,,,,,,,,,
,,,,,,,,,,,
,,,,,,,,,,,
,,,,,,,,,,,
,,,,,,,,,,,
,,,,,,,,,,,
,,,,,,,,,,,
,,,,,,,,,,,
,,,,,,,,,,,
,,,,,,,,,,,
,,,,,,,,,,,
,,,,,,,,,,,
,,,,,,,,,,,
,,,,,,,,,,,
,,,,,,,,,,,
,,,,,,,,,,,
,,,,,,,,,,,
,,,,,,,,,,,
,,,,,,,,,,,
,,,,,,,,,,,
,,,,,,,,,,,
,,,,,,,,,,,
,,,,,,,,,,,
,,,,,,,,,,,
,,,,,,,,,,,
,,,,,,,,,,,
,,,,,,,,,,,
,,,,,,,,,,,
,,,,,,,,,,,
,,,,,,,,,,,
,,,,,,,,,,,
,,,,,,,,,,,
,,,,,,,,,,,
,,,,,,,,,,,
,,,,,,,,,,,
,,,,,,,,,,,
,,,,,,,,,,,
,,,,,,,,,,,
,,,,,,,,,,,
,,,,,,,,,,,
,,,,,,,,,,,
,,,,,,,,,,,
,,,,,,,,,,,
,,,,,,,,,,,
,,,,,,,,,,,
,,,,,,,,,,,
,,,,,,,,,,,
,,,,,,,,,,,
,,,,,,,,,,,
,,,,,,,,,,,
,,,,,,,,,,,
,,,,,,,,,,,
,,,,,,,,,,,
,,,,,,,,,,,
,,,,,,,,,,,
,,,,,,,,,,,
,,,,,,,,,,,
,,,,,,,,,,,
,,,,,,,,,,,
,,,,,,,,,,,
,,,,,,,,,,,
,,,,,,,,,,,
,,,,,,,,,,,
,,,,,,,,,,,
,,,,,,,,,,,
,,,,,,,,,,,
,,,,,,,,,,,
,,,,,,,,,,,
,,,,,,,,,,,
,,,,,,,,,,,
,,,,,,,,,,,
,,,,,,,,,,,
,,,,,,,,,,,
,,,,,,,,,,,
,,,,,,,,,,,
,,,,,,,,,,,
,,,,,,,,,,,
,,,,,,,,,,,
,,,,,,,,,,,
,,,,,,,,,,,
,,,,,,,,,,,
,,,,,,,,,,,
,,,,,,,,,,,
,,,,,,,,,,,
,,,,,,,,,,,
,,,,,,,,,,,
,,,,,,,,,,,
,,,,,,,,,,,
,,,,,,,,,,,
,,,,,,,,,,,
,,,,,,,,,,,
,,,,,,,,,,,
,,,,,,,,,,,
,,,,,,,,,,,
,,,,,,,,,,,
,,,,,,,,,,,
,,,,,,,,,,,
,,,,,,,,,,,
,,,,,,,,,,,
,,,,,,,,,,,
,,,,,,,,,,,
,,,,,,,,,,,
,,,,,,,,,,,
,,,,,,,,,,,
,,,,,,,,,,,
,,,,,,,,,,,
,,,,,,,,,,,
,,,,,,,,,,,
,,,,,,,,,,,
,,,,,,,,,,,
,,,,,,,,,,,
,,,,,,,,,,,
,,,,,,,,,,,
,,,,,,,,,,,
,,,,,,,,,,,
,,,,,,,,,,,
,,,,,,,,,,,
,,,,,,,,,,,
,,,,,,,,,,,
,,,,,,,,,,,
,,,,,,,,,,,
,,,,,,,,,,,
,,,,,,,,,,,
,,,,,,,,,,,
,,,,,,,,,,,
,,,,,,,,,,,
,,,,,,,,,,,
,,,,,,,,,,,
,,,,,,,,,,,
,,,,,,,,,,,
,,,,,,,,,,,
,,,,,,,,,,,
,,,,,,,,,,,
,,,,,,,,,,,
,,,,,,,,,,,
,,,,,,,,,,,
,,,,,,,,,,,
,,,,,,,,,,,
,,,,,,,,,,,
,,,,,,,,,,,
,,,,,,,,,,,
,,,,,,,,,,,
,,,,,,,,,,,
,,,,,,,,,,,
,,,,,,,,,,,
,,,,,,,,,,,
,,,,,,,,,,,
,,,,,,,,,,,
,,,,,,,,,,,
,,,,,,,,,,,
,,,,,,,,,,,
,,,,,,,,,,,
,,,,,,,,,,,
,,,,,,,,,,,
,,,,,,,,,,,
,,,,,,,,,,,
,,,,,,,,,,,
,,,,,,,,,,,
,,,,,,,,,,,
,,,,,,,,,,,
,,,,,,,,,,,
,,,,,,,,,,,
,,,,,,,,,,,
,,,,,,,,,,,
,,,,,,,,,,,
,,,,,,,,,,,
,,,,,,,,,,,
,,,,,,,,,,,
,,,,,,,,,,,
,,,,,,,,,,,
,,,,,,,,,,,
,,,,,,,,,,,
,,,,,,,,,,,
,,,,,,,,,,,
,,,,,,,,,,,
,,,,,,,,,,,
,,,,,,,,,,,
,,,,,,,,,,,
,,,,,,,,,,,
,,,,,,,,,,,
,,,,,,,,,,,
,,,,,,,,,,,
,,,,,,,,,,,
,,,,,,,,,,,
,,,,,,,,,,,
,,,,,,,,,,,
,,,,,,,,,,,
,,,,,,,,,,,
,,,,,,,,,,,
,,,,,,,,,,,
,,,,,,,,,,,
,,,,,,,,,,,
,,,,,,,,,,,
,,,,,,,,,,,
,,,,,,,,,,,
,,,,,,,,,,,
,,,,,,,,,,,
,,,,,,,,,,,
,,,,,,,,,,,
,,,,,,,,,,,
,,,,,,,,,,,
,,,,,,,,,,,
,,,,,,,,,,,
,,,,,,,,,,,
,,,,,,,,,,,
,,,,,,,,,,,
,,,,,,,,,,,
,,,,,,,,,,,
,,,,,,,,,,,
,,,,,,,,,,,
,,,,,,,,,,,
,,,,,,,,,,,
,,,,,,,,,,,
,,,,,,,,,,,
,,,,,,,,,,,
,,,,,,,,,,,
,,,,,,,,,,,
,,,,,,,,,,,
,,,,,,,,,,,
,,,,,,,,,,,
,,,,,,,,,,,
,,,,,,,,,,,
,,,,,,,,,,,
,,,,,,,,,,,
,,,,,,,,,,,
,,,,,,,,,,,
,,,,,,,,,,,
,,,,,,,,,,,
,,,,,,,,,,,
,,,,,,,,,,,
,,,,,,,,,,,
,,,,,,,,,,,
,,,,,,,,,,,
,,,,,,,,,,,
,,,,,,,,,,,
,,,,,,,,,,,
,,,,,,,,,,,
,,,,,,,,,,,
,,,,,,,,,,,
,,,,,,,,,,,
,,,,,,,,,,,
,,,,,,,,,,,
,,,,,,,,,,,
,,,,,,,,,,,
,,,,,,,,,,,
,,,,,,,,,,,
,,,,,,,,,,,
,,,,,,,,,,,
,,,,,,,,,,,
,,,,,,,,,,,
,,,,,,,,,,,
,,,,,,,,,,,
,,,,,,,,,,,
,,,,,,,,,,,
,,,,,,,,,,,
,,,,,,,,,,,
,,,,,,,,,,,
,,,,,,,,,,,
,,,,,,,,,,,
,,,,,,,,,,,
,,,,,,,,,,,
,,,,,,,,,,,
,,,,,,,,,,,
,,,,,,,,,,,
,,,,,,,,,,,
,,,,,,,,,,,
,,,,,,,,,,,
,,,,,,,,,,,
,,,,,,,,,,,
,,,,,,,,,,,
,,,,,,,,,,,
,,,,,,,,,,,
,,,,,,,,,,,
,,,,,,,,,,,
,,,,,,,,,,,
,,,,,,,,,,,
,,,,,,,,,,,
,,,,,,,,,,,
,,,,,,,,,,,
,,,,,,,,,,,
,,,,,,,,,,,
,,,,,,,,,,,
,,,,,,,,,,,
,,,,,,,,,,,
,,,,,,,,,,,
,,,,,,,,,,,
,,,,,,,,,,,
,,,,,,,,,,,
,,,,,,,,,,,
,,,,,,,,,,,
,,,,,,,,,,,
,,,,,,,,,,,
,,,,,,,,,,,
,,,,,,,,,,,
,,,,,,,,,,,
,,,,,,,,,,,
,,,,,,,,,,,
,,,,,,,,,,,
,,,,,,,,,,,
,,,,,,,,,,,
,,,,,,,,,,,
,,,,,,,,,,,
,,,,,,,,,,,
,,,,,,,,,,,
,,,,,,,,,,,
,,,,,,,,,,,
,,,,,,,,,,,
,,,,,,,,,,,
,,,,,,,,,,,
,,,,,,,,,,,
,,,,,,,,,,,
,,,,,,,,,,,
,,,,,,,,,,,
,,,,,,,,,,,
,,,,,,,,,,,
,,,,,,,,,,,
,,,,,,,,,,,
,,,,,,,,,,,
,,,,,,,,,,,
,,,,,,,,,,,
,,,,,,,,,,,
,,,,,,,,,,,
,,,,,,,,,,,
,,,,,,,,,,,
,,,,,,,,,,,
,,,,,,,,,,,
,,,,,,,,,,,
,,,,,,,,,,,
,,,,,,,,,,,
,,,,,,,,,,,
,,,,,,,,,,,
,,,,,,,,,,,
,,,,,,,,,,,
,,,,,,,,,,,
,,,,,,,,,,,
,,,,,,,,,,,
,,,,,,,,,,,
,,,,,,,,,,,
,,,,,,,,,,,
,,,,,,,,,,,
,,,,,,,,,,,
,,,,,,,,,,,
,,,,,,,,,,,
,,,,,,,,,,,
,,,,,,,,,,,
,,,,,,,,,,,
,,,,,,,,,,,
,,,,,,,,,,,
,,,,,,,,,,,
,,,,,,,,,,,
,,,,,,,,,,,
,,,,,,,,,,,
,,,,,,,,,,,
,,,,,,,,,,,
,,,,,,,,,,,
,,,,,,,,,,,
,,,,,,,,,,,
,,,,,,,,,,,
,,,,,,,,,,,
,,,,,,,,,,,
,,,,,,,,,,,
,,,,,,,,,,,
,,,,,,,,,,,
,,,,,,,,,,,
,,,,,,,,,,,
,,,,,,,,,,,
,,,,,,,,,,,
,,,,,,,,,,,
,,,,,,,,,,,
,,,,,,,,,,,
,,,,,,,,,,,
,,,,,,,,,,,
,,,,,,,,,,,
,,,,,,,,,,,
,,,,,,,,,,,
,,,,,,,,,,,
,,,,,,,,,,,
,,,,,,,,,,,
,,,,,,,,,,,
,,,,,,,,,,,
,,,,,,,,,,,
,,,,,,,,,,,
,,,,,,,,,,,
,,,,,,,,,,,
,,,,,,,,,,,
,,,,,,,,,,,
,,,,,,,,,,,
,,,,,,,,,,,
,,,,,,,,,,,
,,,,,,,,,,,
,,,,,,,,,,,
,,,,,,,,,,,
,,,,,,,,,,,
,,,,,,,,,,,
,,,,,,,,,,,
,,,,,,,,,,,
,,,,,,,,,,,
,,,,,,,,,,,
,,,,,,,,,,,
,,,,,,,,,,,
,,,,,,,,,,,
,,,,,,,,,,,
,,,,,,,,,,,
,,,,,,,,,,,
,,,,,,,,,,,
,,,,,,,,,,,
,,,,,,,,,,,
,,,,,,,,,,,
,,,,,,,,,,,
,,,,,,,,,,,
,,,,,,,,,,,
,,,,,,,,,,,
,,,,,,,,,,,
,,,,,,,,,,,
,,,,,,,,,,,
,,,,,,,,,,,
,,,,,,,,,,,
,,,,,,,,,,,
,,,,,,,,,,,
,,,,,,,,,,,
,,,,,,,,,,,
,,,,,,,,,,,
,,,,,,,,,,,
,,,,,,,,,,,
,,,,,,,,,,,
,,,,,,,,,,,
,,,,,,,,,,,
,,,,,,,,,,,
,,,,,,,,,,,
,,,,,,,,,,,
,,,,,,,,,,,
,,,,,,,,,,,
,,,,,,,,,,,
,,,,,,,,,,,
,,,,,,,,,,,
,,,,,,,,,,,
,,,,,,,,,,,
,,,,,,,,,,,
,,,,,,,,,,,
,,,,,,,,,,,
,,,,,,,,,,,
,,,,,,,,,,,
,,,,,,,,,,,
,,,,,,,,,,,
,,,,,,,,,,,
,,,,,,,,,,,
,,,,,,,,,,,
,,,,,,,,,,,
,,,,,,,,,,,
,,,,,,,,,,,
,,,,,,,,,,,
,,,,,,,,,,,
,,,,,,,,,,,
,,,,,,,,,,,
,,,,,,,,,,,
,,,,,,,,,,,
,,,,,,,,,,,
,,,,,,,,,,,
,,,,,,,,,,,
,,,,,,,,,,,
,,,,,,,,,,,
,,,,,,,,,,,
,,,,,,,,,,,
,,,,,,,,,,,
,,,,,,,,,,,
,,,,,,,,,,,
,,,,,,,,,,,
,,,,,,,,,,,
,,,,,,,,,,,
,,,,,,,,,,,
,,,,,,,,,,,
,,,,,,,,,,,
,,,,,,,,,,,
,,,,,,,,,,,
,,,,,,,,,,,
,,,,,,,,,,,
,,,,,,,,,,,
,,,,,,,,,,,
,,,,,,,,,,,
,,,,,,,,,,,
,,,,,,,,,,,
,,,,,,,,,,,
,,,,,,,,,,,
,,,,,,,,,,,
,,,,,,,,,,,
,,,,,,,,,,,
,,,,,,,,,,,
,,,,,,,,,,,
,,,,,,,,,,,
,,,,,,,,,,,
,,,,,,,,,,,
,,,,,,,,,,,
,,,,,,,,,,,
,,,,,,,,,,,
,,,,,,,,,,,
,,,,,,,,,,,
,,,,,,,,,,,
,,,,,,,,,,,
,,,,,,,,,,,
,,,,,,,,,,,
,,,,,,,,,,,
,,,,,,,,,,,
,,,,,,,,,,,
,,,,,,,,,,,
,,,,,,,,,,,
,,,,,,,,,,,
,,,,,,,,,,,
,,,,,,,,,,,
,,,,,,,,,,,
,,,,,,,,,,,
,,,,,,,,,,,
,,,,,,,,,,,
,,,,,,,,,,,
,,,,,,,,,,,
,,,,,,,,,,,
,,,,,,,,,,,
,,,,,,,,,,,
,,,,,,,,,,,
,,,,,,,,,,,
,,,,,,,,,,,
,,,,,,,,,,,
,,,,,,,,,,,
,,,,,,,,,,,
,,,,,,,,,,,
,,,,,,,,,,,
,,,,,,,,,,,
,,,,,,,,,,,
,,,,,,,,,,,
,,,,,,,,,,,
,,,,,,,,,,,
,,,,,,,,,,,
,,,,,,,,,,,
,,,,,,,,,,,
,,,,,,,,,,,
,,,,,,,,,,,
,,,,,,,,,,,
,,,,,,,,,,,
,,,,,,,,,,,
,,,,,,,,,,,
,,,,,,,,,,,
,,,,,,,,,,,
,,,,,,,,,,,
,,,,,,,,,,,
,,,,,,,,,,,
,,,,,,,,,,,
,,,,,,,,,,,
,,,,,,,,,,,
,,,,,,,,,,,
,,,,,,,,,,,
,,,,,,,,,,,
,,,,,,,,,,,
,,,,,,,,,,,
,,,,,,,,,,,
,,,,,,,,,,,
,,,,,,,,,,,
,,,,,,,,,,,
,,,,,,,,,,,
,,,,,,,,,,,
,,,,,,,,,,,
,,,,,,,,,,,
,,,,,,,,,,,
,,,,,,,,,,,
,,,,,,,,,,,
,,,,,,,,,,,
,,,,,,,,,,,
,,,,,,,,,,,
,,,,,,,,,,,
,,,,,,,,,,,
,,,,,,,,,,,
,,,,,,,,,,,
,,,,,,,,,,,
,,,,,,,,,,,
,,,,,,,,,,,
,,,,,,,,,,,
,,,,,,,,,,,
,,,,,,,,,,,
,,,,,,,,,,,
,,,,,,,,,,,
,,,,,,,,,,,
,,,,,,,,,,,
,,,,,,,,,,,
,,,,,,,,,,,
,,,,,,,,,,,
,,,,,,,,,,,
,,,,,,,,,,,
,,,,,,,,,,,
,,,,,,,,,,,
,,,,,,,,,,,
,,,,,,,,,,,
,,,,,,,,,,,
,,,,,,,,,,,
,,,,,,,,,,,
,,,,,,,,,,,
,,,,,,,,,,,
,,,,,,,,,,,
,,,,,,,,,,,
,,,,,,,,,,,
,,,,,,,,,,,
,,,,,,,,,,,
,,,,,,,,,,,
,,,,,,,,,,,
,,,,,,,,,,,
,,,,,,,,,,,
,,,,,,,,,,,
,,,,,,,,,,,
,,,,,,,,,,,
,,,,,,,,,,,
,,,,,,,,,,,
,,,,,,,,,,,
,,,,,,,,,,,
,,,,,,,,,,,
,,,,,,,,,,,
,,,,,,,,,,,
,,,,,,,,,,,
,,,,,,,,,,,
,,,,,,,,,,,
,,,,,,,,,,,
,,,,,,,,,,,
,,,,,,,,,,,
,,,,,,,,,,,
,,,,,,,,,,,
,,,,,,,,,,,
,,,,,,,,,,,
,,,,,,,,,,,
,,,,,,,,,,,
,,,,,,,,,,,
,,,,,,,,,,,
,,,,,,,,,,,
,,,,,,,,,,,
,,,,,,,,,,,
,,,,,,,,,,,
,,,,,,,,,,,
,,,,,,,,,,,
,,,,,,,,,,,
,,,,,,,,,,,
,,,,,,,,,,,
,,,,,,,,,,,
,,,,,,,,,,,
,,,,,,,,,,,
,,,,,,,,,,,
,,,,,,,,,,,
,,,,,,,,,,,
,,,,,,,,,,,
,,,,,,,,,,,
,,,,,,,,,,,
,,,,,,,,,,,
,,,,,,,,,,,
,,,,,,,,,,,
,,,,,,,,,,,
,,,,,,,,,,,
,,,,,,,,,,,
,,,,,,,,,,,
,,,,,,,,,,,
,,,,,,,,,,,
,,,,,,,,,,,
,,,,,,,,,,,
,,,,,,,,,,,
,,,,,,,,,,,
,,,,,,,,,,,
,,,,,,,,,,,
,,,,,,,,,,,
,,,,,,,,,,,
,,,,,,,,,,,
,,,,,,,,,,,
,,,,,,,,,,,
,,,,,,,,,,,
,,,,,,,,,,,
,,,,,,,,,,,
,,,,,,,,,,,
,,,,,,,,,,,
,,,,,,,,,,,
,,,,,,,,,,,
,,,,,,,,,,,
,,,,,,,,,,,
,,,,,,,,,,,
,,,,,,,,,,,
,,,,,,,,,,,
,,,,,,,,,,,
,,,,,,,,,,,
,,,,,,,,,,,
,,,,,,,,,,,
,,,,,,,,,,,
,,,,,,,,,,,
,,,,,,,,,,,
,,,,,,,,,,,
,,,,,,,,,,,
,,,,,,,,,,,
,,,,,,,,,,,
,,,,,,,,,,,
,,,,,,,,,,,
,,,,,,,,,,,
,,,,,,,,,,,
,,,,,,,,,,,
,,,,,,,,,,,
,,,,,,,,,,,
,,,,,,,,,,,
,,,,,,,,,,,
,,,,,,,,,,,
,,,,,,,,,,,
,,,,,,,,,,,
,,,,,,,,,,,
,,,,,,,,,,,
,,,,,,,,,,,
,,,,,,,,,,,
,,,,,,,,,,,
,,,,,,,,,,,
,,,,,,,,,,,
,,,,,,,,,,,
,,,,,,,,,,,
,,,,,,,,,,,
,,,,,,,,,,,
,,,,,,,,,,,
,,,,,,,,,,,
,,,,,,,,,,,
,,,,,,,,,,,
,,,,,,,,,,,
,,,,,,,,,,,
,,,,,,,,,,,
,,,,,,,,,,,
,,,,,,,,,,,
,,,,,,,,,,,
,,,,,,,,,,,
,,,,,,,,,,,
,,,,,,,,,,,
,,,,,,,,,,,
,,,,,,,,,,,
,,,,,,,,,,,
,,,,,,,,,,,
,,,,,,,,,,,
,,,,,,,,,,,
,,,,,,,,,,,
,,,,,,,,,,,
,,,,,,,,,,,
,,,,,,,,,,,
,,,,,,,,,,,
,,,,,,,,,,,
,,,,,,,,,,,
,,,,,,,,,,,
,,,,,,,,,,,
,,,,,,,,,,,
,,,,,,,,,,,
,,,,,,,,,,,
,,,,,,,,,,,
,,,,,,,,,,,
,,,,,,,,,,,
,,,,,,,,,,,
,,,,,,,,,,,
,,,,,,,,,,,
,,,,,,,,,,,
,,,,,,,,,,,
,,,,,,,,,,,
,,,,,,,,,,,
,,,,,,,,,,,
,,,,,,,,,,,
,,,,,,,,,,,
,,,,,,,,,,,
,,,,,,,,,,,
,,,,,,,,,,,
,,,,,,,,,,,
,,,,,,,,,,,
,,,,,,,,,,,
,,,,,,,,,,,
,,,,,,,,,,,
,,,,,,,,,,,
,,,,,,,,,,,
,,,,,,,,,,,
,,,,,,,,,,,
,,,,,,,,,,,
,,,,,,,,,,,
,,,,,,,,,,,
,,,,,,,,,,,
,,,,,,,,,,,
,,,,,,,,,,,
,,,,,,,,,,,
,,,,,,,,,,,
,,,,,,,,,,,
,,,,,,,,,,,
,,,,,,,,,,,
,,,,,,,,,,,
,,,,,,,,,,,
,,,,,,,,,,,
,,,,,,,,,,,
,,,,,,,,,,,
,,,,,,,,,,,
,,,,,,,,,,,
,,,,,,,,,,,
,,,,,,,,,,,
,,,,,,,,,,,
,,,,,,,,,,,
,,,,,,,,,,,
,,,,,,,,,,,
,,,,,,,,,,,
,,,,,,,,,,,
,,,,,,,,,,,
,,,,,,,,,,,
,,,,,,,,,,,
,,,,,,,,,,,
,,,,,,,,,,,
,,,,,,,,,,,
,,,,,,,,,,,
,,,,,,,,,,,
,,,,,,,,,,,
,,,,,,,,,,,
,,,,,,,,,,,
,,,,,,,,,,,
,,,,,,,,,,,
,,,,,,,,,,,
,,,,,,,,,,,
,,,,,,,,,,,
,,,,,,,,,,,
,,,,,,,,,,,
,,,,,,,,,,,
,,,,,,,,,,,
,,,,,,,,,,,
,,,,,,,,,,,
,,,,,,,,,,,
,,,,,,,,,,,
,,,,,,,,,,,
,,,,,,,,,,,
,,,,,,,,,,,
,,,,,,,,,,,
,,,,,,,,,,,
,,,,,,,,,,,
,,,,,,,,,,,
,,,,,,,,,,,
,,,,,,,,,,,
,,,,,,,,,,,
,,,,,,,,,,,
,,,,,,,,,,,
,,,,,,,,,,,
,,,,,,,,,,,
,,,,,,,,,,,
,,,,,,,,,,,
,,,,,,,,,,,
,,,,,,,,,,,
,,,,,,,,,,,
,,,,,,,,,,,
,,,,,,,,,,,
,,,,,,,,,,,
,,,,,,,,,,,
,,,,,,,,,,,
,,,,,,,,,,,
,,,,,,,,,,,
,,,,,,,,,,,
,,,,,,,,,,,
,,,,,,,,,,,
,,,,,,,,,,,
,,,,,,,,,,,
,,,,,,,,,,,
,,,,,,,,,,,
,,,,,,,,,,,
,,,,,,,,,,,
,,,,,,,,,,,
,,,,,,,,,,,
,,,,,,,,,,,
,,,,,,,,,,,
,,,,,,,,,,,
,,,,,,,,,,,
,,,,,,,,,,,
,,,,,,,,,,,
,,,,,,,,,,,
,,,,,,,,,,,
,,,,,,,,,,,
,,,,,,,,,,,
,,,,,,,,,,,
,,,,,,,,,,,
,,,,,,,,,,,
,,,,,,,,,,,
,,,,,,,,,,,
,,,,,,,,,,,
,,,,,,,,,,,
,,,,,,,,,,,
,,,,,,,,,,,
,,,,,,,,,,,
,,,,,,,,,,,
,,,,,,,,,,,
,,,,,,,,,,,
,,,,,,,,,,,
,,,,,,,,,,,
,,,,,,,,,,,
,,,,,,,,,,,
,,,,,,,,,,,
,,,,,,,,,,,
,,,,,,,,,,,
,,,,,,,,,,,
,,,,,,,,,,,
,,,,,,,,,,,
,,,,,,,,,,,
,,,,,,,,,,,
,,,,,,,,,,,
,,,,,,,,,,,
,,,,,,,,,,,
,,,,,,,,,,,
,,,,,,,,,,,
,,,,,,,,,,,
,,,,,,,,,,,
,,,,,,,,,,,
,,,,,,,,,,,
,,,,,,,,,,,
,,,,,,,,,,,
,,,,,,,,,,,
,,,,,,,,,,,
,,,,,,,,,,,
,,,,,,,,,,,
,,,,,,,,,,,
,,,,,,,,,,,
,,,,,,,,,,,
,,,,,,,,,,,
,,,,,,,,,,,
,,,,,,,,,,,
,,,,,,,,,,,
,,,,,,,,,,,
,,,,,,,,,,,
,,,,,,,,,,,
,,,,,,,,,,,
,,,,,,,,,,,
,,,,,,,,,,,
,,,,,,,,,,,
,,,,,,,,,,,
,,,,,,,,,,,
,,,,,,,,,,,
,,,,,,,,,,,
,,,,,,,,,,,
,,,,,,,,,,,
,,,,,,,,,,,
,,,,,,,,,,,
,,,,,,,,,,,
,,,,,,,,,,,
,,,,,,,,,,,
,,,,,,,,,,,
,,,,,,,,,,,
,,,,,,,,,,,
,,,,,,,,,,,
,,,,,,,,,,,
,,,,,,,,,,,
,,,,,,,,,,,
,,,,,,,,,,,
,,,,,,,,,,,
,,,,,,,,,,,
,,,,,,,,,,,
,,,,,,,,,,,
,,,,,,,,,,,
,,,,,,,,,,,
,,,,,,,,,,,
,,,,,,,,,,,
,,,,,,,,,,,
,,,,,,,,,,,
,,,,,,,,,,,
,,,,,,,,,,,
,,,,,,,,,,,
,,,,,,,,,,,
,,,,,,,,,,,
,,,,,,,,,,,
,,,,,,,,,,,
,,,,,,,,,,,
,,,,,,,,,,,
,,,,,,,,,,,
,,,,,,,,,,,
,,,,,,,,,,,
,,,,,,,,,,,
,,,,,,,,,,,
,,,,,,,,,,,
,,,,,,,,,,,
,,,,,,,,,,,
,,,,,,,,,,,
,,,,,,,,,,,
,,,,,,,,,,,
,,,,,,,,,,,
,,,,,,,,,,,
,,,,,,,,,,,
,,,,,,,,,,,
,,,,,,,,,,,
,,,,,,,,,,,
,,,,,,,,,,,
,,,,,,,,,,,
,,,,,,,,,,,
,,,,,,,,,,,
,,,,,,,,,,,
,,,,,,,,,,,
,,,,,,,,,,,
,,,,,,,,,,,
,,,,,,,,,,,
,,,,,,,,,,,
,,,,,,,,,,,
,,,,,,,,,,,
,,,,,,,,,,,
,,,,,,,,,,,
,,,,,,,,,,,
,,,,,,,,,,,
,,,,,,,,,,,
,,,,,,,,,,,
,,,,,,,,,,,
,,,,,,,,,,,
,,,,,,,,,,,
,,,,,,,,,,,
,,,,,,,,,,,
,,,,,,,,,,,
,,,,,,,,,,,
,,,,,,,,,,,
,,,,,,,,,,,
,,,,,,,,,,,
,,,,,,,,,,,
,,,,,,,,,,,
,,,,,,,,,,,
,,,,,,,,,,,
,,,,,,,,,,,
,,,,,,,,,,,
,,,,,,,,,,,
,,,,,,,,,,,
,,,,,,,,,,,
,,,,,,,,,,,
,,,,,,,,,,,
,,,,,,,,,,,
,,,,,,,,,,,
,,,,,,,,,,,
,,,,,,,,,,,
,,,,,,,,,,,
,,,,,,,,,,,
,,,,,,,,,,,
,,,,,,,,,,,
,,,,,,,,,,,
,,,,,,,,,,,
,,,,,,,,,,,
,,,,,,,,,,,
,,,,,,,,,,,
,,,,,,,,,,,
,,,,,,,,,,,
,,,,,,,,,,,
,,,,,,,,,,,
,,,,,,,,,,,
,,,,,,,,,,,
,,,,,,,,,,,
,,,,,,,,,,,
,,,,,,,,,,,
,,,,,,,,,,,
,,,,,,,,,,,
,,,,,,,,,,,
,,,,,,,,,,,
,,,,,,,,,,,
,,,,,,,,,,,
,,,,,,,,,,,
,,,,,,,,,,,
,,,,,,,,,,,
,,,,,,,,,,,
,,,,,,,,,,,
,,,,,,,,,,,
,,,,,,,,,,,
,,,,,,,,,,,
,,,,,,,,,,,
,,,,,,,,,,,
,,,,,,,,,,,
,,,,,,,,,,,
,,,,,,,,,,,
,,,,,,,,,,,
,,,,,,,,,,,
,,,,,,,,,,,
,,,,,,,,,,,
,,,,,,,,,,,
,,,,,,,,,,,
,,,,,,,,,,,
,,,,,,,,,,,
,,,,,,,,,,,
,,,,,,,,,,,
,,,,,,,,,,,
,,,,,,,,,,,
,,,,,,,,,,,
,,,,,,,,,,,
,,,,,,,,,,,
,,,,,,,,,,,
,,,,,,,,,,,
,,,,,,,,,,,
,,,,,,,,,,,
,,,,,,,,,,,
,,,,,,,,,,,
,,,,,,,,,,,
,,,,,,,,,,,
,,,,,,,,,,,
,,,,,,,,,,,
,,,,,,,,,,,
,,,,,,,,,,,
,,,,,,,,,,,
,,,,,,,,,,,
,,,,,,,,,,,
,,,,,,,,,,,
,,,,,,,,,,,
,,,,,,,,,,,
,,,,,,,,,,,
,,,,,,,,,,,
,,,,,,,,,,,
,,,,,,,,,,,
,,,,,,,,,,,
,,,,,,,,,,,
,,,,,,,,,,,
,,,,,,,,,,,
,,,,,,,,,,,
,,,,,,,,,,,
,,,,,,,,,,,
,,,,,,,,,,,
,,,,,,,,,,,
,,,,,,,,,,,
,,,,,,,,,,,
,,,,,,,,,,,
,,,,,,,,,,,
,,,,,,,,,,,
,,,,,,,,,,,
,,,,,,,,,,,
,,,,,,,,,,,
,,,,,,,,,,,
,,,,,,,,,,,
,,,,,,,,,,,
,,,,,,,,,,,
,,,,,,,,,,,
,,,,,,,,,,,
,,,,,,,,,,,
,,,,,,,,,,,
,,,,,,,,,,,
,,,,,,,,,,,
,,,,,,,,,,,
,,,,,,,,,,,
,,,,,,,,,,,
,,,,,,,,,,,
,,,,,,,,,,,
,,,,,,,,,,,
,,,,,,,,,,,
,,,,,,,,,,,
,,,,,,,,,,,
,,,,,,,,,,,
,,,,,,,,,,,
,,,,,,,,,,,
,,,,,,,,,,,
,,,,,,,,,,,
,,,,,,,,,,,
,,,,,,,,,,,
,,,,,,,,,,,
,,,,,,,,,,,
,,,,,,,,,,,
,,,,,,,,,,,
,,,,,,,,,,,
,,,,,,,,,,,
,,,,,,,,,,,
,,,,,,,,,,,
,,,,,,,,,,,
,,,,,,,,,,,
,,,,,,,,,,,
,,,,,,,,,,,
,,,,,,,,,,,
,,,,,,,,,,,
,,,,,,,,,,,
,,,,,,,,,,,
,,,,,,,,,,,
,,,,,,,,,,,
,,,,,,,,,,,
,,,,,,,,,,,
,,,,,,,,,,,
,,,,,,,,,,,
,,,,,,,,,,,
,,,,,,,,,,,
,,,,,,,,,,,
,,,,,,,,,,,
,,,,,,,,,,,
,,,,,,,,,,,
,,,,,,,,,,,
,,,,,,,,,,,
,,,,,,,,,,,
,,,,,,,,,,,
,,,,,,,,,,,
,,,,,,,,,,,
,,,,,,,,,,,
,,,,,,,,,,,
,,,,,,,,,,,
,,,,,,,,,,,
,,,,,,,,,,,
,,,,,,,,,,,
,,,,,,,,,,,
,,,,,,,,,,,
,,,,,,,,,,,
,,,,,,,,,,,
,,,,,,,,,,,
,,,,,,,,,,,
,,,,,,,,,,,
,,,,,,,,,,,
,,,,,,,,,,,
,,,,,,,,,,,
,,,,,,,,,,,
,,,,,,,,,,,
,,,,,,,,,,,
,,,,,,,,,,,
,,,,,,,,,,,
,,,,,,,,,,,
,,,,,,,,,,,
,,,,,,,,,,,
,,,,,,,,,,,
,,,,,,,,,,,
,,,,,,,,,,,
,,,,,,,,,,,
,,,,,,,,,,,
,,,,,,,,,,,
,,,,,,,,,,,
,,,,,,,,,,,
,,,,,,,,,,,
,,,,,,,,,,,
,,,,,,,,,,,
,,,,,,,,,,,
,,,,,,,,,,,
,,,,,,,,,,,
,,,,,,,,,,,
,,,,,,,,,,,
,,,,,,,,,,,
,,,,,,,,,,,
,,,,,,,,,,,
,,,,,,,,,,,
,,,,,,,,,,,
,,,,,,,,,,,
,,,,,,,,,,,
,,,,,,,,,,,
,,,,,,,,,,,
,,,,,,,,,,,
,,,,,,,,,,,
,,,,,,,,,,,
,,,,,,,,,,,
,,,,,,,,,,,
,,,,,,,,,,,
,,,,,,,,,,,
,,,,,,,,,,,
,,,,,,,,,,,
,,,,,,,,,,,
,,,,,,,,,,,
,,,,,,,,,,,
,,,,,,,,,,,
,,,,,,,,,,,
,,,,,,,,,,,
,,,,,,,,,,,
,,,,,,,,,,,
,,,,,,,,,,,
,,,,,,,,,,,
,,,,,,,,,,,
,,,,,,,,,,,
,,,,,,,,,,,
,,,,,,,,,,,
,,,,,,,,,,,
,,,,,,,,,,,
,,,,,,,,,,,
,,,,,,,,,,,
,,,,,,,,,,,
,,,,,,,,,,,
,,,,,,,,,,,
,,,,,,,,,,,
,,,,,,,,,,,
,,,,,,,,,,,
,,,,,,,,,,,
,,,,,,,,,,,
,,,,,,,,,,,
,,,,,,,,,,,
,,,,,,,,,,,
,,,,,,,,,,,
,,,,,,,,,,,
,,,,,,,,,,,
,,,,,,,,,,,
,,,,,,,,,,,
,,,,,,,,,,,
,,,,,,,,,,,
,,,,,,,,,,,
,,,,,,,,,,,
,,,,,,,,,,,
,,,,,,,,,,,
,,,,,,,,,,,
,,,,,,,,,,,
,,,,,,,,,,,
,,,,,,,,,,,
,,,,,,,,,,,
,,,,,,,,,,,
,,,,,,,,,,,
,,,,,,,,,,,
,,,,,,,,,,,
,,,,,,,,,,,
,,,,,,,,,,,
,,,,,,,,,,,
,,,,,,,,,,,
,,,,,,,,,,,
,,,,,,,,,,,
,,,,,,,,,,,
,,,,,,,,,,,
,,,,,,,,,,,
,,,,,,,,,,,
,,,,,,,,,,,
,,,,,,,,,,,
,,,,,,,,,,,
,,,,,,,,,,,
,,,,,,,,,,,
,,,,,,,,,,,
,,,,,,,,,,,
,,,,,,,,,,,
,,,,,,,,,,,
,,,,,,,,,,,
,,,,,,,,,,,
,,,,,,,,,,,
,,,,,,,,,,,
,,,,,,,,,,,
,,,,,,,,,,,
,,,,,,,,,,,
,,,,,,,,,,,
,,,,,,,,,,,
,,,,,,,,,,,
,,,,,,,,,,,
,,,,,,,,,,,
,,,,,,,,,,,
,,,,,,,,,,,
,,,,,,,,,,,
,,,,,,,,,,,
,,,,,,,,,,,
,,,,,,,,,,,
,,,,,,,,,,,
,,,,,,,,,,,
,,,,,,,,,,,
,,,,,,,,,,,
,,,,,,,,,,,
,,,,,,,,,,,
,,,,,,,,,,,
,,,,,,,,,,,
,,,,,,,,,,,
,,,,,,,,,,,
,,,,,,,,,,,
,,,,,,,,,,,
,,,,,,,,,,,
,,,,,,,,,,,
,,,,,,,,,,,
,,,,,,,,,,,
,,,,,,,,,,,
,,,,,,,,,,,
,,,,,,,,,,,
,,,,,,,,,,,
,,,,,,,,,,,
,,,,,,,,,,,
,,,,,,,,,,,
,,,,,,,,,,,
,,,,,,,,,,,
,,,,,,,,,,,
,,,,,,,,,,,
,,,,,,,,,,,
,,,,,,,,,,,
,,,,,,,,,,,
,,,,,,,,,,,
,,,,,,,,,,,
,,,,,,,,,,,
,,,,,,,,,,,
,,,,,,,,,,,
,,,,,,,,,,,
,,,,,,,,,,,
,,,,,,,,,,,
,,,,,,,,,,,
,,,,,,,,,,,
,,,,,,,,,,,
,,,,,,,,,,,
,,,,,,,,,,,
,,,,,,,,,,,
,,,,,,,,,,,
,,,,,,,,,,,
,,,,,,,,,,,
,,,,,,,,,,,
,,,,,,,,,,,
,,,,,,,,,,,
,,,,,,,,,,,
,,,,,,,,,,,
,,,,,,,,,,,
,,,,,,,,,,,
,,,,,,,,,,,
,,,,,,,,,,,
,,,,,,,,,,,
,,,,,,,,,,,
,,,,,,,,,,,
,,,,,,,,,,,
,,,,,,,,,,,
,,,,,,,,,,,
,,,,,,,,,,,
,,,,,,,,,,,
,,,,,,,,,,,
,,,,,,,,,,,
,,,,,,,,,,,
,,,,,,,,,,,
,,,,,,,,,,,
,,,,,,,,,,,
,,,,,,,,,,,
,,,,,,,,,,,
,,,,,,,,,,,
,,,,,,,,,,,
,,,,,,,,,,,
,,,,,,,,,,,
,,,,,,,,,,,
,,,,,,,,,,,
,,,,,,,,,,,
,,,,,,,,,,,
,,,,,,,,,,,
,,,,,,,,,,,
,,,,,,,,,,,
,,,,,,,,,,,
,,,,,,,,,,,
,,,,,,,,,,,
,,,,,,,,,,,
,,,,,,,,,,,
,,,,,,,,,,,
,,,,,,,,,,,
,,,,,,,,,,,
,,,,,,,,,,,
,,,,,,,,,,,
,,,,,,,,,,,
,,,,,,,,,,,
,,,,,,,,,,,
,,,,,,,,,,,
,,,,,,,,,,,
,,,,,,,,,,,
,,,,,,,,,,,
,,,,,,,,,,,
,,,,,,,,,,,
,,,,,,,,,,,
,,,,,,,,,,,
,,,,,,,,,,,
,,,,,,,,,,,
,,,,,,,,,,,
,,,,,,,,,,,
,,,,,,,,,,,
,,,,,,,,,,,
,,,,,,,,,,,
,,,,,,,,,,,
,,,,,,,,,,,
,,,,,,,,,,,
,,,,,,,,,,,
,,,,,,,,,,,
,,,,,,,,,,,
,,,,,,,,,,,
,,,,,,,,,,,
,,,,,,,,,,,
,,,,,,,,,,,
,,,,,,,,,,,
,,,,,,,,,,,
,,,,,,,,,,,
,,,,,,,,,,,
,,,,,,,,,,,
,,,,,,,,,,,
,,,,,,,,,,,
,,,,,,,,,,,
,,,,,,,,,,,
,,,,,,,,,,,
,,,,,,,,,,,
,,,,,,,,,,,
,,,,,,,,,,,
,,,,,,,,,,,
,,,,,,,,,,,
,,,,,,,,,,,
,,,,,,,,,,,
,,,,,,,,,,,
,,,,,,,,,,,
,,,,,,,,,,,
,,,,,,,,,,,
,,,,,,,,,,,
,,,,,,,,,,,
,,,,,,,,,,,
,,,,,,,,,,,
,,,,,,,,,,,
,,,,,,,,,,,
,,,,,,,,,,,
,,,,,,,,,,,
,,,,,,,,,,,
,,,,,,,,,,,
,,,,,,,,,,,
,,,,,,,,,,,
,,,,,,,,,,,
,,,,,,,,,,,
,,,,,,,,,,,
,,,,,,,,,,,
,,,,,,,,,,,
,,,,,,,,,,,
,,,,,,,,,,,
,,,,,,,,,,,
,,,,,,,,,,,
,,,,,,,,,,,
,,,,,,,,,,,
,,,,,,,,,,,
,,,,,,,,,,,
,,,,,,,,,,,
